Date,ADRO.JK,BBCA.JK,SMGR.JK,TLKM.JK
2020-06-02,328.18170166015625,4515.49658203125,8238.693359375,2201.510009765625
2020-06-03,333.9140319824219,4869.32275390625,8217.5166015625,2228.605712890625
2020-06-04,333.6549072265625,4877.7470703125,8132.7978515625,2235.379638671875
2020-06-05,327.69677734375,4822.98779296875,7984.5439453125,2187.962890625
2020-06-08,345.5711364746094,4970.41552734375,8598.740234375,2187.962890625
2020-06-09,351.5292663574219,4890.384765625,8005.72265625,2126.99755859375
2020-06-10,327.69677734375,4886.171875,7815.111328125,2106.67626953125
2020-06-11,318.75958251953125,4785.07861328125,8005.72265625,2086.3544921875
2020-06-12,315.780517578125,4776.654296875,7963.36474609375,2052.4853515625
2020-06-15,303.8642272949219,4633.439453125,7984.5439453125,2093.12841796875
2020-06-16,320.24908447265625,4852.47412109375,8238.693359375,2167.640869140625
2020-06-17,318.75958251953125,4818.7763671875,8153.97802734375,2174.41455078125
2020-06-18,306.84332275390625,4705.04638671875,7899.8271484375,2221.831787109375
2020-06-19,309.8223571777344,4696.62255859375,8048.08154296875,2221.831787109375
2020-06-22,306.84332275390625,4667.13671875,8111.6201171875,2167.640869140625
2020-06-23,299.3956604003906,4734.53125,8090.4404296875,2120.223876953125
2020-06-24,311.3118896484375,4806.1396484375,8026.90185546875,2154.093017578125
2020-06-25,299.3956604003906,4822.98779296875,8005.72265625,2140.54541015625
2020-06-26,302.3747253417969,4755.5927734375,8048.08154296875,2160.8671875
2020-06-29,299.3956604003906,4780.86572265625,8026.90185546875,2154.093017578125
2020-06-30,296.4166564941406,4797.71533203125,8188.83349609375,2171.226806640625
2020-07-01,311.3118896484375,4886.171875,8210.1025390625,2164.10791015625
2020-07-02,312.8014221191406,4945.14208984375,8188.83349609375,2235.295654296875
2020-07-03,309.8223571777344,4945.14208984375,8316.451171875,2221.05810546875
2020-07-06,317.2700500488281,4999.90185546875,8465.3388671875,2171.226806640625
2020-07-07,312.8014221191406,5046.23583984375,8231.3720703125,2221.05810546875
2020-07-08,317.2700500488281,5223.14892578125,8273.912109375,2242.41455078125
2020-07-09,326.207275390625,5138.90478515625,8082.484375,2213.939697265625
2020-07-10,323.2281799316406,5223.14892578125,8018.6748046875,2213.939697265625
2020-07-13,344.08160400390625,5202.08740234375,7954.86572265625,2199.701904296875
2020-07-14,344.08160400390625,5223.14892578125,8210.1025390625,2192.583251953125
2020-07-15,336.6339416503906,5181.02734375,8039.94384765625,2199.701904296875
2020-07-16,330.67584228515625,5206.30029296875,7997.4052734375,2206.8203125
2020-07-17,344.08160400390625,5155.7529296875,7954.86572265625,2178.345458984375
2020-07-20,336.6339416503906,5172.6015625,8039.94384765625,2178.345458984375
2020-07-21,338.12347412109375,5223.14892578125,8061.21435546875,2178.345458984375
2020-07-22,335.1444091796875,5206.30029296875,8167.5634765625,2185.46435546875
2020-07-23,336.6339416503906,5223.14892578125,8039.94384765625,2185.46435546875
2020-07-24,324.7176818847656,5138.90478515625,7891.05712890625,2149.870361328125
2020-07-27,330.67584228515625,5138.90478515625,7976.1357421875,2164.10791015625
2020-07-28,324.7176818847656,5210.51220703125,7997.4052734375,2149.870361328125
2020-07-29,323.2281799316406,5168.3896484375,8061.21435546875,2135.633056640625
2020-07-30,323.2281799316406,5256.8466796875,7848.51806640625,2171.226806640625
2020-08-03,306.84332275390625,5164.177734375,7763.43896484375,2078.682861328125
2020-08-04,308.33282470703125,5231.5732421875,7827.2490234375,2100.0390625
2020-08-05,312.8014221191406,5227.361328125,8039.94384765625,2149.870361328125
2020-08-06,332.16534423828125,5273.69482421875,8167.5634765625,2149.870361328125
2020-08-07,326.207275390625,5206.30029296875,8231.3720703125,2121.395263671875
2020-08-10,339.6130065917969,5155.7529296875,8167.5634765625,2114.27685546875
2020-08-11,342.59210205078125,5202.08740234375,8167.5634765625,2085.80126953125
2020-08-12,333.6549072265625,5273.69482421875,8380.259765625,2100.0390625
2020-08-13,332.16534423828125,5307.39306640625,8273.912109375,2142.751708984375
2020-08-14,332.16534423828125,5395.8505859375,8082.484375,2156.989501953125
2020-08-18,332.16534423828125,5357.939453125,8295.1806640625,2171.226806640625
2020-08-19,332.16534423828125,5332.6669921875,8125.02392578125,2135.633056640625
2020-08-24,326.207275390625,5320.02978515625,8252.6416015625,2135.633056640625
2020-08-25,327.69677734375,5362.15234375,8763.1142578125,2121.395263671875
2020-08-26,330.67584228515625,5341.09130859375,8890.732421875,2149.870361328125
2020-08-27,335.1444091796875,5560.126953125,9082.1591796875,2128.51416015625
2020-08-28,341.1025695800781,5471.66943359375,9060.890625,2107.157958984375
2020-08-31,323.2281799316406,5286.33251953125,8975.8125,2035.9700927734375
2020-09-01,339.6130065917969,5492.72998046875,9358.6669921875,2064.445068359375
2020-09-02,361.95599365234375,5421.12353515625,9103.4287109375,2100.0390625
2020-09-03,358.9769287109375,5475.88232421875,8954.5419921875,2064.445068359375
2020-09-04,358.9769287109375,5374.7880859375,8805.6552734375,2035.9700927734375
2020-09-07,372.3826904296875,5294.75634765625,8997.08203125,2064.445068359375
2020-09-08,369.40362548828125,5336.87890625,8678.0361328125,2035.9700927734375
2020-09-09,357.4873962402344,5261.05908203125,8592.9580078125,1993.2574462890625
2020-09-10,333.6549072265625,4894.5966796875,7997.4052734375,1922.0697021484375
2020-09-11,351.5292663574219,4974.6279296875,7997.4052734375,2000.3760986328125
2020-09-14,357.4873962402344,5096.78271484375,8380.259765625,2057.326171875
2020-09-15,354.5083312988281,4936.71875,8188.83349609375,2014.6134033203125
2020-09-16,341.1025695800781,4844.048828125,7997.4052734375,1986.138427734375
2020-09-17,336.6339416503906,4848.26171875,7912.32763671875,2007.4951171875
2020-09-18,341.1025695800781,4742.9560546875,7933.5966796875,2057.326171875
2020-09-21,341.1025695800781,4721.8955078125,7827.2490234375,2000.3760986328125
2020-09-22,345.5711364746094,4591.31640625,7678.35986328125,1979.0198974609375
2020-09-23,345.5711364746094,4637.6513671875,7572.01171875,1993.2574462890625
2020-09-24,336.6339416503906,4587.10400390625,7486.93212890625,1943.4259033203125
2020-09-25,339.6130065917969,4726.107421875,7486.93212890625,1914.950927734375
2020-09-28,336.6339416503906,4646.07568359375,7763.43896484375,1893.5947265625
2020-09-29,347.0606689453125,4637.6513671875,7742.169921875,1872.238037109375
2020-09-30,338.12347412109375,4566.04345703125,7805.978515625,1822.4068603515625
2020-10-01,351.5292663574219,4692.41015625,8146.29443359375,1957.6634521484375
2020-10-02,339.6130065917969,4637.6513671875,8039.94384765625,1907.83203125
2020-10-05,335.1444091796875,4650.287109375,8039.94384765625,1886.4757080078125
2020-10-06,335.1444091796875,4801.9267578125,8018.6748046875,1886.4757080078125
2020-10-07,336.6339416503906,4848.26171875,8061.21435546875,1893.5947265625
2020-10-08,336.6339416503906,4869.32275390625,8210.1025390625,1922.0697021484375
2020-10-09,332.16534423828125,4865.11083984375,7976.1357421875,1943.4259033203125
2020-10-12,330.67584228515625,4932.505859375,7997.4052734375,1943.4259033203125
2020-10-13,342.59210205078125,4932.505859375,7954.86572265625,1943.4259033203125
2020-10-14,353.0188293457031,4970.41552734375,7912.32763671875,2000.3760986328125
2020-10-15,344.08160400390625,4873.53515625,7742.169921875,1979.0198974609375
2020-10-16,363.44549560546875,4852.47412109375,7805.978515625,1957.6634521484375
2020-10-19,363.44549560546875,4970.41552734375,7805.978515625,1929.188232421875
2020-10-20,360.46636962890625,4890.384765625,8061.21435546875,1900.7132568359375
2020-10-21,357.4873962402344,4869.32275390625,8082.484375,1907.83203125
2020-10-22,345.5711364746094,4886.171875,7933.5966796875,1922.0697021484375
2020-10-23,341.1025695800781,4860.89892578125,8018.6748046875,1872.238037109375
2020-10-26,341.1025695800781,4898.80859375,8167.5634765625,1886.4757080078125
2020-10-27,335.1444091796875,4877.7470703125,8146.29443359375,1865.119384765625
2020-11-02,336.6339416503906,4903.02099609375,7763.43896484375,1822.4068603515625
2020-11-03,341.1025695800781,4961.9921875,7593.28173828125,1836.6441650390625
2020-11-04,330.67584228515625,4903.02099609375,7763.43896484375,1836.6441650390625
2020-11-05,339.6130065917969,5181.02734375,8465.3388671875,1971.90087890625
2020-11-06,339.6130065917969,5307.39306640625,8805.6552734375,2014.6134033203125
2020-11-09,336.6339416503906,5294.75634765625,8699.3046875,2050.20751953125
2020-11-10,339.6130065917969,5459.033203125,9018.3515625,2035.9700927734375
2020-11-11,358.9769287109375,5509.58056640625,9528.82421875,2192.583251953125
2020-11-12,350.03973388671875,5408.48681640625,9635.171875,2164.10791015625
2020-11-13,347.0606689453125,5383.21240234375,9528.82421875,2128.51416015625
2020-11-16,355.9978942871094,5459.033203125,9316.1259765625,2185.46435546875
2020-11-17,351.5292663574219,5518.00537109375,9337.396484375,2292.24609375
2020-11-18,354.5083312988281,5534.85302734375,9486.2841796875,2263.770751953125
2020-11-19,369.40362548828125,5572.7626953125,9486.2841796875,2256.65234375
2020-11-20,361.95599365234375,5560.126953125,9656.4423828125,2292.24609375
2020-11-23,384.2989501953125,5560.126953125,10294.533203125,2363.43359375
2020-11-24,387.27801513671875,5530.64111328125,9975.4873046875,2384.790283203125
2020-11-25,387.27801513671875,5400.0625,10124.3759765625,2334.95849609375
2020-11-26,405.1524353027344,5459.033203125,10145.6455078125,2470.21533203125
2020-11-27,414.0895690917969,5379.00146484375,10145.6455078125,2463.0966796875
2020-11-30,414.0895690917969,5227.361328125,9954.216796875,2299.364990234375
2020-12-01,414.0895690917969,5387.42529296875,10209.453125,2306.4833984375
2020-12-02,414.0895690917969,5433.76025390625,10166.9150390625,2370.552490234375
2020-12-03,409.62091064453125,5442.18505859375,10209.453125,2349.196044921875
2020-12-04,427.495361328125,5383.21240234375,9932.9482421875,2313.60205078125
2020-12-07,442.3905944824219,5492.72998046875,9996.7568359375,2370.552490234375
2020-12-08,460.2649841308594,5467.4580078125,9847.869140625,2349.196044921875
2020-12-10,460.2649841308594,5555.84423828125,9954.216796875,2320.72119140625
2020-12-11,457.2859802246094,5691.0439453125,9762.791015625,2334.95849609375
2020-12-14,467.712646484375,5762.8681640625,10209.453125,2363.43359375
2020-12-15,455.79644775390625,5737.5185546875,10422.1513671875,2455.977783203125
2020-12-16,463.244140625,5872.71630859375,10719.9267578125,2569.878173828125
2020-12-17,443.8802185058594,5860.04296875,10996.43359375,2520.047119140625
2020-12-18,440.90106201171875,5745.96826171875,10677.3876953125,2498.6904296875
2020-12-21,463.244140625,5771.318359375,10634.8486328125,2505.809326171875
2020-12-22,437.9220275878906,5674.14404296875,10592.3095703125,2391.908935546875
2020-12-23,443.8802185058594,5682.59326171875,10507.23046875,2363.43359375
2020-12-28,448.3487243652344,5729.068359375,10677.3876953125,2441.740234375
2020-12-29,443.8802185058594,5716.3935546875,10698.6572265625,2434.62158203125
2020-12-30,426.0058288574219,5720.61767578125,10571.0390625,2356.31494140625
2021-01-04,433.4534912109375,5775.54248046875,10698.6572265625,2484.453125
2021-01-05,424.5162353515625,5991.017578125,10549.7705078125,2470.21533203125
2021-01-06,409.62091064453125,5868.49267578125,10230.7236328125,2399.02734375
2021-01-07,418.55816650390625,5885.392578125,10464.69140625,2413.26513671875
2021-01-08,430.474365234375,5957.21728515625,10485.9599609375,2541.4033203125
2021-01-11,454.3068542480469,6206.49072265625,10230.7236328125,2562.75927734375
2021-01-12,439.4114990234375,6050.16650390625,10315.802734375,2498.6904296875
2021-01-13,451.3277587890625,6016.36669921875,10251.9931640625,2477.334228515625
2021-01-14,445.36962890625,5931.8671875,10145.6455078125,2491.57177734375
2021-01-15,433.4534912109375,5876.9423828125,10166.9150390625,2477.334228515625
2021-01-18,428.9848327636719,6016.36669921875,10762.466796875,2455.977783203125
2021-01-19,421.53717041015625,5995.2421875,10549.7705078125,2427.502685546875
2021-01-20,421.53717041015625,5995.2421875,10592.3095703125,2470.21533203125
2021-01-21,420.0476989746094,5978.34228515625,10422.1513671875,2477.334228515625
2021-01-22,402.17333984375,5982.56640625,10337.072265625,2413.26513671875
2021-01-25,385.7884826660156,5944.54296875,10018.0263671875,2399.02734375
2021-01-26,375.36175537109375,5762.8681640625,9996.7568359375,2320.72119140625
2021-01-27,370.8930969238281,5737.5185546875,9847.869140625,2406.146728515625
2021-01-28,357.4873962402344,5830.4677734375,9592.6328125,2306.4833984375
2021-01-29,357.4873962402344,5712.16748046875,9018.3515625,2213.939697265625
2021-02-01,366.42449951171875,5762.8681640625,9805.330078125,2299.364990234375
2021-02-02,357.4873962402344,5745.96826171875,9316.1259765625,2327.840087890625
2021-02-03,348.55023193359375,5767.09326171875,9252.318359375,2306.4833984375
2021-02-04,347.0606689453125,5792.443359375,9039.6220703125,2342.0771484375
2021-02-05,360.46636962890625,5843.142578125,9571.36328125,2342.0771484375
2021-02-08,363.44549560546875,5847.3681640625,9401.2060546875,2334.95849609375
2021-02-09,360.46636962890625,5898.0673828125,9273.587890625,2278.00830078125
2021-02-10,357.4873962402344,5847.3681640625,9401.2060546875,2270.8896484375
2021-02-11,361.95599365234375,5813.56787109375,9316.1259765625,2270.8896484375
2021-02-15,361.95599365234375,5745.96826171875,9507.5537109375,2292.24609375
2021-02-16,360.46636962890625,5864.26708984375,9379.9365234375,2285.126953125
2021-02-17,351.5292663574219,5830.4677734375,9337.396484375,2242.41455078125
2021-02-18,350.03973388671875,5691.0439453125,9103.4287109375,2263.770751953125
2021-02-19,351.5292663574219,5767.09326171875,9145.96875,2285.126953125
2021-02-22,360.46636962890625,5737.5185546875,8954.5419921875,2256.65234375
2021-02-23,358.9769287109375,5767.09326171875,8890.732421875,2470.21533203125
2021-02-24,353.0188293457031,5682.59326171875,8741.8447265625,2477.334228515625
2021-02-25,357.4873962402344,5665.6943359375,8784.3837890625,2484.453125
2021-02-26,351.5292663574219,5669.9189453125,8678.0361328125,2484.453125
2021-03-01,353.0188293457031,5952.99267578125,9082.1591796875,2484.453125
2021-03-02,353.0188293457031,5927.6416015625,9954.216796875,2463.0966796875
2021-03-03,353.0188293457031,5914.966796875,9635.171875,2448.859130859375
2021-03-04,363.44549560546875,5678.36865234375,9528.82421875,2391.908935546875
2021-03-05,351.5292663574219,5745.96826171875,9528.82421875,2363.43359375
2021-03-08,350.03973388671875,5678.36865234375,9294.857421875,2377.671142578125
2021-03-09,347.0606689453125,5581.19384765625,9358.6669921875,2342.0771484375
2021-03-10,348.55023193359375,5665.6943359375,9613.9033203125,2420.3837890625
2021-03-12,360.46636962890625,5716.3935546875,9720.2509765625,2455.977783203125
2021-03-15,367.9140930175781,5631.89404296875,9465.0146484375,2406.146728515625
2021-03-16,363.44549560546875,5598.09326171875,9465.0146484375,2391.908935546875
2021-03-17,366.42449951171875,5585.4189453125,9422.4755859375,2413.26513671875
2021-03-18,378.3408203125,5665.6943359375,9677.7119140625,2455.977783203125
2021-03-19,387.27801513671875,5712.16748046875,10039.296875,2448.859130859375
2021-03-22,382.8094177246094,5593.869140625,9869.138671875,2406.146728515625
2021-03-23,387.27801513671875,5547.39404296875,9677.7119140625,2391.908935546875
2021-03-24,364.9350280761719,5441.76904296875,9805.330078125,2399.02734375
2021-03-25,358.9769287109375,5382.61962890625,9592.6328125,2427.502685546875
2021-03-26,363.44549560546875,5420.64501953125,9422.4755859375,2484.453125
2021-03-29,358.9769287109375,5374.169921875,9486.2841796875,2427.502685546875
2021-03-30,350.03973388671875,5403.74462890625,9252.318359375,2406.146728515625
2021-03-31,350.03973388671875,5251.64599609375,8869.462890625,2434.62158203125
2021-04-01,351.5292663574219,5260.095703125,8869.462890625,2413.26513671875
2021-04-05,353.0188293457031,5200.9462890625,8763.1142578125,2406.146728515625
2021-04-06,360.46636962890625,5209.39599609375,8826.9248046875,2399.02734375
2021-04-07,363.44549560546875,5281.22119140625,8805.6552734375,2420.3837890625
2021-04-08,366.42449951171875,5256.71533203125,8882.1708984375,2413.26513671875
2021-04-09,358.9769287109375,5312.4091796875,8990.490234375,2391.908935546875
2021-04-12,351.5292663574219,5196.736328125,8600.541015625,2356.31494140625
2021-04-13,345.5711364746094,5141.04150390625,9098.8095703125,2370.552490234375
2021-04-14,355.9978942871094,5402.3779296875,9575.4140625,2377.671142578125
2021-04-15,354.5083312988281,5380.95654296875,9380.439453125,2391.908935546875
2021-04-16,353.0188293457031,5376.6728515625,9228.7919921875,2391.908935546875
2021-04-19,353.0188293457031,5372.38916015625,9033.818359375,2377.671142578125
2021-04-20,353.0188293457031,5342.3994140625,9142.13671875,2363.43359375
2021-04-21,351.5292663574219,5282.42041015625,9055.4814453125,2334.95849609375
2021-04-22,348.55023193359375,5325.26318359375,8947.162109375,2370.552490234375
2021-04-23,357.4873962402344,5475.2099609375,9012.154296875,2356.31494140625
2021-04-26,360.46636962890625,5385.2412109375,9120.4736328125,2313.60205078125
2021-04-27,360.46636962890625,5488.06298828125,8925.4990234375,2249.533203125
2021-04-28,361.95599365234375,5415.23095703125,9120.4736328125,2235.295654296875
2021-04-29,373.87225341796875,5492.34619140625,9142.13671875,2278.00830078125
2021-04-30,370.8930969238281,5488.06298828125,9033.818359375,2278.00830078125
2021-05-03,369.40362548828125,5475.2099609375,8817.1806640625,2256.65234375
2021-05-04,372.3826904296875,5483.7783203125,8708.8603515625,2285.126953125
2021-05-05,375.9312744140625,5505.1982421875,8795.5166015625,2278.00830078125
2021-05-06,372.7854309082031,5505.1982421875,8687.1962890625,2270.8896484375
2021-05-07,372.7854309082031,5483.7783203125,8492.220703125,2270.8896484375
2021-05-10,375.9312744140625,5500.9150390625,8622.205078125,2256.65234375
2021-05-11,375.9312744140625,5552.32421875,8600.541015625,2263.770751953125
2021-05-17,372.7854309082031,5569.46142578125,8427.2294921875,2270.8896484375
2021-05-18,377.504150390625,5475.2099609375,8253.919921875,2263.770751953125
2021-05-19,369.6394958496094,5436.65234375,8037.2822265625,2249.533203125
2021-05-20,368.0665588378906,5466.64111328125,8253.919921875,2356.31494140625
2021-05-21,366.49359130859375,5449.50390625,8167.2646484375,2327.840087890625
2021-05-24,364.9206848144531,5419.5146484375,7993.9541015625,2320.72119140625
2021-05-25,368.0665588378906,5445.22021484375,8145.6005859375,2349.196044921875
2021-05-27,366.49359130859375,5372.38916015625,8232.255859375,2406.146728515625
2021-05-28,368.0665588378906,5432.3671875,8362.23828125,2327.840087890625
2021-05-31,374.3582763671875,5462.357421875,8405.56640625,2448.859130859375
2021-06-02,396.3794250488281,5539.4716796875,9033.818359375,2455.977783203125
2021-06-03,393.2335205078125,5655.14599609375,9142.13671875,2484.453125
2021-06-04,386.94171142578125,5638.0087890625,8990.490234375,2491.57177734375
2021-06-07,379.07708740234375,5595.1669921875,9012.154296875,2527.16552734375
2021-06-08,380.6499938964844,5509.48291015625,8817.1806640625,2491.57177734375
2021-06-09,382.22296142578125,5595.1669921875,9012.154296875,2534.949951171875
2021-06-10,380.6499938964844,5672.28271484375,8947.162109375,2602.24951171875
2021-06-11,413.6816711425781,5543.75634765625,8947.162109375,2594.77197265625
2021-06-14,416.8274841308594,5492.34619140625,8817.1806640625,2549.905517578125
2021-06-15,412.10870361328125,5543.75634765625,8838.84375,2572.338623046875
2021-06-16,438.8486022949219,5470.9248046875,8838.84375,2549.905517578125
2021-06-17,426.2651062011719,5423.798828125,8578.876953125,2505.039306640625
2021-06-18,412.10870361328125,5419.5146484375,8578.876953125,2505.039306640625
2021-06-21,404.24407958984375,5355.251953125,8665.5322265625,2467.650634765625
2021-06-22,405.8170166015625,5432.3671875,8405.56640625,2467.650634765625
2021-06-23,396.3794250488281,5338.11474609375,8405.56640625,2519.994384765625
2021-06-24,391.6605529785156,5320.9775390625,8427.2294921875,2430.261962890625
2021-06-25,404.24407958984375,5303.84130859375,8427.2294921875,2430.261962890625
2021-06-28,388.51470947265625,5188.16796875,8080.6083984375,2370.439697265625
2021-06-29,382.22296142578125,5179.59912109375,8297.2470703125,2362.96240234375
2021-06-30,379.07708740234375,5162.462890625,8232.255859375,2355.484375
2021-07-01,379.07708740234375,5162.462890625,8145.6005859375,2325.57373046875
2021-07-02,396.3794250488281,5226.7255859375,8058.9462890625,2295.662841796875
2021-07-05,388.51470947265625,5235.29345703125,7972.29052734375,2273.2294921875
2021-07-06,405.8170166015625,5188.16796875,8058.9462890625,2250.79638671875
2021-07-07,393.2335205078125,5196.736328125,7755.6513671875,2265.751708984375
2021-07-08,383.7958984375,5153.89404296875,7668.99560546875,2250.79638671875
2021-07-09,393.2335205078125,5158.17822265625,7712.3232421875,2362.96240234375
2021-07-12,388.51470947265625,5286.70458984375,7625.66796875,2340.529052734375
2021-07-13,386.94171142578125,5179.59912109375,7452.35791015625,2295.662841796875
2021-07-14,383.7958984375,5132.47265625,7387.3662109375,2288.184814453125
2021-07-15,385.3688049316406,5239.578125,7344.03857421875,2340.529052734375
2021-07-16,390.08758544921875,5235.29345703125,7668.99560546875,2370.439697265625
2021-07-19,393.2335205078125,5145.32568359375,7452.35791015625,2407.82861328125
2021-07-21,390.08758544921875,5149.6103515625,7668.99560546875,2400.350830078125
2021-07-22,419.97332763671875,5273.85205078125,7690.65966796875,2437.7392578125
2021-07-23,410.5357666015625,5171.03076171875,7539.01318359375,2370.439697265625
2021-07-26,402.671142578125,5145.32568359375,7409.0302734375,2385.3955078125
2021-07-27,401.0981750488281,5145.32568359375,7257.38330078125,2445.217041015625
2021-07-28,399.5252380371094,5123.90478515625,7105.73681640625,2385.3955078125
2021-07-29,416.8274841308594,5175.31494140625,6954.08984375,2415.30615234375
2021-07-30,419.97332763671875,5115.33544921875,6672.45947265625,2422.7841796875
2021-08-02,430.9839172363281,5106.76806640625,6759.115234375,2475.128173828125
2021-08-03,424.6921691894531,5265.28271484375,7192.3916015625,2490.08349609375
2021-08-04,427.83807373046875,5243.86181640625,7322.375,2519.994384765625
2021-08-05,408.9628601074219,5398.09375,7279.046875,2497.561279296875
2021-08-06,405.8170166015625,5278.13671875,7322.375,2482.606201171875
2021-08-09,408.9628601074219,5312.4091796875,7235.71923828125,2430.261962890625
2021-08-10,421.5462951660156,5398.09375,7344.03857421875,2415.30615234375
2021-08-12,443.5674133300781,5398.09375,7604.00537109375,2505.039306640625
2021-08-13,435.70269775390625,5492.34619140625,7690.65966796875,2467.650634765625
2021-08-16,429.4110107421875,5500.9150390625,7842.306640625,2497.561279296875
2021-08-18,421.5462951660156,5655.14599609375,8167.2646484375,2557.383056640625
2021-08-19,407.3899230957031,5655.14599609375,7885.63525390625,2534.949951171875
2021-08-20,397.9523620605469,5655.14599609375,8123.9365234375,2542.427734375
2021-08-23,413.6816711425781,5646.5771484375,8275.5830078125,2572.338623046875
2021-08-24,396.3794250488281,5655.14599609375,8123.9365234375,2542.427734375
2021-08-25,394.8064880371094,5655.14599609375,8167.2646484375,2519.994384765625
2021-08-26,402.671142578125,5620.8720703125,7604.00537109375,2512.516845703125
2021-08-27,391.6605529785156,5578.03076171875,7668.99560546875,2482.606201171875
2021-08-30,408.9628601074219,5625.15673828125,7907.298828125,2542.427734375
2021-08-31,396.3794250488281,5612.30419921875,8015.6181640625,2542.427734375
2021-09-01,415.2545471191406,5625.15673828125,7820.642578125,2497.561279296875
2021-09-02,415.2545471191406,5603.73583984375,7928.962890625,2519.994384765625
2021-09-03,426.2651062011719,5655.14599609375,7972.29052734375,2534.949951171875
2021-09-06,429.4110107421875,5633.724609375,7972.29052734375,2534.949951171875
2021-09-07,423.1192321777344,5629.4404296875,7733.9873046875,2527.472412109375
2021-09-08,418.400390625,5518.05126953125,7409.0302734375,2490.08349609375
2021-09-09,429.4110107421875,5629.4404296875,7582.34130859375,2534.949951171875
2021-09-10,424.6921691894531,5586.5986328125,7712.3232421875,2490.08349609375
2021-09-13,421.5462951660156,5616.58740234375,7712.3232421875,2505.039306640625
2021-09-14,435.70269775390625,5608.01953125,7712.3232421875,2572.338623046875
2021-09-15,437.275634765625,5565.17724609375,7712.3232421875,2579.81640625
2021-09-16,437.275634765625,5569.46142578125,7560.67724609375,2572.338623046875
2021-09-17,419.97332763671875,5586.5986328125,7517.34912109375,2639.638427734375
2021-09-20,415.2545471191406,5642.29296875,7365.70263671875,2632.160400390625
2021-09-21,423.1192321777344,5560.8935546875,7300.7109375,2639.638427734375
2021-09-22,440.4215087890625,5616.58740234375,7409.0302734375,2684.50439453125
2021-09-23,445.1402893066406,5638.0087890625,7365.70263671875,2662.0712890625
2021-09-24,471.8802185058594,5642.29296875,7192.3916015625,2662.0712890625
2021-09-27,475.0260925292969,5638.0087890625,7105.73681640625,2632.160400390625
2021-09-28,547.3810424804688,5586.5986328125,6802.44287109375,2639.638427734375
2021-09-29,541.0892944335938,5638.0087890625,7344.03857421875,2639.638427734375
2021-09-30,553.6727294921875,5997.8818359375,7105.73681640625,2759.28173828125
2021-10-01,559.9645385742188,5792.240234375,7019.08154296875,2736.848388671875
2021-10-04,585.1315307617188,5963.60791015625,7170.72802734375,2744.326416015625
2021-10-05,575.6939697265625,5950.7548828125,6910.76220703125,2744.326416015625
2021-10-06,586.7044067382812,6152.11376953125,6910.76220703125,2811.6259765625
2021-10-07,545.80810546875,6134.97607421875,6997.41748046875,2781.715087890625
2021-10-08,570.9750366210938,6246.36572265625,6997.41748046875,2841.536865234375
2021-10-11,602.4336547851562,6216.37646484375,6824.10693359375,2849.0146484375
2021-10-12,592.9962158203125,6272.0712890625,6867.4345703125,2826.58154296875
2021-10-13,585.1315307617188,6447.72314453125,7192.3916015625,2819.103515625
2021-10-14,583.5584716796875,6640.51220703125,7733.9873046875,2863.969970703125
2021-10-15,585.1315307617188,6554.828125,7604.00537109375,2849.0146484375
2021-10-18,589.8502197265625,6447.72314453125,7712.3232421875,2834.05908203125
2021-10-19,583.5584716796875,6426.30126953125,7604.00537109375,2796.670654296875
2021-10-21,552.0997924804688,6340.61767578125,7625.66796875,2878.925537109375
2021-10-22,545.80810546875,6447.72314453125,7668.99560546875,2893.880859375
2021-10-25,548.9540405273438,6447.72314453125,7430.69384765625,2826.58154296875
2021-10-26,555.2456665039062,6447.72314453125,7257.38330078125,2841.536865234375
2021-10-27,544.2352294921875,6383.4599609375,7495.685546875,2834.05908203125
2021-10-28,512.7764282226562,6319.197265625,7647.33203125,2804.148193359375
2021-10-29,528.5057983398438,6404.88134765625,7885.63525390625,2841.536865234375
2021-11-01,530.0787963867188,6340.61767578125,7993.9541015625,2766.759765625
2021-11-02,517.4953002929688,6254.93408203125,7777.31494140625,2736.848388671875
2021-11-03,526.9329833984375,6297.77587890625,8210.591796875,2781.715087890625
2021-11-04,526.9329833984375,6319.197265625,8578.876953125,2819.103515625
2021-11-05,517.4953002929688,6383.4599609375,8578.876953125,2819.103515625
2021-11-08,533.2246704101562,6490.5654296875,8297.2470703125,2804.148193359375
2021-11-09,536.3704833984375,6576.2490234375,8362.23828125,2774.237060546875
2021-11-10,531.6516723632812,6554.828125,8297.2470703125,2766.759765625
2021-11-11,530.0787963867188,6576.2490234375,8167.2646484375,2729.370849609375
2021-11-12,530.0787963867188,6447.72314453125,8167.2646484375,2691.982177734375
2021-11-15,506.48468017578125,6426.30126953125,7972.29052734375,2691.982177734375
2021-11-16,508.05767822265625,6404.88134765625,7950.62646484375,2744.326416015625
2021-11-17,515.9223022460938,6512.34521484375,7842.306640625,2714.41552734375
2021-11-18,511.20361328125,6361.89501953125,7777.31494140625,2714.41552734375
2021-11-19,517.4953002929688,6383.388671875,7755.6513671875,2916.314208984375
2021-11-22,515.9223022460938,6426.373046875,7733.9873046875,2841.536865234375
2021-11-23,536.3704833984375,6426.373046875,7409.0302734375,2841.536865234375
2021-11-24,533.2246704101562,6426.373046875,7430.69384765625,2841.536865234375
2021-11-25,548.9540405273438,6383.388671875,7387.3662109375,2991.09130859375
2021-11-26,520.6411743164062,6254.4306640625,7170.72802734375,2998.569091796875
2021-11-29,531.6516723632812,6361.89501953125,7105.73681640625,3095.779541015625
2021-11-30,534.7975463867188,6254.4306640625,6932.42626953125,2983.61376953125
2021-12-01,552.0997924804688,6275.92431640625,7019.08154296875,3050.9130859375
2021-12-02,569.402099609375,6447.86669921875,6997.41748046875,3110.735107421875
2021-12-03,570.9750366210938,6340.40234375,6845.7705078125,3043.435546875
2021-12-06,600.8607788085938,6318.91015625,7040.7451171875,3118.212646484375
2021-12-07,599.287841796875,6318.91015625,6997.41748046875,3103.257568359375
2021-12-08,605.5795288085938,6383.388671875,6954.08984375,3058.391357421875
2021-12-09,608.7254638671875,6318.91015625,6954.08984375,3103.257568359375
2021-12-10,604.0066528320312,6340.40234375,6824.10693359375,3103.257568359375
2021-12-13,604.0066528320312,6275.92431640625,6845.7705078125,3050.9130859375
2021-12-14,604.0066528320312,6275.92431640625,6715.78759765625,3065.86865234375
2021-12-15,635.46533203125,6275.92431640625,6672.45947265625,3050.9130859375
2021-12-16,641.7570190429688,6254.4306640625,6564.140625,3065.86865234375
2021-12-17,644.9028930664062,6447.86669921875,6434.15771484375,3065.86865234375
2021-12-20,644.9028930664062,6340.40234375,6347.50244140625,3050.9130859375
2021-12-21,666.9239501953125,6340.40234375,6434.15771484375,3110.735107421875
2021-12-22,676.361572265625,6297.41650390625,6282.5107421875,3073.346435546875
2021-12-23,676.361572265625,6275.92431640625,6325.83837890625,3110.735107421875
2021-12-24,698.3826904296875,6275.92431640625,6304.1748046875,3073.346435546875
2021-12-27,685.7991943359375,6318.91015625,6412.49365234375,3050.9130859375
2021-12-28,723.5496215820312,6318.91015625,6369.166015625,3058.391357421875
2021-12-29,726.6954956054688,6275.92431640625,6260.84716796875,3050.9130859375
2021-12-30,760.5518188476562,6275.92431640625,6282.5107421875,3021.002197265625
2022-01-03,801.11474609375,6297.41650390625,6304.1748046875,3125.690673828125
2022-01-04,777.453125,6361.89501953125,6390.830078125,3118.212646484375
2022-01-05,757.1717529296875,6404.8818359375,6260.84716796875,3028.47998046875
2022-01-06,777.453125,6426.373046875,6217.51904296875,3080.82421875
2022-01-07,821.39599609375,6576.82470703125,6195.85595703125,3118.212646484375
2022-01-10,811.25537109375,6533.83837890625,6152.5283203125,3065.86865234375
2022-01-11,790.9739379882812,6619.8095703125,6022.54541015625,3058.391357421875
2022-01-12,780.8333129882812,6619.8095703125,6044.20947265625,3073.346435546875
2022-01-13,770.6925659179688,6619.8095703125,6130.8642578125,3125.690673828125
2022-01-14,767.312255859375,6748.76708984375,6065.873046875,3133.168212890625
2022-01-17,763.93212890625,6662.79638671875,5914.22607421875,3125.690673828125
2022-01-18,750.4111328125,6598.31787109375,5827.5703125,3178.03466796875
2022-01-19,753.7914428710938,6598.31787109375,5784.2431640625,3178.03466796875
2022-01-20,780.8333129882812,6684.28857421875,5740.91552734375,3155.601318359375
2022-01-21,780.8333129882812,6834.7392578125,6000.8818359375,3237.856201171875
2022-01-24,767.312255859375,6705.78125,6044.20947265625,3215.423095703125
2022-01-25,747.0309448242188,6684.28857421875,5892.56201171875,3207.945556640625
2022-01-26,747.0309448242188,6619.8095703125,5957.5537109375,3282.722900390625
2022-01-27,780.8333129882812,6705.78125,5849.234375,3192.990234375
2022-01-28,770.6925659179688,6684.28857421875,5914.22607421875,3185.512451171875
2022-01-31,757.1717529296875,6555.33154296875,5827.5703125,3133.168212890625
2022-02-02,747.0309448242188,6705.78125,5957.5537109375,3118.212646484375
2022-02-03,750.4111328125,6641.302734375,5979.21728515625,3140.64599609375
2022-02-04,736.89013671875,6641.302734375,6087.537109375,3163.078857421875
2022-02-07,743.650634765625,6705.78125,6260.84716796875,3207.945556640625
2022-02-08,743.650634765625,6641.302734375,6195.85595703125,3163.078857421875
2022-02-09,747.0309448242188,6834.7392578125,6347.50244140625,3200.468017578125
2022-02-10,730.1298828125,6662.79638671875,6304.1748046875,3335.06689453125
2022-02-11,733.5100708007812,6727.2744140625,6390.830078125,3327.589111328125
2022-02-14,753.7914428710938,6619.8095703125,6239.18310546875,3290.2001953125
2022-02-15,774.0728149414062,6770.259765625,6304.1748046875,3297.67822265625
2022-02-16,757.1717529296875,6856.23193359375,6412.49365234375,3290.2001953125
2022-02-17,750.4111328125,6791.75341796875,6347.50244140625,3297.67822265625
2022-02-18,757.1717529296875,6813.24560546875,6369.166015625,3290.2001953125
2022-02-21,750.4111328125,6834.7392578125,6304.1748046875,3267.767333984375
2022-02-22,753.7914428710938,6791.75341796875,6282.5107421875,3215.423095703125
2022-02-23,784.21337890625,6920.71044921875,6239.18310546875,3252.81201171875
2022-02-24,838.297119140625,6877.724609375,5979.21728515625,3170.556884765625
2022-02-25,828.156494140625,6920.71044921875,6239.18310546875,3245.334228515625
2022-03-01,872.0995483398438,6920.71044921875,6152.5283203125,3252.81201171875
2022-03-02,882.240234375,6856.23193359375,5827.5703125,3207.945556640625
2022-03-04,1027.5902099609375,6791.75341796875,5740.91552734375,3290.2001953125
2022-03-07,1095.194580078125,6619.8095703125,5459.28564453125,3372.455322265625
2022-03-08,1054.6319580078125,6576.82470703125,5524.27734375,3454.71044921875
2022-03-09,1041.1109619140625,6748.76708984375,5567.60498046875,3320.111572265625
2022-03-10,1007.3087158203125,6813.24560546875,6022.54541015625,3297.67822265625
2022-03-11,1014.0692138671875,6834.7392578125,5935.8896484375,3432.277587890625
2022-03-14,943.0843505859375,6942.20361328125,5870.8984375,3424.799560546875
2022-03-15,916.04248046875,7006.6826171875,5740.91552734375,3454.71044921875
2022-03-16,953.2249755859375,7049.66796875,5784.2431640625,3462.188232421875
2022-03-17,926.1832275390625,6877.724609375,5849.234375,3350.0224609375
2022-03-18,919.4227905273438,6791.75341796875,5762.57958984375,3394.888427734375
2022-03-21,919.4227905273438,6791.75341796875,5697.587890625,3402.366455078125
2022-03-22,946.464599609375,6813.24560546875,5762.57958984375,3402.366455078125
2022-03-23,946.464599609375,6791.75341796875,5697.587890625,3402.366455078125
2022-03-24,973.5064697265625,6813.24560546875,5697.587890625,3409.84423828125
2022-03-25,953.2249755859375,6834.7392578125,5632.595703125,3379.93310546875
2022-03-28,966.7460327148438,6895.8408203125,5870.8984375,3439.755126953125
2022-03-29,936.3239135742188,6852.19677734375,5784.2431640625,3409.84423828125
2022-03-30,905.9017944335938,6874.0185546875,5849.234375,3424.799560546875
2022-03-31,909.2819213867188,6961.30810546875,5762.57958984375,3424.799560546875
2022-04-01,949.8449096679688,6917.6630859375,5870.8984375,3424.799560546875
2022-04-04,949.8449096679688,6895.8408203125,5935.8896484375,3394.888427734375
2022-04-05,1014.0692138671875,6895.8408203125,5914.22607421875,3379.93310546875
2022-04-06,1037.7308349609375,6764.90771484375,5805.9072265625,3312.633544921875
2022-04-07,1030.97021484375,6764.90771484375,5719.251953125,3394.888427734375
2022-04-08,1068.1527099609375,6852.19677734375,5784.2431640625,3424.799560546875
2022-04-11,1061.392333984375,6743.0849609375,5648.70947265625,3432.277587890625
2022-04-12,1061.392333984375,6808.55126953125,5604.2314453125,3462.188232421875
2022-04-13,1132.3773193359375,6808.55126953125,5515.27587890625,3507.0546875
2022-04-14,1118.8563232421875,6721.2626953125,5359.60205078125,3499.576904296875
2022-04-18,1112.0958251953125,6721.2626953125,5470.7978515625,3522.01025390625
2022-04-19,1105.3353271484375,6655.79638671875,5381.84130859375,3499.576904296875
2022-04-20,1091.814453125,6677.6181640625,5292.88525390625,3462.188232421875
2022-04-21,1105.3353271484375,6917.6630859375,5404.080078125,3454.71044921875
2022-04-22,1085.0540771484375,6874.0185546875,5337.36279296875,3454.71044921875
2022-04-25,1085.0540771484375,6983.13037109375,5315.12451171875,3522.01025390625
2022-04-26,1068.1527099609375,7092.2412109375,5693.1875,3559.39892578125
2022-04-27,1071.5330810546875,7157.70849609375,5759.904296875,3566.876220703125
2022-04-28,1128.9969482421875,7092.2412109375,5693.1875,3454.71044921875
2022-05-09,1068.1527099609375,6633.9736328125,5448.55810546875,3222.900634765625
2022-05-10,1044.4913330078125,6568.5068359375,5426.3193359375,3245.334228515625
2022-05-11,1064.7728271484375,6677.6181640625,5759.904296875,3237.856201171875
2022-05-12,1064.7728271484375,6350.28369140625,5581.9921875,3215.423095703125
2022-05-13,1085.0540771484375,6393.92822265625,5604.2314453125,3185.512451171875
2022-05-17,1138.585205078125,6459.3955078125,5648.70947265625,3125.690673828125
2022-05-18,1127.9774169921875,6612.1513671875,5759.904296875,3178.03466796875
2022-05-19,1099.6895751953125,6503.04052734375,5537.5146484375,3148.12353515625
2022-05-20,1170.408935546875,6459.3955078125,5648.70947265625,3118.212646484375
2022-05-23,1113.83349609375,6437.5732421875,5782.14306640625,3073.346435546875
2022-05-24,1131.5133056640625,6415.75146484375,5960.05615234375,3103.257568359375
2022-05-25,1096.1534423828125,6437.5732421875,5804.38232421875,3140.64599609375
2022-05-27,1117.369140625,6612.1513671875,5960.05615234375,3215.423095703125
2022-05-30,1082.009521484375,6612.1513671875,6382.59619140625,3178.03466796875
2022-05-31,1156.26513671875,6764.90771484375,6493.79150390625,3222.900634765625
2022-06-02,1177.4810791015625,6612.1513671875,6382.59619140625,3207.945556640625
2022-06-03,1244.6646728515625,6633.9736328125,6315.8798828125,3222.900634765625
2022-06-06,1223.44873046875,6503.04052734375,6404.83544921875,3245.334228515625
2022-06-07,1290.63232421875,6437.5732421875,6360.35791015625,3178.03466796875
2022-06-08,1283.560302734375,6633.9736328125,6427.07470703125,3178.0078125
2022-06-09,1272.9525146484375,6546.68359375,6226.923828125,3139.251708984375
2022-06-10,1212.8409423828125,6415.75146484375,6137.96728515625,3115.998046875
2022-06-13,1127.9774169921875,6415.75146484375,5826.6220703125,3162.50537109375
2022-06-14,1152.7291259765625,6459.3955078125,6071.2509765625,3185.759033203125
2022-06-15,1074.937744140625,6393.92822265625,6137.96728515625,3147.003173828125
2022-06-16,1082.009521484375,6612.1513671875,6137.96728515625,3131.50048828125
2022-06-17,1032.5059814453125,6546.68359375,6071.2509765625,3193.510498046875
2022-06-20,1036.0418701171875,6655.79638671875,6315.8798828125,3131.50048828125
2022-06-21,1071.4017333984375,6677.6181640625,6360.35791015625,3185.759033203125
2022-06-22,1071.4017333984375,6546.68359375,6360.35791015625,3139.251708984375
2022-06-23,1039.5777587890625,6568.5068359375,6493.79150390625,3224.515380859375
2022-06-24,1050.185791015625,6524.86181640625,6782.89892578125,3216.76416015625
2022-06-27,1046.649658203125,6415.75146484375,6516.03076171875,3154.754150390625
2022-06-28,1043.11376953125,6372.1064453125,6315.8798828125,3123.749267578125
2022-06-29,1014.8259887695312,6350.28369140625,6493.79150390625,3131.50048828125
2022-06-30,1011.2900390625,6328.46142578125,6338.11865234375,3100.49560546875
2022-07-01,961.786376953125,6328.46142578125,6115.728515625,3115.998046875
2022-07-04,979.4661254882812,6153.88330078125,6049.01171875,3092.744384765625
2022-07-05,1018.3619384765625,6328.46142578125,5960.05615234375,3092.744384765625
2022-07-06,979.4661254882812,6372.1064453125,5982.29443359375,3115.998046875
2022-07-07,979.4661254882812,6197.52783203125,5893.3388671875,3131.50048828125
2022-07-08,1000.6820068359375,6241.1728515625,5937.81689453125,3108.24658203125
2022-07-11,1000.6820068359375,6219.3505859375,5782.14306640625,3131.50048828125
2022-07-12,1032.5059814453125,6262.99462890625,5693.1875,3108.24658203125
2022-07-13,1036.0418701171875,6110.2392578125,5693.1875,3053.98779296875
2022-07-14,1036.0418701171875,6132.06103515625,5804.38232421875,3115.998046875
2022-07-15,975.9300537109375,6110.2392578125,5670.94873046875,3216.76416015625
2022-07-18,986.5380859375,6241.1728515625,5782.14306640625,3247.76904296875
2022-07-19,1043.11376953125,6262.99462890625,5826.6220703125,3224.515380859375
2022-07-20,1067.86572265625,6459.3955078125,5782.14306640625,3263.271484375
2022-07-21,1067.86572265625,6459.3955078125,5804.38232421875,3302.027587890625
2022-07-22,1071.4017333984375,6393.92822265625,5804.38232421875,3278.77392578125
2022-07-25,1096.1534423828125,6372.1064453125,5782.14306640625,3286.525146484375
2022-07-26,1117.369140625,6372.1064453125,5848.86083984375,3294.276611328125
2022-07-27,1159.8009033203125,6393.92822265625,5715.4267578125,3333.032470703125
2022-07-28,1159.8009033203125,6415.75146484375,5715.4267578125,3286.525146484375
2022-07-29,1149.1932373046875,6415.75146484375,5804.38232421875,3278.77392578125
2022-08-01,1184.552978515625,6546.68359375,5737.6650390625,3333.032470703125
2022-08-02,1124.4412841796875,6633.9736328125,5737.6650390625,3449.30126953125
2022-08-03,1170.408935546875,6655.79638671875,5759.904296875,3488.0576171875
2022-08-04,1127.9774169921875,6808.55126953125,6004.53369140625,3526.8134765625
2022-08-05,1106.7615966796875,6874.0185546875,6049.01171875,3604.325927734375
2022-08-08,1089.08154296875,6874.0185546875,6226.923828125,3643.08203125
2022-08-09,1106.7615966796875,6895.8408203125,6182.44580078125,3596.574462890625
2022-08-10,1110.2974853515625,6895.8408203125,6226.923828125,3534.56494140625
2022-08-11,1113.83349609375,6939.48583984375,6160.20703125,3542.316162109375
2022-08-12,1127.9774169921875,6917.6630859375,6249.1630859375,3526.8134765625
2022-08-15,1117.369140625,6939.48583984375,6160.20703125,3449.30126953125
2022-08-16,1113.83349609375,6961.30810546875,6115.728515625,3418.296142578125
2022-08-18,1149.1932373046875,6983.13037109375,6071.2509765625,3526.8134765625
2022-08-19,1149.1932373046875,6895.8408203125,5848.86083984375,3565.570068359375
2022-08-22,1113.83349609375,6983.13037109375,5871.10009765625,3604.325927734375
2022-08-23,1184.552978515625,6895.8408203125,5937.81689453125,3612.077392578125
2022-08-24,1205.7689208984375,6939.48583984375,5848.86083984375,3681.83837890625
2022-08-25,1205.7689208984375,7048.59765625,5826.6220703125,3542.316162109375
2022-08-26,1205.7689208984375,6983.13037109375,5826.6220703125,3480.30615234375
2022-08-29,1223.44873046875,7114.064453125,5804.38232421875,3503.559814453125
2022-08-30,1251.736572265625,7135.88720703125,5826.6220703125,3472.55517578125
2022-08-31,1251.736572265625,7157.70849609375,5871.10009765625,3534.56494140625
2022-09-01,1308.3121337890625,7114.064453125,5737.6650390625,3550.0673828125
2022-09-02,1336.60009765625,7179.53125,5715.4267578125,3565.570068359375
2022-09-05,1424.9996337890625,7223.17529296875,5804.38232421875,3581.072265625
2022-09-06,1428.53564453125,7223.17529296875,5804.38232421875,3495.80859375
2022-09-07,1421.463623046875,7310.46484375,5826.6220703125,3480.30615234375
2022-09-08,1393.17578125,7288.6416015625,5826.6220703125,3534.56494140625
2022-09-09,1396.711669921875,7310.46484375,5871.10009765625,3565.570068359375
2022-09-12,1403.78369140625,7310.46484375,5893.3388671875,3519.062255859375
2022-09-13,1417.9276123046875,7441.3984375,5982.29443359375,3503.559814453125
2022-09-14,1417.9276123046875,7419.57568359375,5915.578125,3472.55517578125
2022-09-15,1435.6075439453125,7637.79833984375,5893.3388671875,3488.0576171875
2022-09-16,1389.6397705078125,7375.9306640625,6115.728515625,3418.296142578125
2022-09-19,1382.567626953125,7550.509765625,6226.923828125,3488.0576171875
2022-09-20,1375.4957275390625,7463.220703125,6404.83544921875,3472.55517578125
2022-09-21,1382.567626953125,7397.75439453125,6404.83544921875,3433.798828125
2022-09-22,1449.751220703125,7397.75439453125,6471.552734375,3433.798828125
2022-09-23,1432.071533203125,7310.46484375,6604.98681640625,3395.042724609375
2022-09-26,1364.887939453125,7354.109375,6604.98681640625,3457.052490234375
2022-09-27,1382.567626953125,7244.99755859375,6671.7041015625,3441.550048828125
2022-09-28,1368.423828125,7266.8203125,6582.74755859375,3464.8037109375
2022-09-29,1396.711669921875,7310.46484375,6671.7041015625,3441.550048828125
2022-09-30,1400.2476806640625,7463.220703125,6649.46484375,3457.052490234375
2022-10-03,1400.2476806640625,7419.57568359375,6627.2255859375,3457.052490234375
2022-10-04,1456.8232421875,7463.220703125,6627.2255859375,3441.550048828125
2022-10-05,1442.6793212890625,7375.9306640625,6516.03076171875,3457.052490234375
2022-10-06,1449.751220703125,7354.109375,6516.03076171875,3433.798828125
2022-10-07,1463.895263671875,7157.70849609375,6427.07470703125,3371.7890625
2022-10-10,1386.1038818359375,7244.99755859375,6538.26953125,3426.04736328125
2022-10-11,1389.6397705078125,7201.3525390625,6693.94287109375,3340.78369140625
2022-10-12,1414.3916015625,7266.8203125,6671.7041015625,3364.03759765625
2022-10-13,1421.463623046875,7223.17529296875,6538.26953125,3333.032470703125
2022-10-14,1396.711669921875,7201.3525390625,6404.83544921875,3325.281494140625
2022-10-17,1400.2476806640625,7201.3525390625,6671.7041015625,3356.2861328125
2022-10-18,1364.887939453125,7244.99755859375,6693.94287109375,3294.276611328125
2022-10-19,1357.8157958984375,7223.17529296875,6894.09423828125,3255.5205078125
2022-10-20,1414.3916015625,7419.57568359375,6938.57177734375,3371.7890625
2022-10-21,1400.2476806640625,7550.509765625,6760.66015625,3379.540283203125
2022-10-24,1386.1038818359375,7768.73291015625,6738.4208984375,3418.296142578125
2022-10-25,1371.9599609375,7594.15380859375,6649.46484375,3402.7939453125
2022-10-26,1389.6397705078125,7463.220703125,6649.46484375,3387.29150390625
2022-10-27,1407.3197021484375,7594.15380859375,6827.37646484375,3387.29150390625
2022-10-28,1382.567626953125,7637.79833984375,6894.09423828125,3449.30126953125
2022-10-31,1407.3197021484375,7681.443359375,7072.005859375,3402.7939453125
2022-11-01,1325.9921875,7681.443359375,7138.72314453125,3426.04736328125
2022-11-02,1322.4561767578125,7637.79833984375,7205.4404296875,3271.022705078125
2022-11-03,1325.9921875,7681.443359375,7138.72314453125,3201.261962890625
2022-11-04,1325.9921875,7659.62109375,7338.8740234375,3263.271484375
2022-11-07,1354.280029296875,7725.087890625,7338.8740234375,3317.530517578125
2022-11-08,1329.5281982421875,7637.79833984375,7072.005859375,3271.022705078125
2022-11-09,1287.0963134765625,7746.90966796875,7005.2890625,3247.76904296875
2022-11-10,1230.520751953125,7681.443359375,7094.2451171875,3232.266357421875
2022-11-11,1234.056884765625,7725.087890625,7227.67919921875,3216.76416015625
2022-11-14,1237.5926513671875,7637.79833984375,7116.484375,3139.251708984375
2022-11-15,1241.128662109375,7681.443359375,7072.005859375,3139.251708984375
2022-11-16,1262.3443603515625,7506.865234375,6782.89892578125,3139.251708984375
2022-11-17,1269.4163818359375,7615.97607421875,6782.89892578125,3131.50048828125
2022-11-18,1269.4163818359375,7703.2646484375,6871.85498046875,3108.24658203125
2022-11-21,1304.7762451171875,7615.97607421875,6827.37646484375,3123.749267578125
2022-11-22,1308.3121337890625,7768.73291015625,6849.61572265625,3100.49560546875
2022-11-23,1325.9921875,7746.90966796875,6805.1376953125,3077.241943359375
2022-11-24,1325.9921875,7856.02197265625,6760.66015625,3123.749267578125
2022-11-25,1318.920166015625,7834.2001953125,6849.61572265625,3123.749267578125
2022-11-28,1322.4561767578125,7877.84423828125,6849.61572265625,3084.992919921875
2022-11-29,1371.9599609375,7834.2001953125,6760.66015625,3084.992919921875
2022-11-30,1368.423828125,8117.890625,6760.66015625,3131.50048828125
2022-12-01,1379.0318603515625,7856.02197265625,6849.61572265625,3069.490478515625
2022-12-02,1361.3516845703125,7799.06298828125,6827.37646484375,3100.49560546875
2022-12-05,1336.60009765625,7689.5244140625,6849.61572265625,2976.475830078125
2022-12-06,1347.2081298828125,7601.89404296875,6382.59619140625,2790.446044921875
2022-12-07,1354.280029296875,7404.72705078125,6226.923828125,2852.455810546875
2022-12-08,1322.4561767578125,7448.54248046875,6182.44580078125,2898.963623046875
2022-12-09,1301.2401123046875,7514.265625,6182.44580078125,2829.201904296875
2022-12-12,1343.6719970703125,7623.80224609375,6004.53369140625,2867.95849609375
2022-12-13,1322.4561767578125,7623.80224609375,6244.24853515625,2906.714599609375
2022-12-14,1371.9599609375,7558.0810546875,6244.24853515625,2906.714599609375
2022-12-15,1379.0318603515625,7448.54248046875,6444.9560546875,2844.704833984375
2022-12-16,1375.4957275390625,7536.1728515625,6266.54931640625,2852.455810546875
2022-12-19,1403.78369140625,7579.98779296875,6199.64599609375,2883.460693359375
2022-12-20,1386.1038818359375,7514.265625,6043.54052734375,2883.460693359375
2022-12-21,1386.1038818359375,7601.89404296875,5998.9384765625,2937.719482421875
2022-12-22,1389.6397705078125,7514.265625,5998.9384765625,2906.714599609375
2022-12-23,1347.2081298828125,7448.54248046875,6021.23974609375,2929.96826171875
2022-12-26,1343.6719970703125,7514.265625,6065.8408203125,2906.714599609375
2022-12-27,1325.9921875,7536.1728515625,5954.3369140625,2953.22216796875
2022-12-28,1325.9921875,7579.98779296875,5954.3369140625,2891.212158203125
2022-12-29,1343.6719970703125,7514.265625,5954.3369140625,2929.96826171875
2022-12-30,1361.3516845703125,7492.357421875,5865.1328125,2906.714599609375
2023-01-02,1358.05322265625,7492.357421875,5909.73486328125,2945.470703125
2023-01-03,1331.5732421875,7492.357421875,5976.6376953125,2991.978271484375
2023-01-04,1248.3497314453125,7317.09716796875,6043.54052734375,2960.97314453125
2023-01-05,1172.692138671875,7229.46728515625,5976.6376953125,2922.217041015625
2023-01-06,1187.8238525390625,7273.28271484375,6311.15087890625,2875.70947265625
2023-01-09,1146.212158203125,7404.72705078125,6400.35400390625,2937.719482421875
2023-01-10,1187.8238525390625,7163.74609375,6288.85009765625,2968.724609375
2023-01-11,1202.955322265625,7119.93017578125,6244.24853515625,2999.729248046875
2023-01-12,1168.909423828125,7163.74609375,6601.0625,2991.978271484375
2023-01-13,1187.8238525390625,7054.20751953125,6422.6552734375,2929.96826171875
2023-01-16,1172.692138671875,7141.83837890625,6601.0625,2984.22705078125
2023-01-17,1187.8238525390625,7295.1904296875,6444.9560546875,3061.7392578125
2023-01-18,1199.17236328125,7273.28271484375,6244.24853515625,3046.23681640625
2023-01-19,1221.86962890625,7295.1904296875,6355.7529296875,3015.23193359375
2023-01-20,1225.6524658203125,7273.28271484375,6288.85009765625,2999.729248046875
2023-01-24,1210.52099609375,7207.560546875,6333.45166015625,2984.22705078125
2023-01-25,1184.041015625,7185.65283203125,6288.85009765625,2976.475830078125
2023-01-26,1138.646240234375,7426.6357421875,6534.1591796875,3077.241943359375
2023-01-27,1157.5606689453125,7623.80224609375,6489.55810546875,3069.490478515625
2023-01-30,1138.646240234375,7623.80224609375,6444.9560546875,3069.490478515625
2023-01-31,1119.7318115234375,7426.6357421875,6601.0625,2984.22705078125
2023-02-01,1115.948974609375,7448.54248046875,6534.1591796875,2999.729248046875
2023-02-02,1085.6861572265625,7404.72705078125,6534.1591796875,3015.23193359375
2023-02-03,1044.07421875,7623.80224609375,6489.55810546875,3007.48046875
2023-02-06,1051.6402587890625,7645.70947265625,6467.2568359375,3007.48046875
2023-02-07,1093.2518310546875,7755.24755859375,6467.2568359375,2945.470703125
2023-02-08,1104.6004638671875,7733.3388671875,6444.9560546875,2976.475830078125
2023-02-09,1074.3375244140625,7799.06298828125,6534.1591796875,2922.217041015625
2023-02-10,1036.5086669921875,7733.3388671875,6913.275390625,2945.470703125
2023-02-13,1051.6402587890625,7777.154296875,6779.4697265625,2937.719482421875
2023-02-14,1070.554443359375,7842.87646484375,6824.0712890625,2945.470703125
2023-02-15,1115.948974609375,7777.154296875,6801.7705078125,2937.719482421875
2023-02-16,1104.6004638671875,7623.80224609375,6712.56689453125,2922.217041015625
2023-02-17,1089.468994140625,7645.70947265625,6623.36328125,2914.4658203125
2023-02-20,1097.0347900390625,7667.61669921875,6712.56689453125,2960.97314453125
2023-02-21,1066.7716064453125,7623.80224609375,6757.1689453125,2976.475830078125
2023-02-22,1078.1202392578125,7601.89404296875,6623.36328125,2991.978271484375
2023-02-23,1097.0347900390625,7645.70947265625,6801.7705078125,3077.241943359375
2023-02-24,1093.2518310546875,7601.89404296875,6601.0625,3131.50048828125
2023-02-27,1115.948974609375,7689.5244140625,6578.76171875,3069.490478515625
2023-02-28,1131.08056640625,7667.61669921875,6444.9560546875,3007.48046875
2023-03-01,1131.08056640625,7536.1728515625,6467.2568359375,3046.23681640625
2023-03-02,1131.08056640625,7558.0810546875,6378.0537109375,3007.48046875
2023-03-03,1142.4293212890625,7426.6357421875,6400.35400390625,3022.9833984375
2023-03-06,1100.817626953125,7360.9130859375,6355.7529296875,3007.48046875
2023-03-07,1081.9033203125,7382.8203125,6311.15087890625,3007.48046875
2023-03-08,1104.6004638671875,7514.265625,6155.044921875,3053.98779296875
2023-03-09,1097.0347900390625,7514.265625,6177.34521484375,3077.241943359375
2023-03-10,1081.9033203125,7404.72705078125,6043.54052734375,3108.24658203125
2023-03-13,1097.0347900390625,7492.357421875,5909.73486328125,3154.754150390625
2023-03-14,1047.857177734375,7295.1904296875,5865.1328125,3115.998046875
2023-03-15,1040.2913818359375,7295.1904296875,5508.3193359375,3108.24658203125
2023-03-16,998.6798706054688,7273.28271484375,5352.212890625,3139.251708984375
2023-03-17,1051.6402587890625,7339.00537109375,5441.41650390625,3139.251708984375
2023-03-20,1028.9429931640625,7360.9130859375,5419.115234375,3092.744384765625
2023-03-21,1032.725830078125,7448.54248046875,5575.2216796875,3193.510498046875
2023-03-24,1013.8113403320312,7733.3388671875,5619.8232421875,3154.754150390625
2023-03-27,1013.8113403320312,7623.80224609375,5575.2216796875,3139.251708984375
2023-03-28,1047.857177734375,7601.89404296875,5686.72607421875,3139.251708984375
2023-03-29,1089.468994140625,7865.56982421875,5686.72607421875,3178.0078125
2023-03-30,1085.6861572265625,7887.916015625,5686.72607421875,3170.2568359375
2023-03-31,1097.0347900390625,7820.87841796875,5619.8232421875,3147.003173828125
2023-04-03,1112.166259765625,7865.56982421875,5664.42529296875,3162.50537109375
2023-04-04,1153.7777099609375,7843.2255859375,5686.72607421875,3147.003173828125
2023-04-05,1157.5606689453125,7798.533203125,5374.51416015625,3216.76416015625
2023-04-06,1142.4293212890625,7820.87841796875,5374.51416015625,3294.276611328125
2023-04-10,1131.08056640625,7865.56982421875,5396.81494140625,3333.032470703125
2023-04-11,1153.7777099609375,7887.916015625,5486.01806640625,3333.032470703125
2023-04-12,1119.7318115234375,7954.95166015625,5530.61962890625,3340.78369140625
2023-04-13,1119.7318115234375,7977.29638671875,5441.41650390625,3364.03759765625
2023-04-14,1104.6004638671875,8044.333984375,5463.71728515625,3364.03759765625
2023-04-17,1081.9033203125,8066.67822265625,5396.81494140625,3309.779052734375
2023-04-18,1134.8634033203125,8156.06005859375,5374.51416015625,3309.779052734375
2023-04-26,1172.692138671875,8223.095703125,5374.51416015625,3410.544677734375
2023-04-27,1165.1265869140625,8178.40625,5374.51416015625,3348.53515625
2023-04-28,1184.041015625,8089.0244140625,5307.61083984375,3294.276611328125
2023-05-02,1127.2978515625,8089.0244140625,5240.70849609375,3247.76904296875
2023-05-03,1112.166259765625,7977.29638671875,5218.4072265625,3216.76416015625
2023-05-04,1104.6004638671875,8044.333984375,5400.14111328125,3216.76416015625
2023-05-05,1055.4229736328125,8044.333984375,5307.03466796875,3232.266357421875
2023-05-08,1085.6861572265625,8044.333984375,5423.4169921875,3147.003173828125
2023-05-09,1093.2518310546875,7977.29638671875,5702.73486328125,3154.754150390625
2023-05-10,1112.166259765625,7977.29638671875,5632.90576171875,3201.261962890625
2023-05-11,1059.2059326171875,7887.916015625,5469.97021484375,3170.2568359375
2023-05-12,1044.07421875,7865.56982421875,5493.24658203125,3084.992919921875
2023-05-15,1006.24560546875,7843.2255859375,5446.693359375,3084.992919921875
2023-05-16,1010.0284423828125,7776.18798828125,5493.24658203125,3084.992919921875
2023-05-17,960.8509521484375,7843.2255859375,5516.52294921875,3092.744384765625
2023-05-19,911.673583984375,8044.333984375,5516.52294921875,3115.998046875
2023-05-22,930.5880126953125,8044.333984375,5632.90576171875,3131.50048828125
2023-05-23,960.2683715820312,8156.06005859375,5539.79931640625,3131.50048828125
2023-05-24,943.4950561523438,8066.67822265625,5516.52294921875,3224.515380859375
2023-05-25,888.9819946289062,8089.0244140625,5493.24658203125,3193.510498046875
2023-05-26,876.4020385742188,8178.40625,5493.24658203125,3201.261962890625
2023-05-29,868.015380859375,8178.40625,5493.24658203125,3255.5205078125
2023-05-30,884.7886352539062,8267.7861328125,5493.24658203125,3193.510498046875
2023-05-31,855.4354858398438,8089.0244140625,5400.14111328125,3131.50048828125
2023-06-05,880.5953369140625,8223.095703125,5423.4169921875,3162.50537109375
2023-06-06,930.9152221679688,8178.40625,5446.693359375,3170.2568359375
2023-06-07,909.9485473632812,8133.71435546875,5446.693359375,3216.76416015625
2023-06-08,922.5284423828125,8156.06005859375,5469.97021484375,3232.266357421875
2023-06-09,918.335205078125,8133.71435546875,5516.52294921875,3216.76416015625
2023-06-12,926.7217407226562,8178.40625,5632.90576171875,3271.36669921875
2023-06-13,926.7217407226562,8178.40625,5586.3525390625,3255.211669921875
2023-06-14,943.4950561523438,8111.369140625,5563.076171875,3230.979248046875
2023-06-15,964.4616088867188,8089.0244140625,5656.181640625,3247.13427734375
2023-06-16,972.8482055664062,8089.0244140625,5586.3525390625,3206.747314453125
2023-06-19,947.6883544921875,8044.333984375,5586.3525390625,3198.66943359375
2023-06-20,951.881591796875,8089.0244140625,5609.62939453125,3222.902099609375
2023-06-21,947.6883544921875,8156.06005859375,5609.62939453125,3214.824462890625
2023-06-22,947.6883544921875,8089.0244140625,5609.62939453125,3182.514892578125
2023-06-23,935.1084594726562,8089.0244140625,5702.73486328125,3190.592041015625
2023-06-26,926.7217407226562,8111.369140625,5726.01123046875,3222.902099609375
2023-06-27,935.1084594726562,8178.40625,5656.181640625,3230.979248046875
2023-07-03,977.04150390625,8111.369140625,5656.181640625,3230.979248046875
2023-07-04,981.2348022460938,8089.0244140625,5656.181640625,3206.747314453125
2023-07-05,1014.78125,8089.0244140625,5749.2880859375,3214.824462890625
2023-07-06,1027.3612060546875,8111.369140625,5819.1171875,3198.66943359375
2023-07-07,998.008056640625,8066.67822265625,5982.05224609375,3198.66943359375
2023-07-10,1014.78125,8089.0244140625,5982.05224609375,3190.592041015625
2023-07-11,1018.974609375,8066.67822265625,6098.4345703125,3214.824462890625
2023-07-12,993.8148193359375,8200.7490234375,6051.8818359375,3214.824462890625
2023-07-13,972.8482055664062,8156.06005859375,6261.3701171875,3166.360107421875
2023-07-14,989.6214599609375,8223.095703125,6401.02880859375,3174.437255859375
2023-07-17,998.008056640625,8200.7490234375,6307.92333984375,3158.282470703125
2023-07-18,977.04150390625,8178.40625,6307.92333984375,3109.817626953125
2023-07-20,993.8148193359375,8178.40625,6238.09375,3109.817626953125
2023-07-21,1014.78125,8178.40625,6470.85791015625,3117.895263671875
2023-07-24,1035.7479248046875,8133.71435546875,6470.85791015625,3150.204833984375
2023-07-25,1018.974609375,8178.40625,6517.41162109375,3134.050048828125
2023-07-26,1048.327880859375,8357.16796875,6354.47607421875,3134.050048828125
2023-07-27,1027.3612060546875,8245.44140625,6214.8173828125,3004.810791015625
2023-07-28,1035.7479248046875,8156.06005859375,6284.64697265625,3004.810791015625
2023-07-31,1010.5880126953125,8156.06005859375,6494.134765625,3004.810791015625
2023-08-01,1002.2014770507812,8156.06005859375,6261.3701171875,3029.043212890625
2023-08-02,993.8148193359375,8223.095703125,6354.47607421875,2980.57861328125
2023-08-03,989.6214599609375,8267.7861328125,6726.8994140625,3004.810791015625
2023-08-04,1006.3947143554688,8178.40625,6587.24072265625,2980.57861328125
2023-08-07,998.008056640625,8290.1318359375,6470.85791015625,2972.5009765625
2023-08-08,993.8148193359375,8223.095703125,6377.75244140625,3012.88818359375
2023-08-09,1006.3947143554688,8401.8583984375,6214.8173828125,3045.197998046875
2023-08-10,1010.5880126953125,8401.8583984375,6191.541015625,3069.430419921875
2023-08-11,985.4281005859375,8401.8583984375,6261.3701171875,3077.508056640625
2023-08-14,1002.2014770507812,8357.16796875,6377.75244140625,3093.662841796875
2023-08-15,1052.5213623046875,8312.4775390625,6377.75244140625,3085.585205078125
2023-08-16,1056.7144775390625,8312.4775390625,6447.58154296875,3093.662841796875
2023-08-18,1065.10107421875,8267.7861328125,6261.3701171875,3037.120849609375
2023-08-21,1098.6475830078125,8200.7490234375,6238.09375,3020.9658203125
2023-08-22,1132.194091796875,8312.4775390625,6284.64697265625,3029.043212890625
2023-08-23,1132.194091796875,8312.4775390625,6261.3701171875,3020.9658203125
2023-08-24,1119.614013671875,8223.095703125,6401.02880859375,3004.810791015625
2023-08-25,1086.067626953125,8290.1318359375,6401.02880859375,3004.810791015625
2023-08-28,1123.807373046875,8223.095703125,6377.75244140625,2988.656005859375
2023-08-29,1123.807373046875,8267.7861328125,6401.02880859375,3004.810791015625
2023-08-30,1128.000732421875,8223.095703125,6401.02880859375,3077.508056640625
2023-08-31,1119.614013671875,8200.7490234375,6331.19921875,3012.88818359375
2023-09-01,1123.807373046875,8245.44140625,6331.19921875,3004.810791015625
2023-09-04,1148.9674072265625,8245.44140625,6307.92333984375,3012.88818359375
2023-09-05,1148.9674072265625,8245.44140625,6494.134765625,3020.9658203125
2023-09-06,1203.4803466796875,8178.40625,6401.02880859375,3061.35302734375
2023-09-07,1207.673583984375,8200.7490234375,6401.02880859375,3037.120849609375
2023-09-08,1211.866943359375,8156.06005859375,6447.58154296875,2980.57861328125
2023-09-11,1174.1273193359375,8156.06005859375,6610.51708984375,2988.656005859375
2023-09-12,1178.320556640625,8133.71435546875,6540.68798828125,2996.7333984375
2023-09-13,1199.287109375,8111.369140625,6494.134765625,2996.7333984375
2023-09-14,1220.253662109375,8133.71435546875,6517.41162109375,2972.5009765625
2023-09-15,1190.900634765625,8044.333984375,6517.41162109375,3004.810791015625
2023-09-18,1190.900634765625,8044.333984375,6401.02880859375,2972.5009765625
2023-09-19,1216.060302734375,8111.369140625,6377.75244140625,3012.88818359375
2023-09-20,1241.2200927734375,8178.40625,6401.02880859375,3077.508056640625
2023-09-21,1237.02685546875,8156.06005859375,6424.3056640625,3077.508056640625
2023-09-22,1237.02685546875,8111.369140625,6377.75244140625,3117.895263671875
2023-09-25,1237.02685546875,8044.333984375,6191.541015625,3045.197998046875
2023-09-26,1161.547119140625,7999.64208984375,6098.4345703125,3037.120849609375
2023-09-27,1203.4803466796875,7932.60595703125,6098.4345703125,3004.810791015625
2023-09-29,1195.0936279296875,7887.916015625,5982.05224609375,3029.043212890625
2023-10-02,1178.320556640625,8111.369140625,6028.60546875,3029.043212890625
2023-10-03,1128.000732421875,8223.095703125,5958.7763671875,3045.197998046875
2023-10-04,1115.4207763671875,8223.095703125,5865.669921875,3053.275390625
2023-10-05,1094.454345703125,8111.369140625,5819.1171875,3004.810791015625
2023-10-06,1111.227294921875,8066.67822265625,5912.22314453125,3053.275390625
2023-10-09,1161.547119140625,8089.0244140625,6144.98779296875,3037.120849609375
2023-10-10,1165.7406005859375,7977.29638671875,6121.7109375,3077.508056640625
2023-10-11,1157.353759765625,7977.29638671875,6075.15869140625,3053.275390625
2023-10-12,1128.000732421875,8089.0244140625,6098.4345703125,3093.662841796875
2023-10-13,1136.3873291015625,8111.369140625,6121.7109375,3109.817626953125
2023-10-16,1165.7406005859375,8133.71435546875,6005.3291015625,3037.120849609375
2023-10-17,1161.547119140625,7999.64208984375,6121.7109375,3061.35302734375
2023-10-18,1190.900634765625,7910.26123046875,5958.7763671875,3029.043212890625
2023-10-19,1182.5137939453125,7820.87841796875,6028.60546875,3012.88818359375
2023-10-20,1174.1273193359375,8021.986328125,5958.7763671875,2988.656005859375
2023-10-23,1115.4207763671875,7910.26123046875,5842.3935546875,2915.958984375
2023-10-24,1115.4207763671875,7843.2255859375,5888.94677734375,2948.268798828125
2023-10-25,1119.614013671875,7932.60595703125,5958.7763671875,2907.881591796875
2023-10-26,1111.227294921875,7798.533203125,5819.1171875,2810.9521484375
2023-10-27,1107.0341796875,7776.18798828125,5749.2880859375,2827.10693359375
2023-10-30,1065.10107421875,7910.26123046875,5679.45849609375,2762.487548828125
2023-10-31,1073.4876708984375,7820.87841796875,5679.45849609375,2819.029541015625
2023-11-01,1010.5880126953125,7686.8076171875,5632.90576171875,2924.0361328125
2023-11-02,1002.2014770507812,7910.26123046875,5819.1171875,2924.0361328125
2023-11-03,1044.1343994140625,7954.95166015625,5772.56396484375,2883.64892578125
2023-11-06,1060.9078369140625,8089.0244140625,6028.60546875,2948.268798828125
2023-11-07,1035.7479248046875,8021.986328125,6005.3291015625,2883.64892578125
2023-11-08,1023.16796875,8044.333984375,5912.22314453125,2843.261962890625
2023-11-09,1027.3612060546875,8044.333984375,5935.49951171875,2851.33935546875
2023-11-10,1039.941162109375,7887.916015625,5842.3935546875,2867.494140625
2023-11-13,1039.941162109375,7932.60595703125,5912.22314453125,2843.261962890625
2023-11-14,1039.941162109375,7977.29638671875,5795.84033203125,2827.10693359375
2023-11-15,1052.5213623046875,8089.0244140625,5842.3935546875,2867.494140625
2023-11-16,1060.9078369140625,8111.369140625,5842.3935546875,2859.416748046875
2023-11-17,1065.10107421875,8111.369140625,6168.26416015625,2867.494140625
2023-11-20,1069.2943115234375,7932.60595703125,6238.09375,2899.803955078125
2023-11-21,1094.454345703125,7843.2255859375,6168.26416015625,2924.0361328125
2023-11-22,1086.067626953125,7932.60595703125,6005.3291015625,2915.958984375
2023-11-23,1069.2943115234375,7977.29638671875,6005.3291015625,2907.881591796875
2023-11-24,1065.10107421875,7977.29638671875,5982.05224609375,2924.0361328125
2023-11-27,1069.2943115234375,7932.60595703125,6051.8818359375,2972.5009765625
2023-11-28,1081.8743896484375,7932.60595703125,5958.7763671875,3045.197998046875
2023-11-29,1081.8743896484375,7954.95166015625,5958.7763671875,3004.810791015625
2023-11-30,1098.6475830078125,8021.986328125,6051.8818359375,3037.120849609375
2023-12-01,1073.4876708984375,7999.64208984375,6098.4345703125,3093.662841796875
2023-12-04,1073.4876708984375,8015.35888671875,6005.3291015625,3077.508056640625
2023-12-05,1052.5213623046875,7992.90673828125,5935.49951171875,3109.817626953125
2023-12-06,1060.9078369140625,7903.09765625,5982.05224609375,3166.360107421875
2023-12-07,1060.9078369140625,7925.55029296875,5865.669921875,3158.282470703125
2023-12-08,1073.4876708984375,7858.1943359375,5865.669921875,3182.514892578125
2023-12-11,1073.4876708984375,7858.1943359375,5702.73486328125,3214.824462890625
2023-12-12,1069.2943115234375,7813.2900390625,5749.2880859375,3158.282470703125
2023-12-13,1027.3612060546875,7790.837890625,5795.84033203125,3166.360107421875
2023-12-14,1044.1343994140625,8127.61865234375,5749.2880859375,3182.514892578125
2023-12-15,1056.7144775390625,8284.783203125,5772.56396484375,3214.824462890625
2023-12-18,1052.5213623046875,8262.330078125,5702.73486328125,3206.747314453125
2023-12-19,1090.260986328125,8307.2333984375,5749.2880859375,3206.747314453125
2023-12-20,1081.8743896484375,8352.138671875,5795.84033203125,3198.66943359375
2023-12-21,1090.260986328125,8374.58984375,5726.01123046875,3190.592041015625
2023-12-22,1086.067626953125,8374.58984375,5842.3935546875,3198.66943359375
2023-12-27,1086.067626953125,8419.494140625,5842.3935546875,3182.514892578125
2023-12-28,1081.8743896484375,8441.9462890625,5842.3935546875,3198.66943359375
2023-12-29,1081.865234375,8441.9462890625,5958.7763671875,3190.592041015625
