Date,ASII.JK,BBCA.JK,BMRI.JK,KLBF.JK,SMGR.JK,TLKM.JK
2020-06-02,3038.07275390625,4515.4970703125,1718.7503662109375,1245.1790771484375,8367.8828125,2381.025146484375
2020-06-03,3140.8408203125,4869.3232421875,1808.0360107421875,1272.150390625,8346.3720703125,2410.329833984375
2020-06-04,3057.34228515625,4877.7470703125,1759.6727294921875,1267.6551513671875,8260.3271484375,2417.65625
2020-06-05,3211.49365234375,4822.9892578125,1804.3157958984375,1267.6551513671875,8109.74755859375,2366.372802734375
2020-06-08,3227.55126953125,4970.416015625,1953.125,1281.140869140625,8733.576171875,2366.372802734375
2020-06-09,3211.49365234375,4890.38427734375,1962.42578125,1267.6551513671875,8131.25927734375,2300.4365234375
2020-06-10,3115.1484375,4886.17138671875,1826.6370849609375,1321.59814453125,7937.6572265625,2278.45751953125
2020-06-11,3018.8037109375,4785.07958984375,1744.7918701171875,1276.6456298828125,8131.25927734375,2256.4794921875
2020-06-12,3076.611083984375,4776.6533203125,1819.1966552734375,1240.68359375,8088.236328125,2219.84765625
2020-06-15,3044.49609375,4633.43798828125,1755.95263671875,1263.159912109375,8109.74755859375,2263.805419921875
2020-06-16,3192.224365234375,4852.47412109375,1869.4197998046875,1281.140869140625,8367.8828125,2344.3935546875
2020-06-17,3192.224365234375,4818.7763671875,1822.9171142578125,1285.6361083984375,8281.8369140625,2351.719970703125
2020-06-18,3083.033203125,4705.046875,1793.1551513671875,1267.6551513671875,8023.70263671875,2403.003662109375
2020-06-19,3140.8408203125,4696.62158203125,1815.476318359375,1312.607421875,8174.2822265625,2403.003662109375
2020-06-22,3140.8408203125,4667.13720703125,1789.4346923828125,1321.59814453125,8238.81640625,2344.3935546875
2020-06-23,3147.26416015625,4734.53173828125,1781.994384765625,1290.13134765625,8217.3037109375,2293.1103515625
2020-06-24,3211.49365234375,4806.1396484375,1915.9232177734375,1312.607421875,8152.77099609375,2329.7412109375
2020-06-25,3249.291748046875,4822.9892578125,1869.4197998046875,1308.1123046875,8131.25927734375,2315.0888671875
2020-06-26,3249.291748046875,4755.5927734375,1860.119384765625,1299.121826171875,8174.2822265625,2337.0673828125
2020-06-29,3182.97900390625,4780.8662109375,1837.7978515625,1294.6265869140625,8152.77099609375,2329.7412109375
2020-06-30,3182.97900390625,4797.71533203125,1841.5179443359375,1312.607421875,8317.240234375,2348.27197265625
2020-07-01,3189.6103515625,4886.17138671875,1856.3990478515625,1317.102783203125,8338.8447265625,2340.57275390625
2020-07-02,3229.397705078125,4945.142578125,1860.119384765625,1344.07421875,8317.240234375,2417.5654296875
2020-07-03,3216.13525390625,4945.142578125,1860.119384765625,1344.07421875,8446.859375,2402.166748046875
2020-07-06,3209.504150390625,4999.9013671875,1888.02099609375,1375.5406494140625,8598.08203125,2348.27197265625
2020-07-07,3202.872802734375,5046.236328125,1878.720703125,1362.05517578125,8360.447265625,2402.166748046875
2020-07-08,3255.9228515625,5223.1494140625,1962.42578125,1366.5501708984375,8403.65234375,2425.2646484375
2020-07-09,3249.291748046875,5138.9052734375,1953.125,1375.5406494140625,8209.2236328125,2394.46728515625
2020-07-10,3202.872802734375,5223.1494140625,1925.2235107421875,1321.59814453125,8144.4140625,2394.46728515625
2020-07-13,3249.291748046875,5202.087890625,1953.125,1312.607421875,8079.60400390625,2379.069091796875
2020-07-14,3282.447265625,5223.1494140625,1971.7266845703125,1353.0645751953125,8338.8447265625,2371.3701171875
2020-07-15,3415.072265625,5181.02685546875,1962.42578125,1357.5596923828125,8166.0185546875,2379.069091796875
2020-07-16,3481.383544921875,5206.2998046875,1962.42578125,1335.083740234375,8122.8125,2386.768310546875
2020-07-17,3448.227294921875,5155.75341796875,1925.2235107421875,1317.102783203125,8079.60400390625,2355.971435546875
2020-07-20,3381.9150390625,5172.60205078125,1897.3216552734375,1335.083740234375,8166.0185546875,2355.971435546875
2020-07-21,3564.2734375,5223.1494140625,1971.7266845703125,1366.5501708984375,8187.62109375,2355.971435546875
2020-07-22,3514.539306640625,5206.2998046875,2018.2294921875,1415.997802734375,8295.63671875,2363.670654296875
2020-07-23,3431.649658203125,5223.1494140625,2120.5361328125,1451.9595947265625,8166.0185546875,2363.670654296875
2020-07-24,3348.759033203125,5138.9052734375,2083.333740234375,1411.5025634765625,8014.7958984375,2325.17431640625
2020-07-27,3398.492919921875,5138.9052734375,2185.64013671875,1393.5216064453125,8101.2080078125,2340.57275390625
2020-07-28,3431.649658203125,5210.51220703125,2176.33935546875,1362.05517578125,8122.8125,2325.17431640625
2020-07-29,3365.337646484375,5168.390625,2120.5361328125,1371.0455322265625,8187.62109375,2309.775634765625
2020-07-30,3415.072265625,5256.8466796875,2157.73828125,1407.00732421875,7971.5888671875,2348.27197265625
2020-08-03,3236.029052734375,5164.177734375,2046.1312255859375,1402.51220703125,7885.17529296875,2248.181884765625
2020-08-04,3289.078125,5231.57275390625,2074.032958984375,1415.997802734375,7949.98583984375,2271.279541015625
2020-08-05,3348.759033203125,5227.361328125,2120.5361328125,1451.9595947265625,8166.0185546875,2325.17431640625
2020-08-06,3464.80517578125,5273.69580078125,2148.437744140625,1438.4739990234375,8295.63671875,2325.17431640625
2020-08-07,3497.962158203125,5206.2998046875,2157.73828125,1420.4930419921875,8360.447265625,2294.376953125
2020-08-10,3398.492919921875,5155.75341796875,2157.73828125,1447.4644775390625,8295.63671875,2286.67822265625
2020-08-11,3464.80517578125,5202.087890625,2222.8427734375,1438.4739990234375,8295.63671875,2255.881103515625
2020-08-12,3580.851806640625,5273.69580078125,2287.94677734375,1451.9595947265625,8511.6689453125,2271.279541015625
2020-08-13,3580.851806640625,5307.392578125,2250.744384765625,1460.949951171875,8403.65234375,2317.47509765625
2020-08-14,3564.2734375,5395.8505859375,2241.44384765625,1460.949951171875,8209.2236328125,2332.87353515625
2020-08-18,3564.2734375,5357.939453125,2287.94677734375,1456.454833984375,8425.255859375,2348.27197265625
2020-08-19,3514.539306640625,5332.6669921875,2269.345703125,1442.9691162109375,8252.4306640625,2309.775634765625
2020-08-24,3514.539306640625,5320.02978515625,2232.143310546875,1438.4739990234375,8382.05078125,2309.775634765625
2020-08-25,3514.539306640625,5362.15185546875,2325.149169921875,1456.454833984375,8900.52734375,2294.376953125
2020-08-26,3547.695556640625,5341.09033203125,2362.3515625,1429.483642578125,9030.1474609375,2325.17431640625
2020-08-27,3514.539306640625,5560.12646484375,2343.750244140625,1451.9595947265625,9224.5751953125,2302.076416015625
2020-08-28,3531.11767578125,5471.67041015625,2315.848388671875,1447.4644775390625,9202.97265625,2278.978759765625
2020-08-31,3381.9150390625,5286.33203125,2213.5419921875,1420.4930419921875,9116.5595703125,2201.986572265625
2020-09-01,3481.383544921875,5492.7314453125,2278.64599609375,1433.978515625,9505.4169921875,2232.783447265625
2020-09-02,3514.539306640625,5421.123046875,2260.045166015625,1438.4739990234375,9246.1787109375,2271.279541015625
2020-09-03,3431.649658203125,5475.8818359375,2222.8427734375,1433.978515625,9094.9560546875,2232.783447265625
2020-09-04,3348.759033203125,5374.78857421875,2204.24169921875,1429.483642578125,8943.7333984375,2201.986572265625
2020-09-07,3332.181884765625,5294.75634765625,2176.33935546875,1438.4739990234375,9138.162109375,2232.783447265625
2020-09-08,3398.492919921875,5336.87890625,2222.8427734375,1420.4930419921875,8814.1142578125,2201.986572265625
2020-09-09,3249.291748046875,5261.05810546875,2148.437744140625,1398.016845703125,8727.701171875,2155.79052734375
2020-09-10,3023.830322265625,4894.595703125,1999.6282958984375,1330.58837890625,8122.8125,2078.79833984375
2020-09-11,3070.24853515625,4974.6279296875,2036.8306884765625,1415.997802734375,8122.8125,2163.489990234375
2020-09-14,3176.348388671875,5096.7822265625,2139.13720703125,1429.483642578125,8511.6689453125,2225.083984375
2020-09-15,3196.241943359375,4936.71826171875,2111.2353515625,1389.0264892578125,8317.240234375,2178.888427734375
2020-09-16,3169.716552734375,4844.05029296875,2101.934814453125,1384.53125,8122.8125,2148.091552734375
2020-09-17,3222.7666015625,4848.26171875,2074.032958984375,1362.05517578125,8036.3974609375,2171.18896484375
2020-09-18,3169.716552734375,4742.95703125,2074.032958984375,1389.0264892578125,8058.00146484375,2225.083984375
2020-09-21,3096.774169921875,4721.8955078125,2036.8306884765625,1348.5692138671875,7949.98583984375,2163.489990234375
2020-09-22,3096.774169921875,4591.31689453125,1971.7266845703125,1308.1123046875,7798.76220703125,2140.392333984375
2020-09-23,3070.24853515625,4637.65087890625,1934.52392578125,1375.5406494140625,7690.74658203125,2155.79052734375
2020-09-24,3050.35546875,4587.1044921875,1888.02099609375,1362.05517578125,7604.3330078125,2101.895751953125
2020-09-25,3222.7666015625,4726.107421875,1990.32763671875,1420.4930419921875,7604.3330078125,2071.09912109375
2020-09-28,3143.192138671875,4646.07568359375,1915.9232177734375,1371.0455322265625,7885.17529296875,2048.0009765625
2020-09-29,3030.46142578125,4637.65087890625,1888.02099609375,1357.5596923828125,7863.572265625,2024.903564453125
2020-09-30,2957.51806640625,4566.04345703125,1845.2384033203125,1393.5216064453125,7928.3818359375,1971.0087890625
2020-10-01,3056.986328125,4692.40966796875,1934.52392578125,1447.4644775390625,8274.033203125,2117.29443359375
2020-10-02,3043.724609375,4637.65087890625,1934.52392578125,1411.5025634765625,8166.0185546875,2063.39990234375
2020-10-05,3023.830322265625,4650.28759765625,1990.32763671875,1407.00732421875,8166.0185546875,2040.3018798828125
2020-10-06,3063.617919921875,4801.927734375,2046.1312255859375,1407.00732421875,8144.4140625,2040.3018798828125
2020-10-07,3088.29736328125,4848.26171875,2064.732421875,1429.483642578125,8187.62109375,2048.0009765625
2020-10-08,3168.340087890625,4869.3232421875,2027.5302734375,1438.4739990234375,8338.8447265625,2078.79833984375
2020-10-09,3161.669677734375,4865.11083984375,2064.732421875,1411.5025634765625,8101.2080078125,2101.895751953125
2020-10-12,3134.989013671875,4932.50634765625,2092.63427734375,1420.4930419921875,8122.8125,2101.895751953125
2020-10-13,3161.669677734375,4932.50634765625,2111.2353515625,1424.9881591796875,8079.60400390625,2101.895751953125
2020-10-14,3215.031494140625,4970.416015625,2148.437744140625,1429.483642578125,8036.3974609375,2163.489990234375
2020-10-15,3161.669677734375,4873.53466796875,2083.333740234375,1402.51220703125,7863.572265625,2140.392333984375
2020-10-16,3288.403076171875,4852.47412109375,2074.032958984375,1393.5216064453125,7928.3818359375,2117.29443359375
2020-10-19,3335.094482421875,4970.416015625,2120.5361328125,1411.5025634765625,7928.3818359375,2086.49755859375
2020-10-20,3451.822509765625,4890.38427734375,2101.934814453125,1407.00732421875,8187.62109375,2055.700439453125
2020-10-21,3501.84912109375,4869.3232421875,2055.43212890625,1407.00732421875,8209.2236328125,2063.39990234375
2020-10-22,3501.84912109375,4886.17138671875,2027.5302734375,1420.4930419921875,8058.00146484375,2078.79833984375
2020-10-23,3601.90283203125,4860.8994140625,2064.732421875,1424.9881591796875,8144.4140625,2024.903564453125
2020-10-26,3601.90283203125,4898.8076171875,2148.437744140625,1389.0264892578125,8295.63671875,2040.3018798828125
2020-10-27,3618.57763671875,4877.7470703125,2148.437744140625,1371.0455322265625,8274.033203125,2017.2041015625
2020-11-02,3601.90283203125,4903.0205078125,2222.8427734375,1344.07421875,7885.17529296875,1971.0087890625
2020-11-03,3668.603759765625,4961.9912109375,2232.143310546875,1326.0931396484375,7712.35009765625,1986.4071044921875
2020-11-04,3601.90283203125,4903.0205078125,2120.5361328125,1308.1123046875,7885.17529296875,1986.4071044921875
2020-11-05,3668.603759765625,5181.02685546875,2222.8427734375,1348.5692138671875,8598.08203125,2132.693115234375
2020-11-06,3885.384765625,5307.392578125,2250.744384765625,1362.05517578125,8943.7333984375,2178.888427734375
2020-11-09,3735.305419921875,5294.75634765625,2287.94677734375,1330.58837890625,8835.7177734375,2217.384765625
2020-11-10,3835.358154296875,5459.03271484375,2371.652099609375,1344.07421875,9159.7666015625,2201.986572265625
2020-11-11,4002.113525390625,5509.58056640625,2371.652099609375,1321.59814453125,9678.2421875,2371.3701171875
2020-11-12,4002.113525390625,5408.48681640625,2297.247314453125,1335.083740234375,9786.2587890625,2340.57275390625
2020-11-13,3935.41064453125,5383.21337890625,2325.149169921875,1344.07421875,9678.2421875,2302.076416015625
2020-11-16,3952.086181640625,5459.03271484375,2306.548095703125,1339.578857421875,9462.2109375,2363.670654296875
2020-11-17,3868.708984375,5518.0048828125,2325.149169921875,1348.5692138671875,9483.814453125,2479.15966796875
2020-11-18,3852.03369140625,5534.853515625,2362.3515625,1353.0645751953125,9635.037109375,2448.362060546875
2020-11-19,3818.68359375,5572.76318359375,2353.05078125,1344.07421875,9635.037109375,2440.6630859375
2020-11-20,3818.68359375,5560.12646484375,2343.750244140625,1344.07421875,9807.86328125,2479.15966796875
2020-11-23,3868.708984375,5560.12646484375,2380.95263671875,1344.07421875,10455.958984375,2556.15185546875
2020-11-24,3868.708984375,5530.640625,2390.253173828125,1335.083740234375,10131.91015625,2579.249755859375
2020-11-25,3701.954833984375,5400.06201171875,2427.455810546875,1321.59814453125,10283.1328125,2525.35498046875
2020-11-26,3768.656494140625,5459.03271484375,2501.860595703125,1339.578857421875,10304.7373046875,2671.640625
2020-11-27,3701.954833984375,5379.0,2473.958984375,1330.58837890625,10304.7373046875,2663.941650390625
2020-11-30,3535.2001953125,5227.361328125,2353.05078125,1353.0645751953125,10110.306640625,2486.85888671875
2020-12-01,3701.954833984375,5387.4248046875,2427.455810546875,1335.083740234375,10369.546875,2494.557861328125
2020-12-02,3818.68359375,5433.76025390625,2473.958984375,1344.07421875,10326.3408203125,2563.85107421875
2020-12-03,3751.98046875,5442.18408203125,2446.05712890625,1317.102783203125,10369.546875,2540.75341796875
2020-12-04,3802.0078125,5383.21337890625,2455.357421875,1331.5465087890625,10088.7041015625,2502.257080078125
2020-12-07,3902.060302734375,5492.7314453125,2492.56005859375,1340.5740966796875,10153.513671875,2563.85107421875
2020-12-08,3802.0078125,5467.45703125,2483.259033203125,1331.5465087890625,10002.2900390625,2540.75341796875
2020-12-10,3885.384765625,5555.84423828125,2529.762451171875,1336.060302734375,10110.306640625,2509.956298828125
2020-12-11,3785.33203125,5691.04345703125,2520.461669921875,1322.519287109375,9915.87890625,2525.35498046875
2020-12-14,3785.33203125,5762.86767578125,2501.860595703125,1340.5740966796875,10369.546875,2556.15185546875
2020-12-15,3968.761962890625,5737.51904296875,2492.56005859375,1340.5740966796875,10585.5791015625,2656.2421875
2020-12-16,4085.49072265625,5872.71728515625,2520.461669921875,1394.73876953125,10888.0234375,2779.430419921875
2020-12-17,4135.51708984375,5860.04345703125,2557.664306640625,1390.224853515625,11168.865234375,2725.535400390625
2020-12-18,4135.51708984375,5745.96826171875,2492.56005859375,1390.224853515625,10844.81640625,2702.437744140625
2020-12-21,4102.16650390625,5771.318359375,2492.56005859375,1394.73876953125,10801.609375,2710.136962890625
2020-12-22,4052.14013671875,5674.14306640625,2380.95263671875,1358.62890625,10758.404296875,2586.948974609375
2020-12-23,4002.113525390625,5682.59375,2362.3515625,1322.519287109375,10671.9912109375,2556.15185546875
2020-12-28,4052.14013671875,5729.0673828125,2427.455810546875,1354.1151123046875,10844.81640625,2640.843505859375
2020-12-29,4035.464599609375,5716.3935546875,2390.253173828125,1345.0877685546875,10866.4208984375,2633.144775390625
2020-12-30,4018.788330078125,5720.61865234375,2353.05078125,1336.060302734375,10736.80078125,2548.452880859375
2021-01-04,4152.1923828125,5775.54296875,2418.155029296875,1331.5465087890625,10866.4208984375,2687.0390625
2021-01-05,4118.84130859375,5991.0166015625,2390.253173828125,1327.032958984375,10715.1982421875,2671.640625
2021-01-06,4102.16650390625,5868.49267578125,2390.253173828125,1354.1151123046875,10391.1484375,2594.64794921875
2021-01-07,4052.14013671875,5885.3916015625,2408.8544921875,1340.5740966796875,10628.78515625,2610.046630859375
2021-01-08,4285.5966796875,5957.216796875,2436.756591796875,1349.6015625,10650.3896484375,2748.633056640625
2021-01-11,4352.29833984375,6206.48974609375,2548.36328125,1588.828369140625,10391.1484375,2771.731201171875
2021-01-12,4352.29833984375,6050.166015625,2585.56591796875,1516.6090087890625,10477.5625,2702.437744140625
2021-01-13,4519.05224609375,6016.36669921875,2576.265380859375,1412.7933349609375,10412.751953125,2679.33984375
2021-01-14,4519.05224609375,5931.86767578125,2548.36328125,1439.8758544921875,10304.7373046875,2694.73828125
2021-01-15,4385.64794921875,5876.943359375,2501.860595703125,1485.012939453125,10326.3408203125,2679.33984375
2021-01-18,4452.35107421875,6016.36669921875,2576.265380859375,1498.5540771484375,10931.23046875,2656.2421875
2021-01-19,4452.35107421875,5995.24169921875,2594.866455078125,1430.848388671875,10715.1982421875,2625.4453125
2021-01-20,4452.35107421875,5995.24169921875,2743.67626953125,1435.3621826171875,10758.404296875,2671.640625
2021-01-21,4535.72802734375,5978.341796875,2697.173095703125,1494.0404052734375,10585.5791015625,2679.33984375
2021-01-22,4469.02734375,5982.56689453125,2678.572021484375,1457.9306640625,10499.1650390625,2610.046630859375
2021-01-25,4318.94677734375,5944.54150390625,2715.7744140625,1448.9031982421875,10175.1162109375,2594.64794921875
2021-01-26,4235.5693359375,5762.86767578125,2743.67626953125,1394.73876953125,10153.513671875,2509.956298828125
2021-01-27,4185.54345703125,5737.51904296875,2715.7744140625,1363.142578125,10002.2900390625,2602.34716796875
2021-01-28,4185.54345703125,5830.46728515625,2622.76806640625,1367.6563720703125,9743.052734375,2494.557861328125
2021-01-29,4068.8154296875,5712.16796875,2446.05712890625,1322.519287109375,9159.7666015625,2394.46728515625
2021-02-01,4018.788330078125,5762.86767578125,2492.56005859375,1345.0877685546875,9959.0849609375,2486.85888671875
2021-02-02,3985.437744140625,5745.96826171875,2408.8544921875,1372.1700439453125,9462.2109375,2517.655517578125
2021-02-03,4102.16650390625,5767.09228515625,2418.155029296875,1408.2799072265625,9397.400390625,2494.557861328125
2021-02-04,4135.51708984375,5792.44384765625,2446.05712890625,1394.73876953125,9181.3701171875,2533.05419921875
2021-02-05,4068.8154296875,5843.142578125,2436.756591796875,1435.3621826171875,9721.4501953125,2533.05419921875
2021-02-08,4068.8154296875,5847.3681640625,2446.05712890625,1417.3072509765625,9548.623046875,2525.35498046875
2021-02-09,3885.384765625,5898.0673828125,2418.155029296875,1372.1700439453125,9419.00390625,2463.7607421875
2021-02-10,3935.41064453125,5847.3681640625,2418.155029296875,1376.683837890625,9548.623046875,2456.0615234375
2021-02-11,3902.060302734375,5813.56787109375,2418.155029296875,1376.683837890625,9462.2109375,2456.0615234375
2021-02-15,3968.761962890625,5745.96826171875,2418.155029296875,1376.683837890625,9656.6396484375,2479.15966796875
2021-02-16,3952.086181640625,5864.26708984375,2408.8544921875,1376.683837890625,9527.0205078125,2471.4599609375
2021-02-17,3868.708984375,5830.46728515625,2362.3515625,1367.6563720703125,9483.814453125,2425.2646484375
2021-02-18,3818.68359375,5691.04345703125,2325.149169921875,1345.0877685546875,9246.1787109375,2448.362060546875
2021-02-19,3852.03369140625,5767.09228515625,2371.652099609375,1430.848388671875,9289.384765625,2471.4599609375
2021-02-22,3802.0078125,5737.51904296875,2371.652099609375,1417.3072509765625,9094.9560546875,2440.6630859375
2021-02-23,3818.68359375,5767.09228515625,2353.05078125,1390.224853515625,9030.1474609375,2671.640625
2021-02-24,3751.98046875,5682.59375,2371.652099609375,1358.62890625,8878.923828125,2679.33984375
2021-02-25,3718.630126953125,5665.693359375,2334.449951171875,1354.1151123046875,8922.130859375,2687.0390625
2021-02-26,3601.90283203125,5669.91796875,2287.94677734375,1327.032958984375,8814.1142578125,2687.0390625
2021-03-01,3735.305419921875,5952.9912109375,2446.05712890625,1372.1700439453125,9224.5751953125,2687.0390625
2021-03-02,3718.630126953125,5927.6416015625,2455.357421875,1399.2523193359375,10110.306640625,2663.941650390625
2021-03-03,3785.33203125,5914.9677734375,2455.357421875,1399.2523193359375,9786.2587890625,2648.54296875
2021-03-04,3718.630126953125,5678.36865234375,2436.756591796875,1403.7659912109375,9678.2421875,2586.948974609375
2021-03-05,3668.603759765625,5745.96826171875,2408.8544921875,1403.7659912109375,9678.2421875,2556.15185546875
2021-03-08,3701.954833984375,5678.36865234375,2390.253173828125,1403.7659912109375,9440.6083984375,2571.55029296875
2021-03-09,3685.279541015625,5581.19384765625,2390.253173828125,1394.73876953125,9505.4169921875,2533.05419921875
2021-03-10,3618.57763671875,5665.693359375,2418.155029296875,1430.848388671875,9764.6572265625,2617.74609375
2021-03-12,3651.9287109375,5716.3935546875,2501.860595703125,1439.8758544921875,9872.6728515625,2656.2421875
2021-03-15,3685.279541015625,5631.89453125,2473.958984375,1430.848388671875,9613.4326171875,2602.34716796875
2021-03-16,3701.954833984375,5598.09423828125,2436.756591796875,1430.848388671875,9613.4326171875,2586.948974609375
2021-03-17,3718.630126953125,5585.4189453125,2427.455810546875,1435.3621826171875,9570.2265625,2610.046630859375
2021-03-18,3818.68359375,5665.693359375,2529.762451171875,1421.8209228515625,9829.466796875,2656.2421875
2021-03-19,3852.03369140625,5712.16796875,2520.461669921875,1448.9031982421875,10196.7197265625,2648.54296875
2021-03-22,3718.630126953125,5593.869140625,2464.658203125,1444.3895263671875,10023.8955078125,2602.34716796875
2021-03-23,3718.630126953125,5547.39404296875,2483.259033203125,1421.8209228515625,9829.466796875,2586.948974609375
2021-03-24,3635.2529296875,5441.76953125,2471.822265625,1376.683837890625,9959.0849609375,2594.64794921875
2021-03-25,3635.2529296875,5382.62109375,2462.204345703125,1435.3621826171875,9743.052734375,2625.4453125
2021-03-26,3735.305419921875,5420.64501953125,2471.822265625,1426.3345947265625,9570.2265625,2687.0390625
2021-03-29,3685.279541015625,5374.169921875,2452.58642578125,1390.224853515625,9635.037109375,2625.4453125
2021-03-30,3601.90283203125,5403.74560546875,2433.350341796875,1390.224853515625,9397.400390625,2602.34716796875
2021-03-31,3518.5244140625,5251.646484375,2366.024658203125,1417.3072509765625,9008.54296875,2633.144775390625
2021-04-01,3568.55126953125,5260.09619140625,2385.260498046875,1399.2523193359375,9008.54296875,2610.046630859375
2021-04-05,3568.55126953125,5200.94580078125,2394.878173828125,1399.2523193359375,8900.52734375,2602.34716796875
2021-04-06,3568.55126953125,5209.39599609375,2414.114501953125,1403.7659912109375,8965.337890625,2594.64794921875
2021-04-07,3551.875244140625,5281.2216796875,2433.350341796875,1399.2523193359375,8943.7333984375,2617.74609375
2021-04-08,3535.2001953125,5256.71533203125,2414.114501953125,1412.7933349609375,9021.4501953125,2610.046630859375
2021-04-09,3518.5244140625,5312.41015625,2491.058349609375,1399.2523193359375,9131.46875,2586.948974609375
2021-04-12,3385.12060546875,5196.736328125,2423.732421875,1363.142578125,8735.404296875,2548.452880859375
2021-04-13,3385.12060546875,5141.041015625,2423.732421875,1345.0877685546875,9241.4853515625,2563.85107421875
2021-04-14,3501.84912109375,5402.37744140625,2433.350341796875,1349.6015625,9725.5625,2571.55029296875
2021-04-15,3501.84912109375,5380.95703125,2423.732421875,1367.6563720703125,9527.5302734375,2586.948974609375
2021-04-16,3501.84912109375,5376.6728515625,2423.732421875,1349.6015625,9373.5068359375,2586.948974609375
2021-04-19,3468.49755859375,5372.38818359375,2394.878173828125,1349.6015625,9175.474609375,2571.55029296875
2021-04-20,3535.2001953125,5342.3994140625,2385.260498046875,1349.6015625,9285.4931640625,2556.15185546875
2021-04-21,3485.17333984375,5282.42041015625,2356.406494140625,1349.6015625,9197.4794921875,2525.35498046875
2021-04-22,3635.2529296875,5325.26220703125,2356.406494140625,1345.0877685546875,9087.4609375,2563.85107421875
2021-04-23,3751.98046875,5475.208984375,2366.024658203125,1354.1151123046875,9153.4716796875,2548.452880859375
2021-04-26,3751.98046875,5385.24072265625,2298.69873046875,1340.5740966796875,9263.4892578125,2502.257080078125
2021-04-27,3685.279541015625,5488.0615234375,2327.552490234375,1331.5465087890625,9065.45703125,2432.9638671875
2021-04-28,3568.55126953125,5415.23095703125,2385.260498046875,1327.032958984375,9263.4892578125,2417.5654296875
2021-04-29,3618.57763671875,5492.34619140625,2394.878173828125,1327.032958984375,9285.4931640625,2463.7607421875
2021-04-30,3668.603759765625,5488.0615234375,2375.642578125,1299.9505615234375,9175.474609375,2463.7607421875
2021-05-03,3676.73681640625,5475.208984375,2327.552490234375,1295.4368896484375,8955.439453125,2440.6630859375
2021-05-04,3727.567138671875,5483.7783203125,2346.78857421875,1327.032958984375,8845.4208984375,2471.4599609375
2021-05-05,3744.510986328125,5505.1982421875,2327.552490234375,1304.4642333984375,8933.4365234375,2463.7607421875
2021-05-06,3676.73681640625,5505.1982421875,2337.17041015625,1318.00537109375,8823.41796875,2456.0615234375
2021-05-07,3608.962158203125,5483.7783203125,2289.080810546875,1318.00537109375,8625.3857421875,2456.0615234375
2021-05-10,3642.84912109375,5500.91552734375,2298.69873046875,1327.032958984375,8757.4072265625,2440.6630859375
2021-05-11,3541.1884765625,5552.32470703125,2269.844482421875,1304.4642333984375,8735.404296875,2448.362060546875
2021-05-17,3507.302001953125,5569.46142578125,2279.462646484375,1318.00537109375,8559.375,2456.0615234375
2021-05-18,3490.3583984375,5475.208984375,2269.844482421875,1308.97802734375,8383.3486328125,2448.362060546875
2021-05-19,3422.583984375,5436.65185546875,2183.28271484375,1304.4642333984375,8163.31298828125,2432.9638671875
2021-05-20,3507.302001953125,5466.6416015625,2173.66455078125,1318.00537109375,8383.3486328125,2548.452880859375
2021-05-21,3422.583984375,5449.50390625,2240.990478515625,1327.032958984375,8295.3330078125,2517.655517578125
2021-05-24,3456.4716796875,5419.5146484375,2212.136962890625,1308.97802734375,8119.30517578125,2509.956298828125
2021-05-25,3439.528076171875,5445.2197265625,2269.844482421875,1318.00537109375,8273.3310546875,2540.75341796875
2021-05-27,3490.3583984375,5372.38818359375,2212.136962890625,1281.8956298828125,8361.34375,2602.34716796875
2021-05-28,3490.3583984375,5432.3671875,2231.372802734375,1299.9505615234375,8493.3662109375,2517.655517578125
2021-05-31,3558.13232421875,5462.35693359375,2308.31640625,1308.97802734375,8537.373046875,2648.54296875
2021-06-02,3608.962158203125,5539.47216796875,2346.78857421875,1304.4642333984375,9175.474609375,2656.2421875
2021-06-03,3625.90576171875,5655.146484375,2404.496337890625,1354.1151123046875,9285.4931640625,2687.0390625
2021-06-04,3541.1884765625,5638.0087890625,2356.406494140625,1340.5740966796875,9131.46875,2694.73828125
2021-06-07,3558.13232421875,5595.16650390625,2356.406494140625,1349.6015625,9153.4716796875,2733.234619140625
2021-06-08,3575.075439453125,5509.48291015625,2308.31640625,1333.9620361328125,8955.439453125,2694.73828125
2021-06-09,3608.962158203125,5595.16650390625,2366.024658203125,1324.76220703125,9153.4716796875,2741.65380859375
2021-06-10,3659.79345703125,5672.2822265625,2385.260498046875,1324.76220703125,9087.4609375,2814.44091796875
2021-06-11,3575.075439453125,5543.75634765625,2414.114501953125,1333.9620361328125,9087.4609375,2806.353515625
2021-06-14,3507.302001953125,5492.34619140625,2414.114501953125,1320.162353515625,8955.439453125,2757.828857421875
2021-06-15,3490.3583984375,5543.75634765625,2433.350341796875,1333.9620361328125,8977.443359375,2782.09130859375
2021-06-16,3490.3583984375,5470.9248046875,2414.114501953125,1310.962646484375,8977.443359375,2757.828857421875
2021-06-17,3456.4716796875,5423.7978515625,2385.260498046875,1292.563232421875,8713.400390625,2709.303955078125
2021-06-18,3388.697265625,5419.5146484375,2385.260498046875,1251.164306640625,8713.400390625,2709.303955078125
2021-06-21,3334.478271484375,5355.25146484375,2317.934326171875,1361.56103515625,8801.4150390625,2668.86669921875
2021-06-22,3334.478271484375,5432.3671875,2375.642578125,1306.3626708984375,8537.373046875,2668.86669921875
2021-06-23,3341.255615234375,5338.1142578125,2317.934326171875,1251.164306640625,8537.373046875,2725.478759765625
2021-06-24,3348.032958984375,5320.97802734375,2298.69873046875,1260.364013671875,8559.375,2628.42919921875
2021-06-25,3334.478271484375,5303.8408203125,2269.844482421875,1246.5643310546875,8559.375,2628.42919921875
2021-06-28,3192.153076171875,5188.16796875,2192.900634765625,1264.9638671875,8207.3193359375,2563.729248046875
2021-06-29,3280.259033203125,5179.59912109375,2221.7548828125,1264.9638671875,8427.3544921875,2555.641845703125
2021-06-30,3348.032958984375,5162.46240234375,2269.844482421875,1287.963134765625,8361.34375,2547.554443359375
2021-07-01,3405.640869140625,5162.46240234375,2298.69873046875,1287.963134765625,8273.3310546875,2515.204345703125
2021-07-02,3388.697265625,5226.72509765625,2289.080810546875,1287.963134765625,8185.31494140625,2482.854736328125
2021-07-05,3348.032958984375,5235.29443359375,2250.608642578125,1278.7635498046875,8097.30224609375,2458.59228515625
2021-07-06,3320.923095703125,5188.16796875,2221.7548828125,1260.364013671875,8185.31494140625,2434.329833984375
2021-07-07,3320.923095703125,5196.736328125,2212.136962890625,1246.5643310546875,7877.2666015625,2450.504638671875
2021-07-08,3307.368896484375,5153.89404296875,2269.844482421875,1218.9652099609375,7789.2509765625,2434.329833984375
2021-07-09,3327.700927734375,5158.177734375,2221.7548828125,1214.3653564453125,7833.2587890625,2555.641845703125
2021-07-12,3334.478271484375,5286.7041015625,2231.372802734375,1228.164794921875,7745.244140625,2531.379638671875
2021-07-13,3320.923095703125,5179.59912109375,2221.7548828125,1223.5650634765625,7569.21630859375,2482.854736328125
2021-07-14,3205.7080078125,5132.47314453125,2192.900634765625,1255.76416015625,7503.2060546875,2474.767333984375
2021-07-15,3259.92724609375,5239.578125,2260.2265625,1255.76416015625,7459.19873046875,2531.379638671875
2021-07-16,3307.368896484375,5235.29443359375,2260.2265625,1278.7635498046875,7789.2509765625,2563.729248046875
2021-07-19,3239.5947265625,5145.326171875,2212.136962890625,1278.7635498046875,7569.21630859375,2604.1669921875
2021-07-21,3300.591552734375,5149.6103515625,2279.462646484375,1241.9644775390625,7789.2509765625,2596.0791015625
2021-07-22,3375.14306640625,5273.85205078125,2327.552490234375,1246.5643310546875,7811.2548828125,2636.5166015625
2021-07-23,3354.810302734375,5171.03125,2298.69873046875,1237.36474609375,7657.23193359375,2563.729248046875
2021-07-26,3232.8173828125,5145.326171875,2231.372802734375,1237.36474609375,7525.2099609375,2579.904296875
2021-07-27,3226.040283203125,5145.326171875,2240.990478515625,1232.7647705078125,7371.1845703125,2644.60400390625
2021-07-28,3192.153076171875,5123.90478515625,2269.844482421875,1209.765380859375,7217.16015625,2579.904296875
2021-07-29,3151.48876953125,5175.3154296875,2212.136962890625,1191.365966796875,7063.13525390625,2612.25439453125
2021-07-30,3198.93017578125,5115.33642578125,2192.900634765625,1159.1668701171875,6777.0888671875,2620.341796875
2021-08-02,3266.70458984375,5106.76806640625,2183.28271484375,1200.565673828125,6865.10302734375,2676.954345703125
2021-08-03,3348.032958984375,5265.28369140625,2221.7548828125,1209.765380859375,7305.17431640625,2693.12890625
2021-08-04,3320.923095703125,5243.8623046875,2240.990478515625,1200.565673828125,7437.1953125,2725.478759765625
2021-08-05,3314.146240234375,5398.09375,2327.552490234375,1191.365966796875,7393.1884765625,2701.21630859375
2021-08-06,3348.032958984375,5278.13623046875,2298.69873046875,1168.3665771484375,7437.1953125,2685.04150390625
2021-08-09,3293.814208984375,5312.41015625,2231.372802734375,1140.7674560546875,7349.18115234375,2628.42919921875
2021-08-10,3327.700927734375,5398.09375,2231.372802734375,1200.565673828125,7459.19873046875,2612.25439453125
2021-08-12,3348.032958984375,5398.09375,2279.462646484375,1186.7659912109375,7723.24267578125,2709.303955078125
2021-08-13,3405.640869140625,5492.34619140625,2308.31640625,1195.9659423828125,7811.2548828125,2668.86669921875
2021-08-16,3439.528076171875,5500.91552734375,2298.69873046875,1195.9659423828125,7965.27978515625,2701.21630859375
2021-08-18,3541.1884765625,5655.146484375,2327.552490234375,1205.16552734375,8295.3330078125,2765.91650390625
2021-08-19,3490.3583984375,5655.146484375,2250.608642578125,1149.967041015625,8009.287109375,2741.65380859375
2021-08-20,3456.4716796875,5655.146484375,2269.844482421875,1191.365966796875,8251.326171875,2749.741455078125
2021-08-23,3456.4716796875,5646.5771484375,2298.69873046875,1195.9659423828125,8405.3515625,2782.09130859375
2021-08-24,3439.528076171875,5655.146484375,2240.990478515625,1191.365966796875,8251.326171875,2749.741455078125
2021-08-25,3490.3583984375,5655.146484375,2289.080810546875,1232.7647705078125,8295.3330078125,2725.478759765625
2021-08-26,3456.4716796875,5620.8720703125,2240.990478515625,1237.36474609375,7723.24267578125,2717.391357421875
2021-08-27,3422.583984375,5578.0302734375,2231.372802734375,1255.76416015625,7789.2509765625,2685.04150390625
2021-08-30,3575.075439453125,5625.15576171875,2289.080810546875,1283.36328125,8031.29052734375,2749.741455078125
2021-08-31,3541.1884765625,5612.3037109375,2346.78857421875,1237.36474609375,8141.30859375,2749.741455078125
2021-09-01,3507.302001953125,5625.15576171875,2308.31640625,1255.76416015625,7943.2763671875,2701.21630859375
2021-09-02,3558.13232421875,5603.7353515625,2327.552490234375,1274.1636962890625,8053.29345703125,2725.478759765625
2021-09-03,3625.90576171875,5655.146484375,2356.406494140625,1324.76220703125,8097.30224609375,2741.65380859375
2021-09-06,3676.73681640625,5633.724609375,2385.260498046875,1361.56103515625,8097.30224609375,2741.65380859375
2021-09-07,3625.90576171875,5629.44091796875,2404.496337890625,1343.16162109375,7855.2626953125,2733.566162109375
2021-09-08,3558.13232421875,5518.0517578125,2404.496337890625,1343.16162109375,7525.2099609375,2693.12890625
2021-09-09,3693.680419921875,5629.44091796875,2442.96826171875,1370.7608642578125,7701.23828125,2741.65380859375
2021-09-10,3676.73681640625,5586.59912109375,2385.260498046875,1352.3614501953125,7833.2587890625,2693.12890625
2021-09-13,3693.680419921875,5616.587890625,2366.024658203125,1352.3614501953125,7833.2587890625,2709.303955078125
2021-09-14,3744.510986328125,5608.01953125,2346.78857421875,1361.56103515625,7833.2587890625,2782.09130859375
2021-09-15,3659.79345703125,5565.177734375,2356.406494140625,1370.7608642578125,7833.2587890625,2790.1787109375
2021-09-16,3642.84912109375,5569.46142578125,2366.024658203125,1324.76220703125,7679.234375,2782.09130859375
2021-09-17,3676.73681640625,5586.59912109375,2327.552490234375,1333.9620361328125,7635.2275390625,2854.878662109375
2021-09-20,3592.019287109375,5642.29296875,2317.934326171875,1315.5625,7481.203125,2846.791015625
2021-09-21,3541.1884765625,5560.89306640625,2298.69873046875,1292.563232421875,7415.1923828125,2854.878662109375
2021-09-22,3575.075439453125,5616.587890625,2337.17041015625,1306.3626708984375,7525.2099609375,2903.4033203125
2021-09-23,3490.3583984375,5638.0087890625,2337.17041015625,1283.36328125,7481.203125,2879.140625
2021-09-24,3490.3583984375,5642.29296875,2298.69873046875,1287.963134765625,7305.17431640625,2879.140625
2021-09-27,3507.302001953125,5638.0087890625,2269.844482421875,1287.963134765625,7217.16015625,2846.791015625
2021-09-28,3439.528076171875,5586.59912109375,2289.080810546875,1269.5635986328125,6909.11083984375,2854.878662109375
2021-09-29,3608.962158203125,5638.0087890625,2308.31640625,1297.1629638671875,7459.19873046875,2854.878662109375
2021-09-30,3727.567138671875,5997.8818359375,2366.024658203125,1315.5625,7217.16015625,2984.278076171875
2021-10-01,3693.680419921875,5792.23974609375,2346.78857421875,1287.963134765625,7129.1455078125,2960.015625
2021-10-04,3778.3974609375,5963.60791015625,2491.058349609375,1269.5635986328125,7283.17041015625,2968.103271484375
2021-10-05,3761.4541015625,5950.755859375,2471.822265625,1260.364013671875,7019.12841796875,2968.103271484375
2021-10-06,4049.49365234375,6152.11328125,2539.148193359375,1260.364013671875,7019.12841796875,3040.890380859375
2021-10-07,3863.115234375,6134.97607421875,2577.6201171875,1260.364013671875,7107.142578125,3008.540283203125
2021-10-08,4030.48193359375,6246.36474609375,2654.564208984375,1269.5635986328125,7107.142578125,3073.240478515625
2021-10-11,3945.090576171875,6216.37548828125,2654.564208984375,1251.164306640625,6931.1142578125,3081.327880859375
2021-10-12,4013.404541015625,6272.0712890625,2693.035888671875,1260.364013671875,6975.12109375,3057.0654296875
2021-10-13,4286.6572265625,6447.72265625,2731.508056640625,1274.1636962890625,7305.17431640625,3048.977783203125
2021-10-14,4252.50048828125,6640.51220703125,2760.36181640625,1320.162353515625,7855.2626953125,3097.502685546875
2021-10-15,4269.57958984375,6554.828125,2750.743896484375,1329.362060546875,7723.24267578125,3081.327880859375
2021-10-18,4252.50048828125,6447.72265625,2760.36181640625,1324.76220703125,7833.2587890625,3065.15283203125
2021-10-19,4337.8916015625,6426.302734375,2769.979736328125,1333.9620361328125,7723.24267578125,3024.71533203125
2021-10-21,4201.2666015625,6340.6181640625,2760.36181640625,1370.7608642578125,7745.244140625,3113.677490234375
2021-10-22,4218.34326171875,6447.72265625,2769.979736328125,1338.5618896484375,7789.2509765625,3129.8525390625
2021-10-25,4132.9521484375,6447.72265625,2741.126220703125,1347.761474609375,7547.21337890625,3057.0654296875
2021-10-26,4201.2666015625,6447.72265625,2760.36181640625,1416.759521484375,7371.1845703125,3073.240478515625
2021-10-27,4098.7958984375,6383.46044921875,2750.743896484375,1471.9580078125,7613.2236328125,3065.15283203125
2021-10-28,4098.7958984375,6319.197265625,2702.65380859375,1462.75830078125,7767.248046875,3032.802978515625
2021-10-29,4115.87353515625,6404.8818359375,2760.36181640625,1471.9580078125,8009.287109375,3073.240478515625
2021-11-01,4115.87353515625,6340.6181640625,2760.36181640625,1462.75830078125,8119.30517578125,2992.365478515625
2021-11-02,4030.48193359375,6254.93408203125,2702.65380859375,1490.357421875,7899.26904296875,2960.015625
2021-11-03,4081.717529296875,6297.77490234375,2741.126220703125,1504.1571044921875,8339.3408203125,3008.540283203125
2021-11-04,4081.717529296875,6319.197265625,2760.36181640625,1499.5572509765625,8713.400390625,3048.977783203125
2021-11-05,4047.560546875,6383.46044921875,2731.508056640625,1499.5572509765625,8713.400390625,3048.977783203125
2021-11-08,4047.560546875,6490.564453125,2693.035888671875,1490.357421875,8427.3544921875,3032.802978515625
2021-11-09,3996.325927734375,6576.2490234375,2644.94580078125,1490.357421875,8493.3662109375,3000.452880859375
2021-11-10,4218.34326171875,6554.828125,2750.743896484375,1494.957275390625,8427.3544921875,2992.365478515625
2021-11-11,4218.34326171875,6576.2490234375,2779.59765625,1462.75830078125,8295.3330078125,2951.927978515625
2021-11-12,4201.2666015625,6447.72265625,2731.508056640625,1481.15771484375,8295.3330078125,2911.490966796875
2021-11-15,4184.18701171875,6426.302734375,2712.271728515625,1467.3580322265625,8097.30224609375,2911.490966796875
2021-11-16,4218.34326171875,6404.8818359375,2779.59765625,1490.357421875,8075.2978515625,2968.103271484375
2021-11-17,4269.57958984375,6512.3447265625,2779.59765625,1485.757568359375,7965.27978515625,2935.753173828125
2021-11-18,4235.42236328125,6361.8955078125,2760.36181640625,1485.757568359375,7899.26904296875,2935.753173828125
2021-11-19,4252.50048828125,6383.3876953125,2789.2158203125,1467.3580322265625,7877.2666015625,3154.114990234375
2021-11-22,4235.42236328125,6426.375,2827.687744140625,1471.9580078125,7855.2626953125,3073.240478515625
2021-11-23,4269.57958984375,6426.375,2750.743896484375,1481.15771484375,7525.2099609375,3073.240478515625
2021-11-24,4252.50048828125,6426.375,2750.743896484375,1481.15771484375,7547.21337890625,3073.240478515625
2021-11-25,4252.50048828125,6383.3876953125,2827.687744140625,1490.357421875,7503.2060546875,3234.98974609375
2021-11-26,4030.48193359375,6254.43115234375,2731.508056640625,1462.75830078125,7283.17041015625,3243.0771484375
2021-11-29,4081.717529296875,6361.8955078125,2760.36181640625,1476.557861328125,7217.16015625,3348.214599609375
2021-11-30,3945.090576171875,6254.43115234375,2693.035888671875,1471.9580078125,7041.13232421875,3226.90234375
2021-12-01,3859.69970703125,6275.923828125,2721.889892578125,1462.75830078125,7129.1455078125,3299.689453125
2021-12-02,3996.325927734375,6447.8671875,2769.979736328125,1485.757568359375,7107.142578125,3364.389404296875
2021-12-03,3928.012451171875,6340.40234375,2750.743896484375,1481.15771484375,6953.11767578125,3291.60205078125
2021-12-06,3859.69970703125,6318.90869140625,2760.36181640625,1453.5584716796875,7151.1494140625,3372.476806640625
2021-12-07,4047.560546875,6318.90869140625,2808.451904296875,1485.757568359375,7107.142578125,3356.3017578125
2021-12-08,3962.169189453125,6383.3876953125,2750.743896484375,1467.3580322265625,7063.13525390625,3307.777099609375
2021-12-09,4098.7958984375,6318.90869140625,2827.687744140625,1481.15771484375,7063.13525390625,3356.3017578125
2021-12-10,4047.560546875,6340.40234375,2769.979736328125,1481.15771484375,6931.1142578125,3356.3017578125
2021-12-13,4030.48193359375,6275.923828125,2741.126220703125,1476.557861328125,6953.11767578125,3299.689453125
2021-12-14,4013.404541015625,6275.923828125,2760.36181640625,1481.15771484375,6821.0966796875,3315.8642578125
2021-12-15,4098.7958984375,6275.923828125,2798.833740234375,1485.757568359375,6777.0888671875,3299.689453125
2021-12-16,3962.169189453125,6254.43115234375,2789.2158203125,1494.957275390625,6667.07177734375,3315.8642578125
2021-12-17,3962.169189453125,6447.8671875,2750.743896484375,1481.15771484375,6535.05078125,3315.8642578125
2021-12-20,3876.77783203125,6340.40234375,2721.889892578125,1485.757568359375,6447.0361328125,3299.689453125
2021-12-21,3859.69970703125,6340.40234375,2750.743896484375,1476.557861328125,6535.05078125,3364.389404296875
2021-12-22,3842.62109375,6297.41650390625,2712.271728515625,1444.3587646484375,6381.025390625,3323.951904296875
2021-12-23,3910.9345703125,6275.923828125,2721.889892578125,1462.75830078125,6425.03271484375,3364.389404296875
2021-12-24,3876.77783203125,6275.923828125,2712.271728515625,1448.9586181640625,6403.029296875,3323.951904296875
2021-12-27,3876.77783203125,6318.90869140625,2693.035888671875,1481.15771484375,6513.04736328125,3299.689453125
2021-12-28,3910.9345703125,6318.90869140625,2712.271728515625,1476.557861328125,6469.03955078125,3307.777099609375
2021-12-29,3928.012451171875,6275.923828125,2731.508056640625,1485.757568359375,6359.02197265625,3299.689453125
2021-12-30,3893.856201171875,6275.923828125,2702.65380859375,1485.757568359375,6381.025390625,3267.339599609375
2022-01-03,3910.9345703125,6297.41650390625,2712.271728515625,1490.357421875,6403.029296875,3380.564453125
2022-01-04,3945.090576171875,6361.8955078125,2760.36181640625,1490.357421875,6491.04296875,3372.476806640625
2022-01-05,3808.464599609375,6404.880859375,2702.65380859375,1494.957275390625,6359.02197265625,3275.42724609375
2022-01-06,3876.77783203125,6426.375,2702.65380859375,1490.357421875,6315.0146484375,3332.03955078125
2022-01-07,3893.856201171875,6576.82373046875,2712.271728515625,1522.5565185546875,6293.01171875,3372.476806640625
2022-01-10,3859.69970703125,6533.83837890625,2712.271728515625,1559.35546875,6249.00439453125,3315.8642578125
2022-01-11,3893.856201171875,6619.81005859375,2712.271728515625,1540.9560546875,6116.98291015625,3307.777099609375
2022-01-12,3910.9345703125,6619.81005859375,2750.743896484375,1563.9552001953125,6138.98681640625,3323.951904296875
2022-01-13,3945.090576171875,6619.81005859375,2741.126220703125,1563.9552001953125,6227.00146484375,3380.564453125
2022-01-14,3910.9345703125,6748.767578125,2760.36181640625,1559.35546875,6160.990234375,3388.65185546875
2022-01-17,3876.77783203125,6662.7958984375,2769.979736328125,1568.5550537109375,6006.96533203125,3380.564453125
2022-01-18,3859.69970703125,6598.3173828125,2789.2158203125,1577.7548828125,5918.951171875,3437.1767578125
2022-01-19,3825.542724609375,6598.3173828125,2702.65380859375,1563.9552001953125,5874.94482421875,3437.1767578125
2022-01-20,3774.30810546875,6684.2880859375,2760.36181640625,1563.9552001953125,5830.93701171875,3412.9140625
2022-01-21,3825.542724609375,6834.73876953125,2808.451904296875,1568.5550537109375,6094.97998046875,3501.87646484375
2022-01-24,3774.30810546875,6705.78076171875,2798.833740234375,1563.9552001953125,6138.98681640625,3477.61376953125
2022-01-25,3723.0732421875,6684.2880859375,2779.59765625,1563.9552001953125,5984.9619140625,3469.5263671875
2022-01-26,3723.0732421875,6619.81005859375,2875.77783203125,1563.9552001953125,6050.97216796875,3550.4013671875
2022-01-27,3740.151123046875,6705.78076171875,2904.631591796875,1554.755615234375,5940.95458984375,3453.351806640625
2022-01-28,3740.151123046875,6684.2880859375,2943.103759765625,1536.356201171875,6006.96533203125,3445.263916015625
2022-01-31,3740.151123046875,6555.33056640625,2875.77783203125,1508.7568359375,5918.951171875,3388.65185546875
2022-02-02,3757.2294921875,6705.78076171875,2875.77783203125,1554.755615234375,6050.97216796875,3372.476806640625
2022-02-03,3757.2294921875,6641.302734375,2875.77783203125,1527.1563720703125,6072.9765625,3396.739501953125
2022-02-04,3757.2294921875,6641.302734375,2875.77783203125,1554.755615234375,6182.994140625,3421.001708984375
2022-02-07,3740.151123046875,6705.78076171875,2885.395751953125,1550.1556396484375,6359.02197265625,3469.5263671875
2022-02-08,3791.38623046875,6641.302734375,2933.485595703125,1508.7568359375,6293.01171875,3421.001708984375
2022-02-09,3791.38623046875,6834.73876953125,2952.7216796875,1517.956787109375,6447.0361328125,3461.439208984375
2022-02-10,3723.0732421875,6662.7958984375,2971.95751953125,1508.7568359375,6403.029296875,3607.013427734375
2022-02-11,3723.0732421875,6727.27392578125,2971.95751953125,1504.1571044921875,6491.04296875,3598.92626953125
2022-02-14,3620.60302734375,6619.81005859375,3000.811279296875,1471.9580078125,6337.0185546875,3558.488525390625
2022-02-15,3757.2294921875,6770.25927734375,3039.283203125,1508.7568359375,6403.029296875,3566.576171875
2022-02-16,3740.151123046875,6856.2314453125,3020.047607421875,1490.357421875,6513.04736328125,3558.488525390625
2022-02-17,3740.151123046875,6791.7529296875,3020.047607421875,1471.9580078125,6447.0361328125,3566.576171875
2022-02-18,3825.542724609375,6813.24658203125,3020.047607421875,1471.9580078125,6469.03955078125,3558.488525390625
2022-02-21,3808.464599609375,6834.73876953125,3020.047607421875,1462.75830078125,6403.029296875,3534.226318359375
2022-02-22,3808.464599609375,6791.7529296875,3029.66552734375,1490.357421875,6381.025390625,3477.61376953125
2022-02-23,3859.69970703125,6920.71044921875,3029.66552734375,1517.956787109375,6337.0185546875,3518.051513671875
2022-02-24,3893.856201171875,6877.724609375,2962.339599609375,1499.5572509765625,6072.9765625,3429.089111328125
2022-02-25,3962.169189453125,6920.71044921875,2962.339599609375,1513.3568115234375,6337.0185546875,3509.964111328125
2022-03-01,3893.856201171875,6920.71044921875,2943.103759765625,1453.5584716796875,6249.00439453125,3518.051513671875
2022-03-02,3774.30810546875,6856.2314453125,2933.485595703125,1471.9580078125,5918.951171875,3469.5263671875
2022-03-04,3842.62109375,6791.7529296875,2943.103759765625,1508.7568359375,5830.93701171875,3558.488525390625
2022-03-07,3962.169189453125,6619.81005859375,2904.631591796875,1476.557861328125,5544.89111328125,3647.450927734375
2022-03-08,4269.57958984375,6576.82373046875,2904.631591796875,1462.75830078125,5610.9013671875,3736.4130859375
2022-03-09,4303.73583984375,6748.767578125,2933.485595703125,1458.1583251953125,5654.9091796875,3590.83837890625
2022-03-10,4269.57958984375,6813.24658203125,2952.7216796875,1476.557861328125,6116.98291015625,3566.576171875
2022-03-11,4286.6572265625,6834.73876953125,2943.103759765625,1485.757568359375,6028.96875,3712.15087890625
2022-03-14,4354.9697265625,6942.20263671875,2981.57568359375,1499.5572509765625,5962.95849609375,3704.063232421875
2022-03-15,4303.73583984375,7006.6826171875,2991.193603515625,1490.357421875,5830.93701171875,3736.4130859375
2022-03-16,4372.04931640625,7049.66796875,3058.51953125,1490.357421875,5874.94482421875,3744.50048828125
2022-03-17,4389.1279296875,6877.724609375,3058.51953125,1481.15771484375,5940.95458984375,3623.1884765625
2022-03-18,4372.04931640625,6791.7529296875,3048.9013671875,1499.5572509765625,5852.94091796875,3671.713134765625
2022-03-21,4508.67529296875,6791.7529296875,3083.417724609375,1517.956787109375,5786.9306640625,3679.80078125
2022-03-22,4491.59619140625,6813.24658203125,3093.494384765625,1522.5565185546875,5852.94091796875,3679.80078125
2022-03-23,4423.28369140625,6791.7529296875,3133.800537109375,1527.1563720703125,5786.9306640625,3679.80078125
2022-03-24,4491.59619140625,6813.24658203125,3194.259521484375,1554.755615234375,5786.9306640625,3687.88818359375
2022-03-25,4372.04931640625,6834.73876953125,3164.030029296875,1536.356201171875,5720.91943359375,3655.5380859375
2022-03-28,4576.98828125,6895.84130859375,3174.1064453125,1499.5572509765625,5962.95849609375,3720.238525390625
2022-03-29,4474.5185546875,6852.19677734375,3194.259521484375,1499.5572509765625,5874.94482421875,3687.88818359375
2022-03-30,4542.83203125,6874.01806640625,3174.1064453125,1527.1563720703125,5940.95458984375,3704.063232421875
2022-03-31,4491.59619140625,6961.3076171875,3184.18310546875,1481.15771484375,5852.94091796875,3704.063232421875
2022-04-01,4576.98828125,6917.6640625,3174.1064453125,1485.757568359375,5962.95849609375,3704.063232421875
2022-04-04,4662.380859375,6895.84130859375,3153.953369140625,1550.1556396484375,6028.96875,3671.713134765625
2022-04-05,4713.615234375,6895.84130859375,3153.953369140625,1481.15771484375,6006.96533203125,3655.5380859375
2022-04-06,4781.927734375,6764.90771484375,3093.494384765625,1467.3580322265625,5896.9482421875,3582.75146484375
2022-04-07,4713.615234375,6764.90771484375,3103.570556640625,1453.5584716796875,5808.93359375,3671.713134765625
2022-04-08,4781.927734375,6852.19677734375,3103.570556640625,1453.5584716796875,5874.94482421875,3704.063232421875
2022-04-11,4679.45849609375,6743.0849609375,3093.494384765625,1458.1583251953125,5737.28515625,3712.15087890625
2022-04-12,4747.77197265625,6808.55126953125,3103.570556640625,1458.1583251953125,5692.10986328125,3744.50048828125
2022-04-13,4764.85009765625,6808.55126953125,3113.6474609375,1467.3580322265625,5601.759765625,3793.025390625
2022-04-14,4696.53662109375,6721.26318359375,3093.494384765625,1458.1583251953125,5443.64453125,3784.938232421875
2022-04-18,4781.927734375,6721.26318359375,3073.34130859375,1471.9580078125,5556.58349609375,3809.20068359375
2022-04-19,4713.615234375,6655.79541015625,3053.188232421875,1448.9586181640625,5466.23291015625,3784.938232421875
2022-04-20,4713.615234375,6677.6181640625,3164.030029296875,1435.1590576171875,5375.88134765625,3744.50048828125
2022-04-21,4781.927734375,6917.6640625,3345.40771484375,1471.9580078125,5488.8203125,3736.4130859375
2022-04-22,4816.08544921875,6874.01806640625,3335.3310546875,1448.9586181640625,5421.05712890625,3736.4130859375
2022-04-25,4833.1640625,6983.13037109375,3315.177734375,1476.557861328125,5398.4697265625,3809.20068359375
2022-04-26,4918.5546875,7092.24169921875,3365.560791015625,1494.957275390625,5782.46044921875,3849.6376953125
2022-04-27,4867.31982421875,7157.708984375,3315.177734375,1485.757568359375,5850.22412109375,3857.724853515625
2022-04-28,5174.7294921875,7092.24169921875,3607.3974609375,1508.7568359375,5782.46044921875,3736.4130859375
2022-05-09,4942.669921875,6633.9736328125,3355.484130859375,1407.559814453125,5533.99609375,3485.701171875
2022-05-10,4907.61474609375,6568.5068359375,3264.795166015625,1485.757568359375,5511.408203125,3509.964111328125
2022-05-11,4837.50634765625,6677.6181640625,3224.4892578125,1504.1571044921875,5850.22412109375,3501.87646484375
2022-05-12,4802.4521484375,6350.28466796875,3174.1064453125,1453.5584716796875,5669.52197265625,3477.61376953125
2022-05-13,4995.25146484375,6393.9287109375,3143.876953125,1471.9580078125,5692.10986328125,3445.263916015625
2022-05-17,4907.61474609375,6459.39599609375,3164.030029296875,1494.957275390625,5737.28515625,3380.564453125
2022-05-18,4977.7236328125,6612.15087890625,3184.18310546875,1494.957275390625,5850.22412109375,3437.1767578125
2022-05-19,4907.61474609375,6503.0400390625,3184.18310546875,1476.557861328125,5624.34716796875,3404.82666015625
2022-05-20,4995.25146484375,6459.39599609375,3224.4892578125,1494.957275390625,5737.28515625,3372.476806640625
2022-05-23,4872.5615234375,6437.5732421875,3174.1064453125,1499.5572509765625,5872.8115234375,3323.951904296875
2022-05-24,5012.7783203125,6415.75,3194.259521484375,1485.757568359375,6053.51416015625,3356.3017578125
2022-05-25,4977.7236328125,6437.5732421875,3164.030029296875,1499.5572509765625,5895.39990234375,3396.739501953125
2022-05-27,5065.36083984375,6612.15087890625,3264.795166015625,1481.15771484375,6053.51416015625,3477.61376953125
2022-05-30,5082.88720703125,6612.15087890625,3305.101318359375,1499.5572509765625,6482.6806640625,3437.1767578125
2022-05-31,5152.99560546875,6764.90771484375,3426.019775390625,1574.77001953125,6595.61962890625,3485.701171875
2022-06-02,5135.46875,6612.15087890625,3305.101318359375,1508.9588623046875,6482.6806640625,3469.5263671875
2022-06-03,5117.94140625,6633.9736328125,3305.101318359375,1504.258056640625,6414.91796875,3485.701171875
2022-06-06,5065.36083984375,6503.0400390625,3284.948486328125,1541.8643798828125,6505.2685546875,3509.964111328125
2022-06-07,5047.83251953125,6437.5732421875,3345.40771484375,1499.55712890625,6460.09326171875,3437.1767578125
2022-06-08,5030.30615234375,6633.9736328125,3385.713623046875,1527.761962890625,6527.85595703125,3437.147705078125
2022-06-09,5047.83251953125,6546.68505859375,3395.7900390625,1537.1636962890625,6324.56640625,3395.231201171875
2022-06-10,4855.0341796875,6415.75,3295.02490234375,1527.761962890625,6234.2158203125,3370.08154296875
2022-06-13,4925.142578125,6415.75,3264.795166015625,1527.761962890625,5917.98779296875,3420.381103515625
2022-06-14,4890.08837890625,6459.39599609375,3305.101318359375,1527.761962890625,6166.4521484375,3445.531005859375
2022-06-15,4697.28857421875,6393.9287109375,3345.40771484375,1518.3603515625,6234.2158203125,3403.61474609375
2022-06-16,4802.4521484375,6612.15087890625,3375.636962890625,1527.761962890625,6234.2158203125,3386.847900390625
2022-06-17,4872.5615234375,6546.68505859375,3254.71875,1527.761962890625,6166.4521484375,3453.914306640625
2022-06-20,4855.0341796875,6655.79541015625,3325.25439453125,1523.0611572265625,6414.91796875,3386.847900390625
2022-06-21,4802.4521484375,6677.6181640625,3325.25439453125,1527.761962890625,6460.09326171875,3445.531005859375
2022-06-22,4767.3974609375,6546.68505859375,3284.948486328125,1527.761962890625,6460.09326171875,3395.231201171875
2022-06-23,4819.97900390625,6568.5068359375,3284.948486328125,1598.2740478515625,6595.61962890625,3487.447509765625
2022-06-24,4679.76171875,6524.86328125,3345.40771484375,1607.67578125,6889.26025390625,3479.064208984375
2022-06-27,4662.234375,6415.75,3315.177734375,1593.5733642578125,6618.20703125,3411.997802734375
2022-06-28,4697.28857421875,6372.1064453125,3274.871826171875,1598.2740478515625,6414.91796875,3378.46484375
2022-06-29,4557.07177734375,6350.28466796875,3204.336181640625,1588.87255859375,6595.61962890625,3386.847900390625
2022-06-30,4644.70654296875,6328.46142578125,3194.259521484375,1560.6676025390625,6437.50537109375,3353.31494140625
2022-07-01,4574.59814453125,6328.46142578125,3063.2646484375,1584.171630859375,6211.6279296875,3370.08154296875
2022-07-04,4557.07177734375,6153.8837890625,2982.65234375,1537.1636962890625,6143.86474609375,3344.931640625
2022-07-05,4434.38037109375,6328.46142578125,3083.417724609375,1588.87255859375,6053.51416015625,3344.931640625
2022-07-06,4259.10888671875,6372.1064453125,3033.03515625,1584.171630859375,6076.10107421875,3370.08154296875
2022-07-07,4171.47314453125,6197.52783203125,2992.728759765625,1579.470947265625,5985.75048828125,3386.847900390625
2022-07-08,4189.00048828125,6241.1728515625,3012.88232421875,1570.0692138671875,6030.92626953125,3361.697998046875
2022-07-11,4241.58154296875,6219.3505859375,3012.88232421875,1598.2740478515625,5872.8115234375,3386.847900390625
2022-07-12,4276.6357421875,6262.9951171875,2992.728759765625,1579.470947265625,5782.46044921875,3361.697998046875
2022-07-13,4083.836669921875,6110.23876953125,2932.269775390625,1588.87255859375,5782.46044921875,3303.014892578125
2022-07-14,4276.6357421875,6132.0615234375,2932.269775390625,1617.0772705078125,5895.39990234375,3370.08154296875
2022-07-15,4171.47314453125,6110.23876953125,2891.9638671875,1579.470947265625,5759.873046875,3479.064208984375
2022-07-18,4224.05419921875,6241.1728515625,2962.49951171875,1555.966796875,5872.8115234375,3512.597412109375
2022-07-19,4259.10888671875,6262.9951171875,2992.728759765625,1598.2740478515625,5917.98779296875,3487.447509765625
2022-07-20,4399.326171875,6459.39599609375,3184.18310546875,1626.47900390625,5872.8115234375,3529.36376953125
2022-07-21,4329.21728515625,6459.39599609375,3184.18310546875,1579.470947265625,5895.39990234375,3571.2802734375
2022-07-22,4259.10888671875,6393.9287109375,3164.030029296875,1612.37646484375,5895.39990234375,3546.13037109375
2022-07-25,4259.10888671875,6372.1064453125,3133.800537109375,1588.87255859375,5872.8115234375,3554.513671875
2022-07-26,4276.6357421875,6372.1064453125,3224.4892578125,1593.5733642578125,5940.5751953125,3562.897216796875
2022-07-27,4276.6357421875,6393.9287109375,3264.795166015625,1588.87255859375,5805.048828125,3604.813232421875
2022-07-28,4241.58154296875,6415.75,3244.64208984375,1570.0692138671875,5805.048828125,3554.513671875
2022-07-29,4434.38037109375,6415.75,3335.3310546875,1523.0611572265625,5895.39990234375,3546.13037109375
2022-08-01,4539.54345703125,6546.68505859375,3214.41259765625,1490.1556396484375,5827.63671875,3604.813232421875
2022-08-02,4539.54345703125,6633.9736328125,3295.02490234375,1494.8564453125,5827.63671875,3730.562744140625
2022-08-03,4627.18017578125,6655.79541015625,3325.25439453125,1494.8564453125,5850.22412109375,3772.4794921875
2022-08-04,4627.18017578125,6808.55126953125,3325.25439453125,1499.55712890625,6098.68896484375,3814.3955078125
2022-08-05,4644.70654296875,6874.01806640625,3325.25439453125,1494.8564453125,6143.86474609375,3898.228515625
2022-08-08,4697.28857421875,6874.01806640625,3365.560791015625,1518.3603515625,6324.56640625,3940.144775390625
2022-08-09,4732.34326171875,6895.84130859375,3415.943359375,1490.1556396484375,6279.39111328125,3889.844970703125
2022-08-10,4802.4521484375,6895.84130859375,3466.32568359375,1504.258056640625,6324.56640625,3822.779052734375
2022-08-11,4872.5615234375,6939.48583984375,3436.096435546875,1490.1556396484375,6256.8037109375,3831.162353515625
2022-08-12,4872.5615234375,6917.6640625,3415.943359375,1518.3603515625,6347.15478515625,3814.3955078125
2022-08-15,4819.97900390625,6939.48583984375,3405.86669921875,1499.55712890625,6256.8037109375,3730.562744140625
2022-08-16,4890.08837890625,6961.3076171875,3436.096435546875,1537.1636962890625,6211.6279296875,3697.029541015625
2022-08-18,4890.08837890625,6983.13037109375,3466.32568359375,1537.1636962890625,6166.4521484375,3814.3955078125
2022-08-19,4890.08837890625,6895.84130859375,3426.019775390625,1513.6595458984375,5940.5751953125,3856.312255859375
2022-08-22,4855.0341796875,6983.13037109375,3436.096435546875,1513.6595458984375,5963.16259765625,3898.228515625
2022-08-23,4890.08837890625,6895.84130859375,3476.40234375,1527.761962890625,6030.92626953125,3906.61181640625
2022-08-24,4942.669921875,6939.48583984375,3476.40234375,1518.3603515625,5940.5751953125,3982.061279296875
2022-08-25,4890.08837890625,7048.5966796875,3456.249267578125,1513.6595458984375,5917.98779296875,3831.162353515625
2022-08-26,4819.97900390625,6983.13037109375,3426.019775390625,1523.0611572265625,5917.98779296875,3764.095947265625
2022-08-29,4784.92529296875,7114.06494140625,3446.1728515625,1532.4627685546875,5895.39990234375,3789.24560546875
2022-08-30,4837.50634765625,7135.88671875,3486.478759765625,1532.4627685546875,5917.98779296875,3755.712890625
2022-08-31,4890.08837890625,7157.708984375,3567.09130859375,1579.470947265625,5963.16259765625,3822.779052734375
2022-09-01,4855.0341796875,7114.06494140625,3597.320556640625,1555.966796875,5827.63671875,3839.54541015625
2022-09-02,4855.0341796875,7179.53125,3567.09130859375,1574.77001953125,5805.048828125,3856.312255859375
2022-09-05,4819.97900390625,7223.17578125,3607.3974609375,1541.8643798828125,5895.39990234375,3873.07861328125
2022-09-06,4837.50634765625,7223.17578125,3557.0146484375,1560.6676025390625,5895.39990234375,3780.8623046875
2022-09-07,4662.234375,7310.46435546875,3577.167724609375,1565.3685302734375,5917.98779296875,3764.095947265625
2022-09-08,4662.234375,7288.6416015625,3607.3974609375,1565.3685302734375,5917.98779296875,3822.779052734375
2022-09-09,4749.87060546875,7310.46435546875,3657.77978515625,1598.2740478515625,5963.16259765625,3856.312255859375
2022-09-12,4890.08837890625,7310.46435546875,3698.086181640625,1645.2821044921875,5985.75048828125,3806.01220703125
2022-09-13,5047.83251953125,7441.3974609375,3808.927734375,1687.5894775390625,6076.10107421875,3789.24560546875
2022-09-14,5012.7783203125,7419.57568359375,3748.468505859375,1687.5894775390625,6008.33837890625,3755.712890625
2022-09-15,4942.669921875,7637.7978515625,3768.62158203125,1725.1959228515625,5985.75048828125,3772.4794921875
2022-09-16,4837.50634765625,7375.9306640625,3667.8564453125,1786.3062744140625,6211.6279296875,3697.029541015625
2022-09-19,4995.25146484375,7550.509765625,3718.2392578125,1762.8023681640625,6324.56640625,3772.4794921875
2022-09-20,5030.30615234375,7463.22021484375,3708.16259765625,1739.29833984375,6505.2685546875,3755.712890625
2022-09-21,5012.7783203125,7397.75390625,3738.391845703125,1729.896728515625,6505.2685546875,3713.796142578125
2022-09-22,5030.30615234375,7397.75390625,3708.16259765625,1743.9990234375,6573.03173828125,3713.796142578125
2022-09-23,5012.7783203125,7310.46435546875,3708.16259765625,1734.5975341796875,6708.55859375,3671.8798828125
2022-09-26,4890.08837890625,7354.109375,3728.31591796875,1739.29833984375,6708.55859375,3738.946044921875
2022-09-27,4872.5615234375,7244.99755859375,3768.62158203125,1739.29833984375,6776.3212890625,3722.179443359375
2022-09-28,4767.3974609375,7266.8203125,3748.468505859375,1711.093505859375,6685.970703125,3747.329345703125
2022-09-29,4749.87060546875,7310.46435546875,3728.31591796875,1720.4951171875,6776.3212890625,3722.179443359375
2022-09-30,4644.70654296875,7463.22021484375,3798.85107421875,1720.4951171875,6753.7333984375,3738.946044921875
2022-10-03,4644.70654296875,7419.57568359375,3738.391845703125,1701.6917724609375,6731.14599609375,3738.946044921875
2022-10-04,4714.81591796875,7463.22021484375,3718.2392578125,1706.392578125,6731.14599609375,3722.179443359375
2022-10-05,4679.76171875,7375.9306640625,3738.391845703125,1734.5975341796875,6618.20703125,3738.946044921875
2022-10-06,4627.18017578125,7354.109375,3758.544921875,1739.29833984375,6618.20703125,3713.796142578125
2022-10-07,4539.54345703125,7157.708984375,3798.85107421875,1734.5975341796875,6527.85595703125,3646.72998046875
2022-10-10,4557.07177734375,7244.99755859375,3748.468505859375,1781.6055908203125,6640.794921875,3705.412841796875
2022-10-11,4574.59814453125,7201.35302734375,3748.468505859375,1725.1959228515625,6798.90966796875,3613.196533203125
2022-10-12,4512.76953125,7266.8203125,3798.85107421875,1786.3062744140625,6776.3212890625,3638.3466796875
2022-10-13,4512.76953125,7223.17578125,3819.00439453125,1748.699951171875,6640.794921875,3604.813232421875
2022-10-14,4512.76953125,7201.35302734375,3788.77490234375,1734.5975341796875,6505.2685546875,3596.43017578125
2022-10-17,4566.07080078125,7201.35302734375,3808.927734375,1814.51123046875,6776.3212890625,3629.963134765625
2022-10-18,4512.76953125,7244.99755859375,3829.080810546875,1786.3062744140625,6798.90966796875,3562.897216796875
2022-10-19,4637.13720703125,7223.17578125,3819.00439453125,1861.519287109375,7002.19921875,3520.980712890625
2022-10-20,4566.07080078125,7419.57568359375,3990.30517578125,1908.52734375,7047.3740234375,3646.72998046875
2022-10-21,4672.67041015625,7550.509765625,4171.68310546875,1856.8184814453125,6866.67236328125,3655.11328125
2022-10-24,4725.9716796875,7768.732421875,4131.376953125,1875.6217041015625,6844.0849609375,3697.029541015625
2022-10-25,4761.5048828125,7594.154296875,4121.30029296875,1880.322509765625,6753.7333984375,3680.26318359375
2022-10-26,4672.67041015625,7463.22021484375,4111.22314453125,1917.928955078125,6753.7333984375,3663.49658203125
2022-10-27,4725.9716796875,7594.154296875,4111.22314453125,1889.7239990234375,6934.435546875,3663.49658203125
2022-10-28,4654.904296875,7637.7978515625,4111.22314453125,1899.125732421875,7002.19921875,3730.562744140625
2022-10-31,4725.9716796875,7681.443359375,4252.294921875,1927.3304443359375,7182.90087890625,3680.26318359375
2022-11-01,4672.67041015625,7681.443359375,4191.8359375,1866.2200927734375,7250.6640625,3705.412841796875
2022-11-02,4566.07080078125,7637.7978515625,4060.840576171875,1852.11767578125,7318.4267578125,3537.7470703125
2022-11-03,4530.5361328125,7681.443359375,4101.14697265625,1852.11767578125,7250.6640625,3462.2978515625
2022-11-04,4566.07080078125,7659.62060546875,4091.07080078125,1847.416748046875,7453.95361328125,3529.36376953125
2022-11-07,4619.37109375,7725.08837890625,4131.376953125,1899.125732421875,7453.95361328125,3588.047119140625
2022-11-08,4637.13720703125,7637.7978515625,4091.07080078125,1861.519287109375,7182.90087890625,3537.7470703125
2022-11-09,4654.904296875,7746.91015625,4091.07080078125,1842.7159423828125,7115.1376953125,3512.597412109375
2022-11-10,4637.13720703125,7681.443359375,4070.91748046875,1861.519287109375,7205.48828125,3495.83056640625
2022-11-11,4583.8369140625,7725.08837890625,4201.91259765625,1880.322509765625,7341.0146484375,3479.064208984375
2022-11-14,4477.236328125,7637.7978515625,4131.376953125,1889.7239990234375,7228.07666015625,3395.231201171875
2022-11-15,4423.935546875,7681.443359375,4131.376953125,1908.52734375,7182.90087890625,3395.231201171875
2022-11-16,4388.40185546875,7506.86474609375,4030.611572265625,1908.52734375,6889.26025390625,3395.231201171875
2022-11-17,4477.236328125,7615.9765625,3990.30517578125,1908.52734375,6889.26025390625,3386.847900390625
2022-11-18,4423.935546875,7703.265625,4101.14697265625,1936.732177734375,6979.6103515625,3361.697998046875
2022-11-21,4495.00244140625,7615.9765625,4070.91748046875,1983.740234375,6934.435546875,3378.46484375
2022-11-22,4423.935546875,7768.732421875,4080.993896484375,1899.125732421875,6957.02294921875,3353.31494140625
2022-11-23,4406.16943359375,7746.91015625,4111.22314453125,1927.3304443359375,6911.84765625,3328.1650390625
2022-11-24,4406.16943359375,7856.021484375,4121.30029296875,1946.1337890625,6866.67236328125,3378.46484375
2022-11-25,4388.40185546875,7834.1982421875,4101.14697265625,1974.338623046875,6957.02294921875,3378.46484375
2022-11-28,4423.935546875,7877.84521484375,4080.993896484375,1993.1417236328125,6957.02294921875,3336.548095703125
2022-11-29,4299.56787109375,7834.1982421875,4161.6064453125,1974.338623046875,6866.67236328125,3336.548095703125
2022-11-30,4299.56787109375,8117.88916015625,4242.21826171875,1946.1337890625,6866.67236328125,3386.847900390625
2022-12-01,4388.40185546875,7856.021484375,4191.8359375,1927.3304443359375,6957.02294921875,3319.78173828125
2022-12-02,4352.8681640625,7799.06201171875,4242.21826171875,1936.732177734375,6934.435546875,3353.31494140625
2022-12-05,4281.80078125,7689.5244140625,4383.28955078125,1936.732177734375,6957.02294921875,3219.182373046875
2022-12-06,4175.20068359375,7601.89501953125,4393.3662109375,1908.52734375,6482.6806640625,3017.9833984375
2022-12-07,4068.599853515625,7404.72705078125,4181.75927734375,1908.52734375,6324.56640625,3085.049560546875
2022-12-08,4033.066162109375,7448.54248046875,4050.7646484375,2011.945068359375,6279.39111328125,3135.349609375
2022-12-09,4033.066162109375,7514.26513671875,4000.38232421875,2002.54345703125,6279.39111328125,3059.899658203125
2022-12-12,4033.066162109375,7623.802734375,4010.458251953125,2021.346435546875,6098.68896484375,3101.81640625
2022-12-13,4139.66650390625,7623.802734375,3990.30517578125,1983.740234375,6342.1630859375,3143.732666015625
2022-12-14,4139.66650390625,7558.080078125,4010.458251953125,1993.1417236328125,6342.1630859375,3143.732666015625
2022-12-15,4121.89990234375,7448.54248046875,3990.30517578125,1927.3304443359375,6546.01806640625,3076.66650390625
2022-12-16,4104.1328125,7536.17236328125,4070.91748046875,1993.1417236328125,6364.81396484375,3085.049560546875
2022-12-19,4050.8330078125,7579.98779296875,4030.611572265625,2040.1500244140625,6296.8623046875,3118.582763671875
2022-12-20,4050.8330078125,7514.26513671875,4050.7646484375,1974.338623046875,6138.3076171875,3118.582763671875
2022-12-21,4050.8330078125,7601.89501953125,4030.611572265625,1974.338623046875,6093.00634765625,3177.265869140625
2022-12-22,4104.1328125,7514.26513671875,4010.458251953125,1936.732177734375,6093.00634765625,3143.732666015625
2022-12-23,4033.066162109375,7448.54248046875,4000.38232421875,1917.928955078125,6115.6572265625,3168.882568359375
2022-12-26,4015.29931640625,7514.26513671875,4050.7646484375,1946.1337890625,6160.95849609375,3143.732666015625
2022-12-27,4033.066162109375,7536.17236328125,4010.458251953125,1908.52734375,6047.70556640625,3194.032470703125
2022-12-28,3997.532470703125,7579.98779296875,4020.53515625,1908.52734375,6047.70556640625,3126.966064453125
2022-12-29,4015.29931640625,7514.26513671875,4020.53515625,1964.93701171875,6047.70556640625,3168.882568359375
2022-12-30,4050.8330078125,7492.357421875,4000.38232421875,1964.93701171875,5957.10302734375,3143.732666015625
2023-01-02,4050.8330078125,7492.357421875,3980.228759765625,1936.732177734375,6002.404296875,3185.649169921875
2023-01-03,4015.29931640625,7492.357421875,4010.458251953125,1993.1417236328125,6070.35595703125,3235.948974609375
2023-01-04,4033.066162109375,7317.09716796875,4040.68798828125,1964.93701171875,6138.3076171875,3202.41552734375
2023-01-05,3819.864013671875,7229.4677734375,3960.075927734375,1946.1337890625,6070.35595703125,3160.499267578125
2023-01-06,3873.1650390625,7273.28271484375,3949.99951171875,1927.3304443359375,6410.11474609375,3110.199462890625
2023-01-09,3802.09716796875,7404.72705078125,3919.76953125,1974.338623046875,6500.716796875,3177.265869140625
2023-01-10,3784.330322265625,7163.74560546875,3738.391845703125,1927.3304443359375,6387.4638671875,3210.799072265625
2023-01-11,3713.262939453125,7119.9306640625,3607.3974609375,1917.928955078125,6342.1630859375,3244.33203125
2023-01-12,3802.09716796875,7163.74560546875,3708.16259765625,1899.125732421875,6704.572265625,3235.948974609375
2023-01-13,3873.1650390625,7054.2080078125,3698.086181640625,1927.3304443359375,6523.36767578125,3168.882568359375
2023-01-16,3979.765625,7141.8388671875,3748.468505859375,1936.732177734375,6704.572265625,3227.565673828125
2023-01-17,3944.23193359375,7295.1904296875,3929.845947265625,1946.1337890625,6546.01806640625,3311.3984375
2023-01-18,4015.29931640625,7273.28271484375,3849.23388671875,1964.93701171875,6342.1630859375,3294.6318359375
2023-01-19,4157.43359375,7295.1904296875,3929.845947265625,1974.338623046875,6455.416015625,3261.0986328125
2023-01-20,4192.966796875,7273.28271484375,4020.53515625,1936.732177734375,6387.4638671875,3244.33203125
2023-01-24,4210.73388671875,7207.560546875,3990.30517578125,1936.732177734375,6432.76513671875,3227.565673828125
2023-01-25,4228.5009765625,7185.6533203125,3909.693115234375,1927.3304443359375,6387.4638671875,3219.182373046875
2023-01-26,4192.966796875,7426.63525390625,3960.075927734375,1917.928955078125,6636.62060546875,3328.1650390625
2023-01-27,4175.20068359375,7623.802734375,4040.68798828125,1927.3304443359375,6591.3193359375,3319.78173828125
2023-01-30,4175.20068359375,7623.802734375,4010.458251953125,2021.346435546875,6546.01806640625,3319.78173828125
2023-01-31,4264.0341796875,7426.63525390625,4010.458251953125,1936.732177734375,6704.572265625,3227.565673828125
2023-02-01,4264.0341796875,7448.54248046875,3909.693115234375,1955.5355224609375,6636.62060546875,3244.33203125
2023-02-02,4210.73388671875,7404.72705078125,3919.76953125,2068.35498046875,6636.62060546875,3261.0986328125
2023-02-03,4175.20068359375,7623.802734375,4000.38232421875,2049.55126953125,6591.3193359375,3252.71533203125
2023-02-06,4157.43359375,7645.7099609375,3980.228759765625,2040.1500244140625,6568.66845703125,3252.71533203125
2023-02-07,4175.20068359375,7755.24755859375,4101.14697265625,2077.75634765625,6568.66845703125,3185.649169921875
2023-02-08,4121.89990234375,7733.33984375,4111.22314453125,2115.36279296875,6546.01806640625,3219.182373046875
2023-02-09,4033.066162109375,7799.06201171875,4131.376953125,2115.36279296875,6636.62060546875,3160.499267578125
2023-02-10,4050.8330078125,7733.33984375,4151.52978515625,2218.780517578125,7021.68017578125,3185.649169921875
2023-02-13,4068.599853515625,7777.15478515625,4171.68310546875,2096.5595703125,6885.77685546875,3177.265869140625
2023-02-14,4068.599853515625,7842.87744140625,4181.75927734375,2190.575927734375,6931.07861328125,3185.649169921875
2023-02-15,4033.066162109375,7777.15478515625,4121.30029296875,2171.7724609375,6908.42724609375,3177.265869140625
2023-02-16,4050.8330078125,7623.802734375,4101.14697265625,2152.969482421875,6817.8251953125,3160.499267578125
2023-02-17,4033.066162109375,7645.7099609375,4151.52978515625,2115.36279296875,6727.22265625,3152.115966796875
2023-02-20,3979.765625,7667.61669921875,4141.45361328125,2162.37109375,6817.8251953125,3202.41552734375
2023-02-21,3961.998779296875,7623.802734375,4111.22314453125,2152.969482421875,6863.12646484375,3219.182373046875
2023-02-22,3997.532470703125,7601.89501953125,4030.611572265625,2030.748291015625,6727.22265625,3235.948974609375
2023-02-23,4015.29931640625,7645.7099609375,4060.840576171875,2049.55126953125,6908.42724609375,3328.1650390625
2023-02-24,4086.3662109375,7601.89501953125,4080.993896484375,2134.166015625,6704.572265625,3386.847900390625
2023-02-27,4121.89990234375,7689.5244140625,4091.07080078125,2040.1500244140625,6681.92138671875,3319.78173828125
2023-02-28,4335.1015625,7667.61669921875,4030.611572265625,1983.740234375,6546.01806640625,3252.71533203125
2023-03-01,4370.63623046875,7536.17236328125,4070.91748046875,1983.740234375,6568.66845703125,3294.6318359375
2023-03-02,4370.63623046875,7558.080078125,4121.30029296875,1974.338623046875,6478.06640625,3252.71533203125
2023-03-03,4299.56787109375,7426.63525390625,4050.7646484375,1936.732177734375,6500.716796875,3269.482177734375
2023-03-06,4317.3349609375,7360.9130859375,4080.993896484375,1983.740234375,6455.416015625,3252.71533203125
2023-03-07,4228.5009765625,7382.8203125,4101.14697265625,1955.5355224609375,6410.11474609375,3252.71533203125
2023-03-08,4210.73388671875,7514.26513671875,4141.45361328125,1974.338623046875,6251.560546875,3303.014892578125
2023-03-09,4281.80078125,7514.26513671875,4211.98876953125,1955.5355224609375,6274.2109375,3328.1650390625
2023-03-10,4246.26806640625,7404.72705078125,4181.75927734375,1936.732177734375,6138.3076171875,3361.697998046875
2023-03-13,4210.73388671875,7492.357421875,4171.68310546875,1983.740234375,6002.404296875,3411.997802734375
2023-03-14,4104.1328125,7295.1904296875,4000.38232421875,1964.93701171875,5957.10302734375,3370.08154296875
2023-03-15,4104.1328125,7295.1904296875,4050.7646484375,1946.1337890625,5594.69384765625,3361.697998046875
2023-03-16,4157.43359375,7273.28271484375,3970.15185546875,2002.54345703125,5436.1396484375,3395.231201171875
2023-03-17,4157.43359375,7339.0048828125,4070.91748046875,2087.157958984375,5526.7421875,3395.231201171875
2023-03-20,4175.20068359375,7360.9130859375,4030.611572265625,2040.1500244140625,5504.09130859375,3344.931640625
2023-03-21,4175.20068359375,7448.54248046875,4232.14208984375,2077.75634765625,5662.6455078125,3453.914306640625
2023-03-24,4228.5009765625,7733.33984375,4393.3662109375,2002.54345703125,5707.94677734375,3411.997802734375
2023-03-27,4175.20068359375,7623.802734375,4321.0673828125,1974.338623046875,5662.6455078125,3395.231201171875
2023-03-28,4157.43359375,7601.89501953125,4289.294921875,2021.346435546875,5775.8984375,3395.231201171875
2023-03-29,4228.5009765625,7865.57080078125,4384.61328125,2068.35498046875,5775.8984375,3437.147705078125
2023-03-30,4192.966796875,7887.91552734375,4331.65869140625,2040.1500244140625,5775.8984375,3428.7646484375
2023-03-31,4264.0341796875,7820.87890625,4374.02197265625,1974.338623046875,5707.94677734375,3403.61474609375
2023-04-03,4264.0341796875,7865.57080078125,4458.74853515625,1955.5355224609375,5753.248046875,3420.381103515625
2023-04-04,4281.80078125,7843.22412109375,4405.79443359375,1974.338623046875,5775.8984375,3403.61474609375
2023-04-05,4264.0341796875,7798.5341796875,4426.97607421875,1964.93701171875,5458.7900390625,3479.064208984375
2023-04-06,4210.73388671875,7820.87890625,4384.61328125,1927.3304443359375,5458.7900390625,3562.897216796875
2023-04-10,4246.26806640625,7865.57080078125,4321.0673828125,1946.1337890625,5481.44091796875,3604.813232421875
2023-04-11,4317.3349609375,7887.91552734375,4321.0673828125,1946.1337890625,5572.04345703125,3604.813232421875
2023-04-12,4441.703125,7954.95166015625,4363.43115234375,1917.928955078125,5617.34423828125,3613.196533203125
2023-04-13,4441.703125,7977.29638671875,4342.24951171875,1908.52734375,5526.7421875,3638.3466796875
2023-04-14,4406.16943359375,8044.3330078125,4426.97607421875,1936.732177734375,5549.392578125,3638.3466796875
2023-04-17,4423.935546875,8066.6796875,4342.24951171875,1917.928955078125,5481.44091796875,3579.663818359375
2023-04-18,4566.07080078125,8156.0595703125,4384.61328125,1936.732177734375,5458.7900390625,3579.663818359375
2023-04-26,4761.5048828125,8223.095703125,4405.79443359375,1955.5355224609375,5458.7900390625,3688.64599609375
2023-04-27,4761.5048828125,8178.4052734375,4405.79443359375,1993.1417236328125,5458.7900390625,3621.580078125
2023-04-28,4797.0390625,8089.02392578125,4384.61328125,1993.1417236328125,5390.837890625,3562.897216796875
2023-05-02,4743.73828125,8089.02392578125,4448.15771484375,1946.1337890625,5322.88623046875,3512.597412109375
2023-05-03,4708.2041015625,7977.29638671875,4426.97607421875,1936.732177734375,5300.236328125,3479.064208984375
2023-05-04,4690.43798828125,8044.3330078125,4384.61328125,1964.93701171875,5484.81884765625,3479.064208984375
2023-05-05,4769.54248046875,8044.3330078125,4384.61328125,2021.346435546875,5390.25341796875,3495.83056640625
2023-05-08,4750.154296875,8044.3330078125,4342.24951171875,1974.338623046875,5508.4609375,3403.61474609375
2023-05-09,4905.2607421875,7977.29638671875,4278.70458984375,1936.732177734375,5792.158203125,3411.997802734375
2023-05-10,4905.2607421875,7977.29638671875,4299.8857421875,1936.732177734375,5721.23388671875,3462.2978515625
2023-05-11,4847.09619140625,7887.91552734375,4321.0673828125,2002.54345703125,5555.7431640625,3428.7646484375
2023-05-12,4827.7080078125,7865.57080078125,4236.34130859375,2019.7738037109375,5579.38525390625,3336.548095703125
2023-05-15,4924.6494140625,7843.22412109375,4278.70458984375,2048.490966796875,5532.10205078125,3336.548095703125
2023-05-16,4866.48486328125,7776.18896484375,4227.8681640625,2105.92529296875,5579.38525390625,3336.548095703125
2023-05-17,4905.2607421875,7843.22412109375,4236.34130859375,2067.6357421875,5603.0263671875,3344.931640625
2023-05-19,5021.59130859375,8044.3330078125,4299.8857421875,2077.208251953125,5603.0263671875,3370.08154296875
2023-05-22,5118.533203125,8044.3330078125,4426.97607421875,2038.91845703125,5721.23388671875,3386.847900390625
2023-05-23,5118.533203125,8156.0595703125,4342.24951171875,2029.3460693359375,5626.66748046875,3386.847900390625
2023-05-24,5176.6982421875,8066.6796875,4299.8857421875,1952.76708984375,5603.0263671875,3487.447509765625
2023-05-25,5118.533203125,8089.02392578125,4384.61328125,1962.33935546875,5579.38525390625,3453.914306640625
2023-05-26,5118.533203125,8178.4052734375,4342.24951171875,1962.33935546875,5579.38525390625,3462.2978515625
2023-05-29,5118.533203125,8178.4052734375,4363.43115234375,2019.7738037109375,5579.38525390625,3520.980712890625
2023-05-30,5040.97998046875,8267.7861328125,4363.43115234375,1981.4842529296875,5579.38525390625,3453.914306640625
2023-05-31,5002.20263671875,8089.02392578125,4278.70458984375,1943.1947021484375,5484.81884765625,3386.847900390625
2023-06-05,5293.02880859375,8223.095703125,4299.8857421875,1962.33935546875,5508.4609375,3420.381103515625
2023-06-06,5273.64013671875,8178.4052734375,4278.70458984375,1952.76708984375,5532.10205078125,3428.7646484375
2023-06-07,5273.64013671875,8133.71435546875,4257.5224609375,1962.33935546875,5532.10205078125,3479.064208984375
2023-06-08,5254.251953125,8156.0595703125,4257.5224609375,1952.76708984375,5555.7431640625,3495.83056640625
2023-06-09,5273.64013671875,8133.71435546875,4342.24951171875,1962.33935546875,5603.0263671875,3479.064208984375
2023-06-12,5254.251953125,8178.4052734375,4321.0673828125,1971.911865234375,5721.23388671875,3538.119140625
2023-06-13,5234.86376953125,8178.4052734375,4321.0673828125,1991.056640625,5673.95068359375,3520.646728515625
2023-06-14,5351.19384765625,8111.36962890625,4278.70458984375,1962.33935546875,5650.3095703125,3494.4384765625
2023-06-15,5331.8056640625,8089.02392578125,4342.24951171875,1991.056640625,5744.875,3511.910888671875
2023-06-16,5312.41748046875,8089.02392578125,4363.43115234375,2010.2012939453125,5673.95068359375,3468.23046875
2023-06-19,5331.8056640625,8044.3330078125,4342.24951171875,1981.4842529296875,5673.95068359375,3459.494140625
2023-06-20,5273.64013671875,8089.02392578125,4321.0673828125,1981.4842529296875,5697.59228515625,3485.70263671875
2023-06-21,5370.5830078125,8156.0595703125,4321.0673828125,1962.33935546875,5697.59228515625,3476.96630859375
2023-06-22,5254.251953125,8089.02392578125,4299.8857421875,1933.6221923828125,5697.59228515625,3442.022216796875
2023-06-23,5254.251953125,8089.02392578125,4299.8857421875,1962.33935546875,5792.158203125,3450.758056640625
2023-06-26,5273.64013671875,8111.36962890625,4342.24951171875,1981.4842529296875,5815.7998046875,3485.70263671875
2023-06-27,5254.251953125,8178.4052734375,4405.79443359375,1962.33935546875,5744.875,3494.4384765625
2023-07-03,5293.02880859375,8111.36962890625,4532.884765625,1933.6221923828125,5744.875,3494.4384765625
2023-07-04,5254.251953125,8089.02392578125,4448.15771484375,1900.118896484375,5744.875,3468.23046875
2023-07-05,5254.251953125,8089.02392578125,4469.33984375,1924.0499267578125,5839.44091796875,3476.96630859375
2023-07-06,5273.64013671875,8111.36962890625,4490.521484375,1904.905029296875,5910.365234375,3459.494140625
2023-07-07,5293.02880859375,8066.6796875,4363.43115234375,1904.905029296875,6075.85595703125,3459.494140625
2023-07-10,5254.251953125,8089.02392578125,4384.61328125,1914.4775390625,6075.85595703125,3450.758056640625
2023-07-11,5273.64013671875,8066.6796875,4469.33984375,1943.1947021484375,6194.06298828125,3476.96630859375
2023-07-12,5254.251953125,8200.7509765625,4490.521484375,1914.4775390625,6146.7802734375,3476.96630859375
2023-07-13,5273.64013671875,8156.0595703125,4532.884765625,1933.6221923828125,6359.55322265625,3424.550048828125
2023-07-14,5234.86376953125,8223.095703125,4575.24853515625,1981.4842529296875,6501.40234375,3433.285888671875
2023-07-17,5176.6982421875,8200.7509765625,4554.06640625,1933.6221923828125,6406.8359375,3415.813720703125
2023-07-18,5099.1455078125,8178.4052734375,4532.884765625,1914.4775390625,6406.8359375,3363.397216796875
2023-07-20,5060.3681640625,8178.4052734375,4681.15673828125,1866.6156005859375,6335.91162109375,3363.397216796875
2023-07-21,5002.20263671875,8178.4052734375,4702.33837890625,1885.7603759765625,6572.32666015625,3372.13330078125
2023-07-24,5079.7568359375,8133.71435546875,4659.97509765625,1885.7603759765625,6572.32666015625,3407.07763671875
2023-07-25,5040.97998046875,8178.4052734375,4702.33837890625,1880.97412109375,6619.609375,3389.60546875
2023-07-26,5118.533203125,8357.1689453125,4723.5205078125,1852.2569580078125,6454.119140625,3389.60546875
2023-07-27,5060.3681640625,8245.4404296875,4765.88330078125,1823.539794921875,6312.2705078125,3249.827880859375
2023-07-28,5137.92236328125,8156.0595703125,4829.4287109375,1828.3260498046875,6383.19482421875,3249.827880859375
2023-07-31,5312.41748046875,8156.0595703125,4850.6103515625,1833.1121826171875,6595.9677734375,3249.827880859375
2023-08-01,5331.8056640625,8156.0595703125,4787.06494140625,1727.8160400390625,6359.55322265625,3276.0361328125
2023-08-02,5312.41748046875,8223.095703125,4829.4287109375,1718.2435302734375,6454.119140625,3223.61962890625
2023-08-03,5293.02880859375,8267.7861328125,4914.15576171875,1804.39501953125,6832.38232421875,3249.827880859375
2023-08-04,5273.64013671875,8178.4052734375,4892.9736328125,1794.8226318359375,6690.53369140625,3223.61962890625
2023-08-07,5331.8056640625,8290.130859375,4977.7001953125,1770.8917236328125,6572.32666015625,3214.883544921875
2023-08-08,5312.41748046875,8223.095703125,4998.88232421875,1775.6778564453125,6477.76025390625,3258.56396484375
2023-08-09,5331.8056640625,8401.859375,4998.88232421875,1794.8226318359375,6312.2705078125,3293.50830078125
2023-08-10,5234.86376953125,8401.859375,5062.427734375,1766.10546875,6288.62890625,3319.716552734375
2023-08-11,5234.86376953125,8401.859375,5020.06396484375,1770.8917236328125,6359.55322265625,3328.452880859375
2023-08-14,5273.64013671875,8357.1689453125,5041.24560546875,1770.8917236328125,6477.76025390625,3345.925048828125
2023-08-15,5215.47509765625,8312.4775390625,4914.15576171875,1770.8917236328125,6477.76025390625,3337.188720703125
2023-08-16,5234.86376953125,8312.4775390625,4914.15576171875,1790.036376953125,6548.6845703125,3345.925048828125
2023-08-18,5060.3681640625,8267.7861328125,4892.9736328125,1766.10546875,6359.55322265625,3284.7724609375
2023-08-21,5021.59130859375,8200.7509765625,4935.3369140625,1766.10546875,6335.91162109375,3267.30029296875
2023-08-22,5079.7568359375,8312.4775390625,5041.24560546875,1775.6778564453125,6383.19482421875,3276.0361328125
2023-08-23,5079.7568359375,8312.4775390625,4956.51904296875,1732.60205078125,6359.55322265625,3267.30029296875
2023-08-24,5021.59130859375,8223.095703125,5041.24560546875,1732.60205078125,6501.40234375,3249.827880859375
2023-08-25,5002.20263671875,8290.130859375,4998.88232421875,1732.60205078125,6501.40234375,3249.827880859375
2023-08-28,4982.81494140625,8223.095703125,5083.609375,1727.8160400390625,6477.76025390625,3232.355712890625
2023-08-29,4963.42626953125,8267.7861328125,5041.24560546875,1780.464111328125,6501.40234375,3249.827880859375
2023-08-30,5002.20263671875,8223.095703125,5062.427734375,1766.10546875,6501.40234375,3328.452880859375
2023-08-31,5002.20263671875,8200.7509765625,5104.79052734375,1737.3883056640625,6430.47802734375,3258.56396484375
2023-09-01,5079.7568359375,8245.4404296875,5147.154296875,1699.098876953125,6430.47802734375,3249.827880859375
2023-09-04,5118.533203125,8245.4404296875,5168.3359375,1708.671142578125,6406.8359375,3258.56396484375
2023-09-05,5118.533203125,8245.4404296875,5168.3359375,1694.3126220703125,6595.9677734375,3267.30029296875
2023-09-06,5060.3681640625,8178.4052734375,5125.97216796875,1665.595458984375,6501.40234375,3310.980712890625
2023-09-07,4963.42626953125,8200.7509765625,4977.7001953125,1632.092041015625,6501.40234375,3284.7724609375
2023-09-08,4963.42626953125,8156.0595703125,4998.88232421875,1646.45068359375,6548.6845703125,3223.61962890625
2023-09-11,4944.0380859375,8156.0595703125,5020.06396484375,1780.464111328125,6714.1748046875,3232.355712890625
2023-09-12,4885.87255859375,8133.71435546875,4977.7001953125,1742.174560546875,6643.2509765625,3241.091796875
2023-09-13,4885.87255859375,8111.36962890625,4956.51904296875,1708.671142578125,6595.9677734375,3241.091796875
2023-09-14,4905.2607421875,8133.71435546875,4935.3369140625,1708.671142578125,6619.609375,3214.883544921875
2023-09-15,4885.87255859375,8044.3330078125,5020.06396484375,1689.5263671875,6619.609375,3249.827880859375
2023-09-18,4885.87255859375,8044.3330078125,4998.88232421875,1737.3883056640625,6501.40234375,3214.883544921875
2023-09-19,4924.6494140625,8111.36962890625,5083.609375,1713.4573974609375,6477.76025390625,3258.56396484375
2023-09-20,4885.87255859375,8178.4052734375,5147.154296875,1675.1678466796875,6501.40234375,3328.452880859375
2023-09-21,4808.3193359375,8156.0595703125,5083.609375,1737.3883056640625,6525.04345703125,3328.452880859375
2023-09-22,4808.3193359375,8111.36962890625,5083.609375,1703.885009765625,6477.76025390625,3372.13330078125
2023-09-25,4847.09619140625,8044.3330078125,5083.609375,1699.098876953125,6288.62890625,3293.50830078125
2023-09-26,4808.3193359375,7999.642578125,5020.06396484375,1727.8160400390625,6194.06298828125,3284.7724609375
2023-09-27,4769.54248046875,7932.60595703125,5083.609375,1679.9539794921875,6194.06298828125,3249.827880859375
2023-09-29,4827.7080078125,7887.91552734375,5104.79052734375,1679.9539794921875,6075.85595703125,3276.0361328125
2023-10-02,4866.48486328125,8111.36962890625,5125.97216796875,1708.671142578125,6123.138671875,3276.0361328125
2023-10-03,4808.3193359375,8223.095703125,5147.154296875,1718.2435302734375,6052.2138671875,3293.50830078125
2023-10-04,4711.37744140625,8223.095703125,5189.51806640625,1689.5263671875,5957.6484375,3302.244384765625
2023-10-05,4672.60009765625,8111.36962890625,5189.51806640625,1756.533203125,5910.365234375,3249.827880859375
2023-10-06,4711.37744140625,8066.6796875,5104.79052734375,1756.533203125,6004.931640625,3302.244384765625
2023-10-09,4750.154296875,8089.02392578125,4998.88232421875,1703.885009765625,6241.345703125,3284.7724609375
2023-10-10,4691.98876953125,7977.29638671875,5083.609375,1679.9539794921875,6217.70458984375,3328.452880859375
2023-10-11,4691.98876953125,7977.29638671875,5125.97216796875,1675.1678466796875,6170.42138671875,3302.244384765625
2023-10-12,4690.412109375,8089.02392578125,5147.154296875,1665.595458984375,6194.06298828125,3345.925048828125
2023-10-13,4710.11962890625,8111.36962890625,5147.154296875,1675.1678466796875,6217.70458984375,3363.397216796875
2023-10-16,4611.58203125,8133.71435546875,5104.79052734375,1684.7401123046875,6099.4970703125,3284.7724609375
2023-10-17,4611.58203125,7999.642578125,5083.609375,1746.960693359375,6217.70458984375,3310.980712890625
2023-10-18,4591.87451171875,7910.26123046875,4956.51904296875,1727.8160400390625,6052.2138671875,3276.0361328125
2023-10-19,4513.04345703125,7820.87890625,4850.6103515625,1723.02978515625,6123.138671875,3258.56396484375
2023-10-20,4493.33642578125,8021.98681640625,4871.7919921875,1694.3126220703125,6052.2138671875,3232.355712890625
2023-10-23,4414.50537109375,7910.26123046875,4808.2470703125,1694.3126220703125,5934.0068359375,3153.73095703125
2023-10-24,4572.1669921875,7843.22412109375,4871.7919921875,1746.960693359375,5981.28955078125,3188.67529296875
2023-10-25,4552.45947265625,7932.60595703125,4956.51904296875,1684.7401123046875,6052.2138671875,3144.994873046875
2023-10-26,4513.04345703125,7798.5341796875,4829.4287109375,1675.1678466796875,5910.365234375,3040.16162109375
2023-10-27,4513.04345703125,7776.18896484375,4829.4287109375,1679.9539794921875,5839.44091796875,3057.6337890625
2023-10-30,4572.1669921875,7910.26123046875,4850.6103515625,1632.092041015625,5768.5166015625,2987.7451171875
2023-10-31,4552.45947265625,7820.87890625,4808.2470703125,1617.7335205078125,5768.5166015625,3048.897705078125
2023-11-01,4572.1669921875,7686.806640625,4787.06494140625,1536.3682861328125,5721.23388671875,3162.466796875
2023-11-02,4572.1669921875,7910.26123046875,4998.88232421875,1526.7957763671875,5910.365234375,3162.466796875
2023-11-03,4650.99658203125,7954.95166015625,4935.3369140625,1522.0096435546875,5863.08251953125,3118.786376953125
2023-11-06,4670.7041015625,8089.02392578125,5020.06396484375,1545.9405517578125,6123.138671875,3188.67529296875
2023-11-07,4591.87451171875,8021.98681640625,4977.7001953125,1536.3682861328125,6099.4970703125,3118.786376953125
2023-11-08,4513.04345703125,8044.3330078125,4956.51904296875,1545.9405517578125,6004.931640625,3075.10595703125
2023-11-09,4532.75146484375,8044.3330078125,4977.7001953125,1550.726806640625,6028.57275390625,3083.842041015625
2023-11-10,4552.45947265625,7887.91552734375,4892.9736328125,1522.0096435546875,5934.0068359375,3101.314208984375
2023-11-13,4453.92041015625,7932.60595703125,4935.3369140625,1531.58203125,6004.931640625,3075.10595703125
2023-11-14,4473.62890625,7977.29638671875,4935.3369140625,1536.3682861328125,5886.72412109375,3057.6337890625
2023-11-15,4532.75146484375,8089.02392578125,5020.06396484375,1541.154296875,5934.0068359375,3101.314208984375
2023-11-16,4591.87451171875,8111.36962890625,5020.06396484375,1545.9405517578125,5934.0068359375,3092.578125
2023-11-17,4493.33642578125,8111.36962890625,4998.88232421875,1550.726806640625,6264.9873046875,3101.314208984375
2023-11-20,4572.1669921875,7932.60595703125,4977.7001953125,1555.512939453125,6335.91162109375,3136.258544921875
2023-11-21,4552.45947265625,7843.22412109375,4977.7001953125,1536.3682861328125,6264.9873046875,3162.466796875
2023-11-22,4473.62890625,7932.60595703125,4977.7001953125,1574.65771484375,6099.4970703125,3153.73095703125
2023-11-23,4493.33642578125,7977.29638671875,4998.88232421875,1569.8714599609375,6099.4970703125,3144.994873046875
2023-11-24,4513.04345703125,7977.29638671875,4977.7001953125,1526.7957763671875,6075.85595703125,3162.466796875
2023-11-27,4434.21337890625,7932.60595703125,4998.88232421875,1555.512939453125,6146.7802734375,3214.883544921875
2023-11-28,4375.09033203125,7932.60595703125,4998.88232421875,1536.3682861328125,6052.2138671875,3293.50830078125
2023-11-29,4355.38232421875,7954.95166015625,4956.51904296875,1536.3682861328125,6052.2138671875,3249.827880859375
2023-11-30,4256.84521484375,8021.98681640625,4956.51904296875,1545.9405517578125,6146.7802734375,3284.7724609375
2023-12-01,4532.75146484375,7999.642578125,4998.88232421875,1593.802490234375,6194.06298828125,3345.925048828125
2023-12-04,4532.75146484375,8015.35791015625,5083.609375,1569.8714599609375,6099.4970703125,3328.452880859375
2023-12-05,4513.04345703125,7992.90625,5062.427734375,1589.016357421875,6028.57275390625,3363.397216796875
2023-12-06,4513.04345703125,7903.09912109375,4914.15576171875,1627.3057861328125,6075.85595703125,3424.550048828125
2023-12-07,4473.62890625,7925.55029296875,4871.7919921875,1598.588623046875,5957.6484375,3415.813720703125
2023-12-08,4473.62890625,7858.19384765625,4829.4287109375,1574.65771484375,5957.6484375,3442.022216796875
2023-12-11,4414.50537109375,7858.19384765625,4892.9736328125,1560.2991943359375,5792.158203125,3476.96630859375
2023-12-12,4394.7978515625,7813.291015625,4914.15576171875,1541.154296875,5839.44091796875,3415.813720703125
2023-12-13,4355.38232421875,7790.8388671875,4850.6103515625,1541.154296875,5886.72412109375,3424.550048828125
2023-12-14,4434.21337890625,8127.61767578125,5041.24560546875,1531.58203125,5839.44091796875,3442.022216796875
2023-12-15,4453.92041015625,8284.7822265625,4998.88232421875,1531.58203125,5863.08251953125,3476.96630859375
2023-12-18,4414.50537109375,8262.3291015625,5020.06396484375,1545.9405517578125,5792.158203125,3468.23046875
2023-12-19,4434.21337890625,8307.234375,5062.427734375,1589.016357421875,5839.44091796875,3468.23046875
2023-12-20,4434.21337890625,8352.1376953125,5020.06396484375,1545.9405517578125,5886.72412109375,3459.494140625
2023-12-21,4375.09033203125,8374.5908203125,5062.427734375,1531.58203125,5815.7998046875,3450.758056640625
2023-12-22,4375.09033203125,8374.5908203125,5062.427734375,1517.223388671875,5934.0068359375,3459.494140625
2023-12-27,4375.09033203125,8419.4931640625,5083.609375,1550.726806640625,5934.0068359375,3442.022216796875
2023-12-28,4414.50537109375,8441.9462890625,5189.51806640625,1550.726806640625,5934.0068359375,3459.494140625
2023-12-29,4453.92041015625,8441.9462890625,5125.97216796875,1541.154296875,6052.2138671875,3450.758056640625
