Date,ASII.JK,BBCA.JK,TLKM.JK,TPIA.JK
2020-09-01,3657.168212890625,5733.181640625,2232.783203125,1770.053955078125
2020-09-02,3691.998779296875,5658.439453125,2271.279541015625,1720.71435546875
2020-09-03,3604.92333984375,5715.595703125,2232.783203125,1714.5469970703125
2020-09-04,3517.847412109375,5610.0771484375,2201.986328125,1683.709716796875
2020-09-07,3500.433349609375,5526.541015625,2232.783203125,1702.212158203125
2020-09-08,3570.09326171875,5570.50830078125,2201.986328125,1708.379638671875
2020-09-09,3413.357177734375,5491.36865234375,2155.79052734375,1683.709716796875
2020-09-10,3176.51220703125,5108.86328125,2078.798095703125,1622.0355224609375
2020-09-11,3225.274169921875,5192.39892578125,2163.48974609375,1677.54248046875
2020-09-14,3336.7314453125,5319.9013671875,2225.083984375,1696.044677734375
2020-09-15,3357.62890625,5152.8291015625,2178.888427734375,1708.379638671875
2020-09-16,3329.764892578125,5056.103515625,2148.091552734375,1726.8818359375
2020-09-17,3385.4931640625,5060.50048828125,2171.189453125,1726.8818359375
2020-09-18,3329.764892578125,4950.58544921875,2225.083984375,1726.8818359375
2020-09-21,3253.138916015625,4928.60205078125,2163.48974609375,1714.5469970703125
2020-09-22,3253.138916015625,4792.306640625,2140.392333984375,1708.379638671875
2020-09-23,3225.274169921875,4840.66943359375,2155.79052734375,1726.8818359375
2020-09-24,3204.376220703125,4787.91064453125,2101.89599609375,1757.7191162109375
2020-09-25,3385.4931640625,4932.9990234375,2071.098876953125,1776.221435546875
2020-09-28,3301.900634765625,4849.46337890625,2048.001220703125,1776.221435546875
2020-09-29,3183.478271484375,4840.66943359375,2024.9034423828125,1776.221435546875
2020-09-30,3106.851806640625,4765.92724609375,1971.0086669921875,1776.221435546875
2020-10-01,3211.341796875,4897.82568359375,2117.294677734375,1794.7236328125
2020-10-02,3197.410400390625,4840.66943359375,2063.399658203125,1862.5654296875
2020-10-05,3176.51220703125,4853.859375,2040.3018798828125,1905.7374267578125
2020-10-06,3218.308349609375,5012.1376953125,2040.3018798828125,1924.23974609375
2020-10-07,3244.234130859375,5060.50048828125,2048.001220703125,1924.23974609375
2020-10-08,3328.318115234375,5082.4833984375,2078.798095703125,1936.57470703125
2020-10-09,3321.31103515625,5078.0869140625,2101.89599609375,1918.0723876953125
2020-10-12,3293.282958984375,5148.43359375,2101.89599609375,1936.57470703125
2020-10-13,3321.31103515625,5148.43359375,2101.89599609375,1936.57470703125
2020-10-14,3377.366943359375,5188.00244140625,2163.48974609375,1930.4072265625
2020-10-15,3321.31103515625,5086.88037109375,2140.392333984375,1924.23974609375
2020-10-16,3454.4443359375,5064.89697265625,2117.294677734375,1899.570068359375
2020-10-19,3503.492919921875,5188.00244140625,2086.49755859375,1899.570068359375
2020-10-20,3626.115234375,5104.46630859375,2055.70068359375,1905.7374267578125
2020-10-21,3678.6669921875,5082.4833984375,2063.399658203125,1899.570068359375
2020-10-22,3678.6669921875,5100.06982421875,2078.798095703125,1924.23974609375
2020-10-23,3783.771484375,5073.69140625,2024.9034423828125,1948.9095458984375
2020-10-26,3783.771484375,5113.26025390625,2040.3018798828125,1973.579345703125
2020-10-27,3801.289306640625,5091.2763671875,2017.2042236328125,1973.579345703125
2020-11-02,3783.771484375,5117.6572265625,1971.0086669921875,1961.244384765625
2020-11-03,3853.841796875,5179.20947265625,1986.4072265625,1961.244384765625
2020-11-04,3783.771484375,5117.6572265625,1986.4072265625,1961.244384765625
2020-11-05,3853.841796875,5407.83203125,2132.69287109375,1985.9141845703125
2020-11-06,4081.56884765625,5539.73046875,2178.888427734375,2010.583740234375
2020-11-09,3923.911376953125,5526.541015625,2217.384765625,2047.588623046875
2020-11-10,4029.016845703125,5698.0087890625,2201.986328125,2053.755859375
2020-11-11,4204.19091796875,5750.76904296875,2371.369873046875,2053.755859375
2020-11-12,4204.19091796875,5645.25048828125,2340.57275390625,2078.42578125
2020-11-13,4134.12109375,5618.86962890625,2302.076416015625,2072.258056640625
2020-11-16,4151.638671875,5698.0087890625,2363.670654296875,2084.59326171875
2020-11-17,4064.051025390625,5759.56201171875,2479.159423828125,2115.430419921875
2020-11-18,4046.5341796875,5777.1484375,2448.362548828125,2146.267333984375
2020-11-19,4011.49951171875,5816.71826171875,2440.6630859375,2140.10009765625
2020-11-20,4011.49951171875,5803.5283203125,2479.159423828125,2158.6025390625
2020-11-23,4064.051025390625,5803.5283203125,2556.151611328125,2164.769775390625
2020-11-24,4064.051025390625,5772.75244140625,2579.24951171875,2189.43994140625
2020-11-25,3888.876953125,5636.45703125,2525.35498046875,2214.109130859375
2020-11-26,3958.946044921875,5698.0087890625,2671.640625,2288.11865234375
2020-11-27,3888.876953125,5614.4736328125,2663.941650390625,2281.951416015625
2020-11-30,3713.702392578125,5456.1953125,2486.85888671875,2294.2861328125
2020-12-01,3888.876953125,5623.2666015625,2494.5576171875,2343.62548828125
2020-12-02,4011.49951171875,5671.6298828125,2563.851318359375,2386.797607421875
2020-12-03,3941.42919921875,5680.4228515625,2540.75341796875,2405.300048828125
2020-12-04,3993.981689453125,5618.86962890625,2502.2568359375,2405.300048828125
2020-12-07,4099.0859375,5733.181640625,2563.851318359375,2411.467041015625
2020-12-08,3993.981689453125,5706.802734375,2540.75341796875,2429.969482421875
2020-12-10,4081.56884765625,5799.05810546875,2509.95654296875,2454.63916015625
2020-12-11,3976.4638671875,5940.17578125,2525.35498046875,2460.806640625
2020-12-14,3976.4638671875,6015.14453125,2556.151611328125,2405.300048828125
2020-12-15,4169.15673828125,5988.6845703125,2656.2421875,2343.62548828125
2020-12-16,4291.77783203125,6129.80322265625,2779.43017578125,2331.290283203125
2020-12-17,4344.33056640625,6116.5732421875,2725.53564453125,2244.9462890625
2020-12-18,4344.33056640625,5997.5048828125,2702.437744140625,2238.779296875
2020-12-21,4309.296875,6023.96484375,2710.136962890625,2238.779296875
2020-12-22,4256.7431640625,5922.5361328125,2586.948974609375,2263.44873046875
2020-12-23,4204.19091796875,5931.35595703125,2556.151611328125,2257.28125
2020-12-28,4256.7431640625,5979.8662109375,2640.84375,2312.7880859375
2020-12-29,4239.22607421875,5966.63623046875,2633.144287109375,2306.620849609375
2020-12-30,4221.70849609375,5971.04541015625,2548.45263671875,2238.779296875
2021-01-04,4361.84814453125,6028.37451171875,2687.0390625,2300.453125
2021-01-05,4326.81396484375,6253.28076171875,2671.640625,2318.955810546875
2021-01-06,4309.296875,6125.392578125,2594.6484375,2362.1279296875
2021-01-07,4256.7431640625,6143.033203125,2610.04638671875,2442.3046875
2021-01-08,4501.98779296875,6218.00146484375,2748.63330078125,2479.309326171875
2021-01-11,4572.0576171875,6478.1875,2771.73095703125,2485.4765625
2021-01-12,4572.0576171875,6315.02001953125,2702.437744140625,2454.63916015625
2021-01-13,4747.23291015625,6279.74072265625,2679.340087890625,2491.643798828125
2021-01-14,4747.23291015625,6191.54248046875,2694.73828125,2503.978515625
2021-01-15,4607.0927734375,6134.212890625,2679.340087890625,2497.811279296875
2021-01-18,4677.16259765625,6279.74072265625,2656.2421875,2540.983642578125
2021-01-19,4677.16259765625,6257.69140625,2625.445068359375,2540.983642578125
2021-01-20,4677.16259765625,6257.69140625,2671.640625,2553.318359375
2021-01-21,4764.75,6240.05126953125,2679.340087890625,2571.8203125
2021-01-22,4694.6796875,6244.46044921875,2610.04638671875,2559.485595703125
2021-01-25,4537.02294921875,6204.77197265625,2594.6484375,2516.3134765625
2021-01-26,4449.43603515625,6015.14453125,2509.95654296875,2553.318359375
2021-01-27,4396.8828125,5988.6845703125,2602.347412109375,2553.318359375
2021-01-28,4396.8828125,6085.7041015625,2494.5576171875,2553.318359375
2021-01-29,4274.2607421875,5962.2255859375,2394.4677734375,2510.14599609375
2021-02-01,4221.70849609375,6015.14453125,2486.85888671875,2621.16015625
2021-02-02,4186.67431640625,5997.5048828125,2517.65576171875,2608.8251953125
2021-02-03,4309.296875,6019.55419921875,2494.5576171875,2639.662353515625
2021-02-04,4344.33056640625,6046.01416015625,2533.054443359375,2651.996826171875
2021-02-05,4274.2607421875,6098.93310546875,2533.054443359375,2695.169189453125
2021-02-08,4274.2607421875,6103.34423828125,2525.35498046875,2732.174072265625
2021-02-09,4081.56884765625,6156.2626953125,2463.760986328125,2781.513427734375
2021-02-10,4134.12109375,6103.34423828125,2456.061767578125,2651.996826171875
2021-02-11,4099.0859375,6068.064453125,2456.061767578125,2670.49951171875
2021-02-15,4169.15673828125,5997.5048828125,2479.159423828125,2763.010986328125
2021-02-16,4151.638671875,6120.9833984375,2471.4599609375,2769.17822265625
2021-02-17,4064.051025390625,6085.7041015625,2425.264404296875,2707.504150390625
2021-02-18,4011.49951171875,5940.17578125,2448.362548828125,2571.8203125
2021-02-19,4046.5341796875,6019.55419921875,2471.4599609375,2534.816162109375
2021-02-22,3993.981689453125,5988.6845703125,2440.6630859375,2528.64892578125
2021-02-23,4011.49951171875,6019.55419921875,2671.640625,2522.48095703125
2021-02-24,3941.42919921875,5931.35595703125,2679.340087890625,2429.969482421875
2021-02-25,3906.39501953125,5913.7158203125,2687.0390625,2448.4716796875
2021-02-26,3783.771484375,5918.126953125,2687.0390625,2405.300048828125
2021-03-01,3923.911376953125,6213.59130859375,2687.0390625,2368.295166015625
2021-03-02,3906.39501953125,6187.13232421875,2663.941650390625,2411.467041015625
2021-03-03,3976.4638671875,6173.90234375,2648.542724609375,2411.467041015625
2021-03-04,3906.39501953125,5926.94677734375,2586.948974609375,2399.13232421875
2021-03-05,3853.841796875,5997.5048828125,2556.151611328125,2325.123291015625
2021-03-08,3888.876953125,5926.94677734375,2571.55029296875,2355.96044921875
2021-03-09,3871.359619140625,5825.517578125,2533.054443359375,2349.79296875
2021-03-10,3801.289306640625,5913.7158203125,2617.74609375,2436.136962890625
2021-03-12,3836.324462890625,5966.63623046875,2656.2421875,2608.8251953125
2021-03-15,3871.359619140625,5878.4384765625,2602.347412109375,2596.49072265625
2021-03-16,3888.876953125,5843.1572265625,2586.948974609375,2627.32763671875
2021-03-17,3906.39501953125,5829.927734375,2610.04638671875,2670.49951171875
2021-03-18,4011.49951171875,5913.7158203125,2656.2421875,2695.169189453125
2021-03-19,4046.5341796875,5962.2255859375,2648.542724609375,2713.671630859375
2021-03-22,3906.39501953125,5838.74755859375,2602.347412109375,2713.671630859375
2021-03-23,3906.39501953125,5790.2392578125,2586.948974609375,2689.001708984375
2021-03-24,3818.80712890625,5679.98974609375,2594.6484375,2596.49072265625
2021-03-25,3818.80712890625,5618.25048828125,2625.445068359375,2645.829833984375
2021-03-26,3923.911376953125,5657.94091796875,2687.0390625,2689.001708984375
2021-03-29,3871.359619140625,5609.43115234375,2625.445068359375,2707.504150390625
2021-03-30,3783.771484375,5640.30078125,2602.347412109375,2781.513427734375
2021-03-31,3696.18408203125,5481.54296875,2633.144287109375,2744.509033203125
2021-04-01,3748.737548828125,5490.3623046875,2610.04638671875,2744.509033203125
2021-04-05,3748.737548828125,5428.62451171875,2602.347412109375,2713.671630859375
2021-04-06,3748.737548828125,5437.443359375,2594.6484375,2726.006591796875
2021-04-07,3731.22021484375,5512.4130859375,2617.74609375,2701.33642578125
2021-04-08,3713.702392578125,5486.8349609375,2610.04638671875,2738.341552734375
2021-04-09,3696.18408203125,5544.966796875,2586.948974609375,2726.006591796875
2021-04-12,3556.044921875,5424.22998046875,2548.45263671875,2701.33642578125
2021-04-13,3556.044921875,5366.09716796875,2563.851318359375,2670.49951171875
2021-04-14,3678.6669921875,5638.8740234375,2571.55029296875,2695.169189453125
2021-04-15,3678.6669921875,5616.51513671875,2586.948974609375,2658.164794921875
2021-04-16,3678.6669921875,5612.04345703125,2586.948974609375,2633.4951171875
2021-04-19,3643.632080078125,5607.57080078125,2571.55029296875,2571.8203125
2021-04-20,3713.702392578125,5576.26953125,2556.151611328125,2553.318359375
2021-04-21,3661.150146484375,5513.66455078125,2525.35498046875,2528.64892578125
2021-04-22,3818.80712890625,5558.3828125,2563.851318359375,2534.816162109375
2021-04-23,3941.42919921875,5714.89306640625,2548.45263671875,2534.816162109375
2021-04-26,3941.42919921875,5620.98681640625,2502.2568359375,2499.330322265625
2021-04-27,3871.359619140625,5728.30810546875,2432.9638671875,2468.39794921875
2021-04-28,3748.737548828125,5652.28955078125,2417.565185546875,2499.330322265625
2021-04-29,3801.289306640625,5732.78076171875,2463.760986328125,2462.21142578125
2021-04-30,3853.841796875,5728.30810546875,2463.760986328125,2493.14404296875
2021-05-03,3862.385498046875,5714.89306640625,2440.6630859375,2449.8388671875
2021-05-04,3915.7822265625,5723.8369140625,2471.4599609375,2400.34716796875
2021-05-05,3933.58154296875,5746.1953125,2463.760986328125,2387.973876953125
2021-05-06,3862.385498046875,5746.1953125,2456.061767578125,2344.6689453125
2021-05-07,3791.18994140625,5723.8369140625,2456.061767578125,2313.736572265625
2021-05-10,3826.78759765625,5741.72412109375,2440.6630859375,2251.871826171875
2021-05-11,3719.99365234375,5795.384765625,2448.362548828125,2159.07470703125
2021-05-17,3684.3955078125,5813.271484375,2456.061767578125,2035.345947265625
2021-05-18,3666.596435546875,5714.89306640625,2448.362548828125,1973.481201171875
2021-05-19,3595.39990234375,5674.64697265625,2432.9638671875,1843.5655517578125
2021-05-20,3684.3955078125,5705.9501953125,2548.45263671875,1886.87060546875
2021-05-21,3595.39990234375,5688.06298828125,2517.65576171875,1973.481201171875
2021-05-24,3630.998291015625,5656.7607421875,2509.95654296875,1899.24365234375
2021-05-25,3613.19921875,5683.5908203125,2540.75341796875,1862.124755859375
2021-05-27,3666.596435546875,5607.57080078125,2602.347412109375,1893.05712890625
2021-05-28,3666.596435546875,5670.17578125,2517.65576171875,1874.4976806640625
2021-05-31,3737.7919921875,5701.478515625,2648.542724609375,1961.1082763671875
2021-06-02,3791.18994140625,5781.97021484375,2656.2421875,1961.1082763671875
2021-06-03,3808.98876953125,5902.70703125,2687.0390625,1923.989501953125
2021-06-04,3719.99365234375,5884.8193359375,2694.73828125,1936.3623046875
2021-06-07,3737.7919921875,5840.1025390625,2733.23486328125,1917.802978515625
2021-06-08,3755.5908203125,5750.66748046875,2694.73828125,1905.4300537109375
2021-06-09,3791.18994140625,5840.1025390625,2741.65380859375,1998.22705078125
2021-06-10,3844.5859375,5920.59375,2814.44091796875,1998.22705078125
2021-06-11,3755.5908203125,5786.44091796875,2806.353515625,1979.6676025390625
2021-06-14,3684.3955078125,5732.78076171875,2757.82861328125,2053.9052734375
2021-06-15,3666.596435546875,5786.44091796875,2782.09130859375,2307.5498046875
2021-06-16,3666.596435546875,5710.421875,2757.82861328125,2332.296142578125
2021-06-17,3630.998291015625,5661.23193359375,2709.30419921875,2369.414794921875
2021-06-18,3559.802490234375,5656.7607421875,2709.30419921875,2338.482177734375
2021-06-21,3502.845458984375,5589.6845703125,2668.866455078125,2332.296142578125
2021-06-22,3502.845458984375,5670.17578125,2668.866455078125,2418.90625
2021-06-23,3509.965576171875,5571.7978515625,2725.478759765625,2475.323974609375
2021-06-24,3517.084716796875,5553.91015625,2628.428955078125,2475.323974609375
2021-06-25,3502.845458984375,5536.02294921875,2628.428955078125,2500.20166015625
2021-06-28,3353.33349609375,5415.28662109375,2563.729248046875,2425.568603515625
2021-06-29,3445.888427734375,5406.34228515625,2555.641845703125,2419.34912109375
2021-06-30,3517.084716796875,5388.455078125,2547.554443359375,2444.226806640625
2021-07-01,3577.601806640625,5388.455078125,2515.20458984375,2450.4462890625
2021-07-02,3559.802490234375,5455.53173828125,2482.8544921875,2425.568603515625
2021-07-05,3517.084716796875,5464.4755859375,2458.592041015625,2375.8134765625
2021-07-06,3488.6064453125,5415.28662109375,2434.330078125,2375.8134765625
2021-07-07,3488.6064453125,5424.22998046875,2450.504638671875,2444.226806640625
2021-07-08,3474.3671875,5379.51220703125,2434.330078125,2438.00732421875
2021-07-09,3495.7255859375,5383.984375,2555.641845703125,2469.1044921875
2021-07-12,3502.845458984375,5518.13671875,2531.379638671875,2487.7626953125
2021-07-13,3488.6064453125,5406.34228515625,2482.8544921875,2456.665771484375
2021-07-14,3367.572998046875,5357.154296875,2474.76708984375,2450.4462890625
2021-07-15,3424.530029296875,5468.94775390625,2531.379638671875,2425.568603515625
2021-07-16,3474.3671875,5464.4755859375,2563.729248046875,2382.03271484375
2021-07-19,3403.1708984375,5370.5693359375,2604.1669921875,2263.864013671875
2021-07-21,3467.24755859375,5375.04052734375,2596.079345703125,2214.108642578125
2021-07-22,3545.563232421875,5504.7216796875,2636.5166015625,2207.889404296875
2021-07-23,3524.204345703125,5397.3994140625,2563.729248046875,2176.79248046875
2021-07-26,3396.051025390625,5370.5693359375,2579.904052734375,2176.79248046875
2021-07-27,3388.93212890625,5370.5693359375,2644.60400390625,2189.231201171875
2021-07-28,3353.33349609375,5348.20947265625,2579.904052734375,2201.670166015625
2021-07-29,3310.615478515625,5401.87109375,2612.25439453125,2257.644775390625
2021-07-30,3360.452880859375,5339.26611328125,2620.341796875,2338.496826171875
2021-08-02,3431.6494140625,5330.32275390625,2676.9541015625,2313.619140625
2021-08-03,3517.084716796875,5495.77734375,2693.129150390625,2326.058349609375
2021-08-04,3488.6064453125,5473.41943359375,2725.478759765625,2344.71630859375
2021-08-05,3481.486328125,5634.40185546875,2701.216552734375,2326.058349609375
2021-08-06,3517.084716796875,5509.193359375,2685.04150390625,2332.277587890625
2021-08-09,3460.127685546875,5544.966796875,2628.428955078125,2288.741455078125
2021-08-10,3495.7255859375,5634.40185546875,2612.25439453125,2288.741455078125
2021-08-12,3517.084716796875,5634.40185546875,2709.30419921875,2276.302734375
2021-08-13,3577.601806640625,5732.78076171875,2668.866455078125,2301.1806640625
2021-08-16,3613.19921875,5741.72412109375,2701.216552734375,2245.205810546875
2021-08-18,3719.99365234375,5902.70703125,2765.916259765625,2263.864013671875
2021-08-19,3666.596435546875,5902.70703125,2741.65380859375,2226.547607421875
2021-08-20,3630.998291015625,5902.70703125,2749.7412109375,2232.766845703125
2021-08-23,3630.998291015625,5893.76318359375,2782.09130859375,2201.670166015625
2021-08-24,3613.19921875,5902.70703125,2749.7412109375,2139.475830078125
2021-08-25,3666.596435546875,5902.70703125,2725.478759765625,2139.475830078125
2021-08-26,3630.998291015625,5866.9326171875,2717.391357421875,2133.256591796875
2021-08-27,3595.39990234375,5822.2158203125,2685.04150390625,2083.501220703125
2021-08-30,3755.5908203125,5871.4052734375,2749.7412109375,2151.91455078125
2021-08-31,3719.99365234375,5857.990234375,2749.7412109375,1952.8936767578125
2021-09-01,3684.3955078125,5871.4052734375,2701.216552734375,1909.3577880859375
2021-09-02,3737.7919921875,5849.04638671875,2725.478759765625,1890.69970703125
2021-09-03,3808.98876953125,5902.70703125,2741.65380859375,1878.2607421875
2021-09-06,3862.385498046875,5880.34765625,2741.65380859375,1840.9443359375
2021-09-07,3808.98876953125,5875.8759765625,2733.56640625,1772.53076171875
2021-09-08,3737.7919921875,5759.611328125,2693.129150390625,1735.2144775390625
2021-09-09,3880.1845703125,5875.8759765625,2741.65380859375,1704.117431640625
2021-09-10,3862.385498046875,5831.1591796875,2693.129150390625,1791.1890869140625
2021-09-13,3880.1845703125,5862.46142578125,2709.30419921875,1753.87255859375
2021-09-14,3933.58154296875,5853.517578125,2782.09130859375,1760.092041015625
2021-09-15,3844.5859375,5808.80078125,2790.1787109375,1741.4337158203125
2021-09-16,3826.78759765625,5813.271484375,2782.09130859375,1859.6025390625
2021-09-17,3862.385498046875,5831.1591796875,2854.87841796875,1853.3831787109375
2021-09-20,3773.390380859375,5889.2919921875,2846.791015625,1803.6278076171875
2021-09-21,3719.99365234375,5804.328125,2854.87841796875,1834.724853515625
2021-09-22,3755.5908203125,5862.46142578125,2903.4033203125,1803.6278076171875
2021-09-23,3666.596435546875,5884.8193359375,2879.140869140625,1791.1890869140625
2021-09-24,3666.596435546875,5889.2919921875,2879.140869140625,1791.1890869140625
2021-09-27,3684.3955078125,5884.8193359375,2846.791015625,1778.7503662109375
2021-09-28,3613.19921875,5831.1591796875,2854.87841796875,1772.53076171875
2021-09-29,3791.18994140625,5884.8193359375,2854.87841796875,1753.87255859375
2021-09-30,3915.7822265625,6260.44677734375,2984.278076171875,1791.1890869140625
2021-10-01,3880.1845703125,6045.802734375,2960.015625,1753.87255859375
2021-10-04,3969.1796875,6224.67236328125,2968.103271484375,1772.53076171875
2021-10-05,3951.380615234375,6211.25732421875,2968.103271484375,1741.4337158203125
2021-10-06,4253.9638671875,6421.4296875,3040.890625,1809.84716796875
2021-10-07,4058.174560546875,6403.54296875,3008.54052734375,1803.6278076171875
2021-10-08,4233.99267578125,6519.80859375,3073.240234375,1822.2860107421875
2021-10-11,4144.28955078125,6488.50537109375,3081.32763671875,1760.092041015625
2021-10-12,4216.052734375,6546.638671875,3057.065185546875,1753.87255859375
2021-10-13,4503.10302734375,6729.97998046875,3048.977783203125,1728.9949951171875
2021-10-14,4467.22119140625,6931.20947265625,3097.5029296875,1797.408447265625
2021-10-15,4485.162109375,6841.77392578125,3081.32763671875,1778.7503662109375
2021-10-18,4467.22119140625,6729.97998046875,3065.15283203125,1791.1890869140625
2021-10-19,4556.9248046875,6707.62109375,3024.715576171875,1803.6278076171875
2021-10-21,4413.3994140625,6618.18701171875,3113.677734375,1784.9696044921875
2021-10-22,4431.33984375,6729.97998046875,3129.8525390625,1872.041259765625
2021-10-25,4341.63671875,6729.97998046875,3057.065185546875,1921.796630859375
2021-10-26,4413.3994140625,6729.97998046875,3073.240234375,1896.9189453125
2021-10-27,4305.75537109375,6662.904296875,3065.15283203125,1903.138427734375
2021-10-28,4305.75537109375,6595.828125,3032.802978515625,1847.1636962890625
2021-10-29,4323.69580078125,6685.26318359375,3073.240234375,1890.69970703125
2021-11-01,4323.69580078125,6618.18701171875,2992.365478515625,1890.69970703125
2021-11-02,4233.99267578125,6528.75146484375,2960.015625,1865.8218994140625
2021-11-03,4287.8154296875,6573.46923828125,3008.54052734375,1847.1636962890625
2021-11-04,4287.8154296875,6595.828125,3048.977783203125,1822.2860107421875
2021-11-05,4251.93359375,6662.904296875,3048.977783203125,1784.9696044921875
2021-11-08,4251.93359375,6774.69775390625,3032.802978515625,1791.1890869140625
2021-11-09,4198.11181640625,6864.13330078125,3000.452880859375,1828.505615234375
2021-11-10,4431.33984375,6841.77392578125,2992.365478515625,1809.84716796875
2021-11-11,4431.33984375,6864.13330078125,2951.92822265625,1834.724853515625
2021-11-12,4413.3994140625,6729.97998046875,2911.490966796875,1809.84716796875
2021-11-15,4395.45849609375,6707.62109375,2911.490966796875,1772.53076171875
2021-11-16,4431.33984375,6685.26318359375,2968.103271484375,1760.092041015625
2021-11-17,4485.162109375,6797.431640625,2935.753173828125,1753.87255859375
2021-11-18,4449.2802734375,6640.3955078125,2935.753173828125,1760.092041015625
2021-11-19,4467.22119140625,6662.82861328125,3154.115234375,1784.9696044921875
2021-11-22,4449.2802734375,6707.69677734375,3073.240234375,1784.9696044921875
2021-11-23,4485.162109375,6707.69677734375,3073.240234375,1784.9696044921875
2021-11-24,4467.22119140625,6707.69677734375,3073.240234375,1784.9696044921875
2021-11-25,4467.22119140625,6662.82861328125,3234.98974609375,1778.7503662109375
2021-11-26,4233.99267578125,6528.22705078125,3243.077392578125,1741.4337158203125
2021-11-29,4287.8154296875,6640.3955078125,3348.21435546875,1766.3115234375
2021-11-30,4144.28955078125,6528.22705078125,3226.90234375,1760.092041015625
2021-12-01,4054.586669921875,6550.65966796875,3299.689697265625,1722.775634765625
2021-12-02,4198.11181640625,6730.1298828125,3364.38916015625,1704.117431640625
2021-12-03,4126.349609375,6617.9619140625,3291.601806640625,1735.2144775390625
2021-12-06,4054.586669921875,6595.52783203125,3372.476806640625,1704.117431640625
2021-12-07,4251.93359375,6595.52783203125,3356.3017578125,1716.5562744140625
2021-12-08,4162.23046875,6662.82861328125,3307.777099609375,1735.2144775390625
2021-12-09,4305.75537109375,6595.52783203125,3356.3017578125,1741.4337158203125
2021-12-10,4251.93359375,6617.9619140625,3356.3017578125,1760.092041015625
2021-12-13,4233.99267578125,6550.65966796875,3299.689697265625,1828.505615234375
2021-12-14,4216.052734375,6550.65966796875,3315.86474609375,1840.9443359375
2021-12-15,4305.75537109375,6550.65966796875,3299.689697265625,1822.2860107421875
2021-12-16,4162.23046875,6528.22705078125,3315.86474609375,1791.1890869140625
2021-12-17,4162.23046875,6730.1298828125,3315.86474609375,1840.9443359375
2021-12-20,4072.527587890625,6617.9619140625,3299.689697265625,1778.7503662109375
2021-12-21,4054.586669921875,6617.9619140625,3364.38916015625,1778.7503662109375
2021-12-22,4036.646240234375,6573.09375,3323.9521484375,1766.3115234375
2021-12-23,4108.40869140625,6550.65966796875,3364.38916015625,1784.9696044921875
2021-12-24,4072.527587890625,6550.65966796875,3323.9521484375,1791.1890869140625
2021-12-27,4072.527587890625,6595.52783203125,3299.689697265625,1803.6278076171875
2021-12-28,4108.40869140625,6595.52783203125,3307.777099609375,1803.6278076171875
2021-12-29,4126.349609375,6550.65966796875,3299.689697265625,1797.408447265625
2021-12-30,4090.468017578125,6550.65966796875,3267.339599609375,1822.2860107421875
2022-01-03,4108.40869140625,6573.09375,3380.564208984375,1803.6278076171875
2022-01-04,4144.28955078125,6640.3955078125,3372.476806640625,1797.408447265625
2022-01-05,4000.764404296875,6685.26318359375,3275.427001953125,1809.84716796875
2022-01-06,4072.527587890625,6707.69677734375,3332.03955078125,1791.1890869140625
2022-01-07,4090.468017578125,6864.73291015625,3372.476806640625,1803.6278076171875
2022-01-10,4054.586669921875,6819.86572265625,3315.86474609375,1828.505615234375
2022-01-11,4090.468017578125,6909.60009765625,3307.777099609375,1809.84716796875
2022-01-12,4108.40869140625,6909.60009765625,3323.9521484375,1872.041259765625
2022-01-13,4144.28955078125,6909.60009765625,3380.564208984375,1878.2607421875
2022-01-14,4108.40869140625,7044.20263671875,3388.65185546875,1865.8218994140625
2022-01-17,4072.527587890625,6954.46826171875,3380.564208984375,1865.8218994140625
2022-01-18,4054.586669921875,6887.1669921875,3437.176513671875,1909.3577880859375
2022-01-19,4018.70556640625,6887.1669921875,3437.176513671875,1915.5772705078125
2022-01-20,3964.883056640625,6976.90185546875,3412.914306640625,1959.113037109375
2022-01-21,4018.70556640625,7133.9384765625,3501.87646484375,2002.64892578125
2022-01-24,3964.883056640625,6999.3359375,3477.61376953125,2015.0877685546875
2022-01-25,3911.061279296875,6976.90185546875,3469.5263671875,2027.526611328125
2022-01-26,3911.061279296875,6909.60009765625,3550.401123046875,2064.843017578125
2022-01-27,3929.00146484375,6999.3359375,3453.3515625,2089.720458984375
2022-01-28,3929.00146484375,6976.90185546875,3445.26416015625,2133.256591796875
2022-01-31,3929.00146484375,6842.298828125,3388.65185546875,2195.450439453125
2022-02-02,3946.9423828125,6999.3359375,3372.476806640625,2263.864013671875
2022-02-03,3946.9423828125,6932.03369140625,3396.7392578125,2313.619140625
2022-02-04,3946.9423828125,6932.03369140625,3421.001708984375,2394.4716796875
2022-02-07,3929.00146484375,6999.3359375,3469.5263671875,2481.543212890625
2022-02-08,3982.82373046875,6932.03369140625,3421.001708984375,2537.517822265625
2022-02-09,3982.82373046875,7133.9384765625,3461.439208984375,2624.58984375
2022-02-10,3911.061279296875,6954.46826171875,3607.013671875,2680.564453125
2022-02-11,3911.061279296875,7021.76953125,3598.92578125,2493.982177734375
2022-02-14,3803.417236328125,6909.60009765625,3558.48876953125,2338.496826171875
2022-02-15,3946.9423828125,7066.63623046875,3566.576416015625,2419.34912109375
2022-02-16,3929.00146484375,7156.37158203125,3558.48876953125,2438.00732421875
2022-02-17,3929.00146484375,7089.0712890625,3566.576416015625,2350.935791015625
2022-02-18,4018.70556640625,7111.50390625,3558.48876953125,2363.374755859375
2022-02-21,4000.764404296875,7133.9384765625,3534.226318359375,2338.496826171875
2022-02-22,4000.764404296875,7089.0712890625,3477.61376953125,2307.400146484375
2022-02-23,4054.586669921875,7223.67333984375,3518.051513671875,2313.619140625
2022-02-24,4090.468017578125,7178.80615234375,3429.089111328125,2220.328125
2022-02-25,4162.23046875,7223.67333984375,3509.964111328125,2245.205810546875
2022-03-01,4090.468017578125,7223.67333984375,3518.051513671875,2313.619140625
2022-03-02,3964.883056640625,7156.37158203125,3469.5263671875,2257.644775390625
2022-03-04,4036.646240234375,7089.0712890625,3558.48876953125,2226.547607421875
2022-03-07,4162.23046875,6909.60009765625,3647.451171875,2127.037109375
2022-03-08,4485.162109375,6864.73291015625,3736.413330078125,2064.843017578125
2022-03-09,4521.04296875,7044.20263671875,3590.838623046875,2120.817626953125
2022-03-10,4485.162109375,7111.50390625,3566.576416015625,2189.231201171875
2022-03-11,4503.10302734375,7133.9384765625,3712.15087890625,2195.450439453125
2022-03-14,4574.86572265625,7246.10693359375,3704.0634765625,2226.547607421875
2022-03-15,4521.04296875,7313.4072265625,3736.413330078125,2251.42529296875
2022-03-16,4592.8056640625,7358.27587890625,3744.50048828125,2375.8134765625
2022-03-17,4610.74658203125,7178.80615234375,3623.188720703125,2332.277587890625
2022-03-18,4592.8056640625,7089.0712890625,3671.713134765625,2357.155029296875
2022-03-21,4736.33154296875,7089.0712890625,3679.80078125,2382.03271484375
2022-03-22,4718.39013671875,7111.50390625,3679.80078125,2369.593994140625
2022-03-23,4646.6279296875,7089.0712890625,3679.80078125,2382.03271484375
2022-03-24,4718.39013671875,7111.50390625,3687.887939453125,2375.8134765625
2022-03-25,4592.8056640625,7133.9384765625,3655.538330078125,2363.374755859375
2022-03-28,4808.09423828125,7197.7158203125,3720.238037109375,2413.129638671875
2022-03-29,4700.44970703125,7152.16015625,3687.887939453125,2469.1044921875
2022-03-30,4772.21240234375,7174.9375,3704.0634765625,2487.7626953125
2022-03-31,4718.39013671875,7266.0478515625,3704.0634765625,2512.640380859375
2022-04-01,4808.09423828125,7220.4921875,3704.0634765625,2525.0791015625
2022-04-04,4897.79736328125,7197.7158203125,3671.713134765625,2556.176513671875
2022-04-05,4951.619140625,7197.7158203125,3655.538330078125,2605.931396484375
2022-04-06,5023.38134765625,7061.05029296875,3582.751220703125,2624.58984375
2022-04-07,4951.619140625,7061.05029296875,3671.713134765625,2637.028564453125
2022-04-08,5023.38134765625,7152.16015625,3704.0634765625,2674.3447265625
2022-04-11,4915.7373046875,7038.271484375,3712.15087890625,2748.97802734375
2022-04-12,4987.50048828125,7106.60498046875,3744.50048828125,2680.564453125
2022-04-13,5005.44091796875,7106.60498046875,3793.025634765625,2637.028564453125
2022-04-14,4933.67822265625,7015.49462890625,3784.93798828125,2549.956787109375
2022-04-18,5023.38134765625,7015.49462890625,3809.20068359375,2487.7626953125
2022-04-19,4951.619140625,6947.16162109375,3784.93798828125,2593.49267578125
2022-04-20,4951.619140625,6969.93994140625,3744.50048828125,2587.273193359375
2022-04-21,5023.38134765625,7220.4921875,3736.413330078125,2549.956787109375
2022-04-22,5059.2626953125,7174.9375,3736.413330078125,2549.956787109375
2022-04-25,5077.20361328125,7288.82568359375,3809.20068359375,2537.517822265625
2022-04-26,5166.9072265625,7402.71337890625,3849.6376953125,2543.7373046875
2022-04-27,5113.08447265625,7471.04638671875,3857.725341796875,2539.330322265625
2022-04-28,5436.0166015625,7402.71337890625,3736.413330078125,2501.987548828125
2022-05-09,5192.23876953125,6924.384765625,3485.701416015625,2495.763427734375
2022-05-10,5155.4140625,6856.05126953125,3509.964111328125,2483.315673828125
2022-05-11,5081.765625,6969.93994140625,3501.87646484375,2470.867919921875
2022-05-12,5044.94189453125,6628.2763671875,3477.61376953125,2458.42041015625
2022-05-13,5247.47509765625,6673.83056640625,3445.26416015625,2464.644287109375
2022-05-17,5155.4140625,6742.1640625,3380.564208984375,2458.42041015625
2022-05-18,5229.06298828125,6901.60693359375,3437.176513671875,2477.091796875
2022-05-19,5155.4140625,6787.71923828125,3404.826904296875,2464.644287109375
2022-05-20,5247.47509765625,6742.1640625,3372.476806640625,2464.644287109375
2022-05-23,5118.5908203125,6719.38671875,3323.9521484375,2458.42041015625
2022-05-24,5265.8876953125,6696.60888671875,3356.3017578125,2464.644287109375
2022-05-25,5229.06298828125,6719.38671875,3396.7392578125,2477.091796875
2022-05-27,5321.12451171875,6901.60693359375,3477.61376953125,2533.1064453125
2022-05-30,5339.53662109375,6901.60693359375,3437.176513671875,2558.001953125
2022-05-31,5413.185546875,7061.05029296875,3485.701416015625,2545.55419921875
2022-06-02,5394.7724609375,6901.60693359375,3469.5263671875,2564.225830078125
2022-06-03,5376.361328125,6924.384765625,3485.701416015625,2526.8828125
2022-06-06,5321.12451171875,6787.71923828125,3509.964111328125,2508.211181640625
2022-06-07,5302.7119140625,6719.38671875,3437.176513671875,2489.539794921875
2022-06-08,5284.2998046875,6924.384765625,3437.147705078125,2489.539794921875
2022-06-09,5302.7119140625,6833.27392578125,3395.231201171875,2489.539794921875
2022-06-10,5100.17822265625,6696.60888671875,3370.08154296875,2477.091796875
2022-06-13,5173.82666015625,6696.60888671875,3420.381103515625,2427.30126953125
2022-06-14,5137.00244140625,6742.1640625,3445.531005859375,2377.510498046875
2022-06-15,4934.46826171875,6673.83056640625,3403.61474609375,2439.7490234375
2022-06-16,5044.94189453125,6901.60693359375,3386.84814453125,2396.181884765625
2022-06-17,5118.5908203125,6833.27392578125,3453.9140625,2371.28662109375
2022-06-20,5100.17822265625,6947.16162109375,3386.84814453125,2333.943359375
2022-06-21,5044.94189453125,6969.93994140625,3445.531005859375,2371.28662109375
2022-06-22,5008.1171875,6833.27392578125,3395.231201171875,2365.062744140625
2022-06-23,5063.35400390625,6856.05126953125,3487.447509765625,2352.614990234375
2022-06-24,4916.05615234375,6810.49658203125,3479.064208984375,2352.614990234375
2022-06-27,4897.64404296875,6696.60888671875,3411.997802734375,2352.614990234375
2022-06-28,4934.46826171875,6651.05322265625,3378.464599609375,2352.614990234375
2022-06-29,4787.1708984375,6628.2763671875,3386.84814453125,2284.152587890625
2022-06-30,4879.2314453125,6605.498046875,3353.31494140625,2240.585693359375
2022-07-01,4805.58349609375,6605.498046875,3370.08154296875,2178.347412109375
2022-07-04,4787.1708984375,6423.27734375,3344.931640625,2178.347412109375
2022-07-05,4658.28515625,6605.498046875,3344.931640625,2153.45166015625
2022-07-06,4474.1630859375,6651.05322265625,3370.08154296875,2134.7802734375
2022-07-07,4382.1025390625,6468.8330078125,3386.84814453125,2165.8994140625
2022-07-08,4400.5146484375,6514.3876953125,3361.6982421875,2172.123046875
2022-07-11,4455.75048828125,6491.60986328125,3386.84814453125,2172.123046875
2022-07-12,4492.57568359375,6537.166015625,3361.6982421875,2253.033447265625
2022-07-13,4290.04150390625,6377.72216796875,3303.01513671875,2290.37646484375
2022-07-14,4492.57568359375,6400.5,3370.08154296875,2358.838623046875
2022-07-15,4382.1025390625,6377.72216796875,3479.064208984375,2377.510498046875
2022-07-18,4437.33935546875,6514.3876953125,3512.597412109375,2389.9580078125
2022-07-19,4474.1630859375,6537.166015625,3487.447509765625,2365.062744140625
2022-07-20,4621.46044921875,6742.1640625,3529.36376953125,2389.9580078125
2022-07-21,4547.8115234375,6742.1640625,3571.2802734375,2414.853515625
2022-07-22,4474.1630859375,6673.83056640625,3546.13037109375,2402.40576171875
2022-07-25,4474.1630859375,6651.05322265625,3554.513671875,2377.510498046875
2022-07-26,4492.57568359375,6651.05322265625,3562.89697265625,2327.7197265625
2022-07-27,4492.57568359375,6673.83056640625,3604.8134765625,2327.7197265625
2022-07-28,4455.75048828125,6696.60888671875,3554.513671875,2327.7197265625
2022-07-29,4658.28515625,6696.60888671875,3546.13037109375,2365.062744140625
2022-08-01,4768.75830078125,6833.27392578125,3604.8134765625,2327.7197265625
2022-08-02,4768.75830078125,6924.384765625,3730.562744140625,2302.82421875
2022-08-03,4860.8193359375,6947.16162109375,3772.479248046875,2309.048095703125
2022-08-04,4860.8193359375,7106.60498046875,3814.39599609375,2327.7197265625
2022-08-05,4879.2314453125,7174.9375,3898.228515625,2302.82421875
2022-08-08,4934.46826171875,7174.9375,3940.145263671875,2296.60009765625
2022-08-09,4971.29248046875,7197.7158203125,3889.845458984375,2290.37646484375
2022-08-10,5044.94189453125,7197.7158203125,3822.778564453125,2315.27197265625
2022-08-11,5118.5908203125,7243.27099609375,3831.162353515625,2302.82421875
2022-08-12,5118.5908203125,7220.4921875,3814.39599609375,2277.9287109375
2022-08-15,5063.35400390625,7243.27099609375,3730.562744140625,2290.37646484375
2022-08-16,5137.00244140625,7266.0478515625,3697.02978515625,2265.481201171875
2022-08-18,5137.00244140625,7288.82568359375,3814.39599609375,2265.481201171875
2022-08-19,5137.00244140625,7197.7158203125,3856.311767578125,2246.8095703125
2022-08-22,5100.17822265625,7288.82568359375,3898.228515625,2246.8095703125
2022-08-23,5137.00244140625,7197.7158203125,3906.612060546875,2399.916015625
2022-08-24,5192.23876953125,7243.27099609375,3982.061279296875,2370.0419921875
2022-08-25,5137.00244140625,7357.158203125,3831.162353515625,2320.2509765625
2022-08-26,5063.35400390625,7288.82568359375,3764.095703125,2340.167236328125
2022-08-29,5026.52880859375,7425.490234375,3789.245849609375,2340.167236328125
2022-08-30,5081.765625,7448.2685546875,3755.712890625,2330.208984375
2022-08-31,5137.00244140625,7471.04638671875,3822.778564453125,2429.790771484375
2022-09-01,5100.17822265625,7425.490234375,3839.54541015625,2320.2509765625
2022-09-02,5100.17822265625,7493.82421875,3856.311767578125,2370.0419921875
2022-09-05,5063.35400390625,7539.37890625,3873.07861328125,2360.08349609375
2022-09-06,5081.765625,7539.37890625,3780.862548828125,2330.208984375
2022-09-07,4897.64404296875,7630.48974609375,3764.095703125,2320.2509765625
2022-09-08,4897.64404296875,7607.71142578125,3822.778564453125,2439.7490234375
2022-09-09,4989.70458984375,7630.48974609375,3856.311767578125,2609.037353515625
2022-09-12,5137.00244140625,7630.48974609375,3806.01220703125,2638.912109375
2022-09-13,5302.7119140625,7767.1552734375,3789.245849609375,2519.414306640625
2022-09-14,5265.8876953125,7744.37744140625,3755.712890625,2469.623291015625
2022-09-15,5192.23876953125,7972.15380859375,3772.479248046875,2429.790771484375
2022-09-16,5081.765625,7698.822265625,3697.02978515625,2459.6650390625
2022-09-19,5247.47509765625,7881.04345703125,3772.479248046875,2469.623291015625
2022-09-20,5284.2998046875,7789.931640625,3755.712890625,2499.497802734375
2022-09-21,5265.8876953125,7721.599609375,3713.79638671875,2618.995849609375
2022-09-22,5284.2998046875,7721.599609375,3713.79638671875,2539.330322265625
2022-09-23,5265.8876953125,7630.48974609375,3671.879638671875,2559.246826171875
2022-09-26,5137.00244140625,7676.0439453125,3738.946044921875,2469.623291015625
2022-09-27,5118.5908203125,7562.15673828125,3722.1796875,2360.08349609375
2022-09-28,5008.1171875,7584.93408203125,3747.329345703125,2380.0
2022-09-29,4989.70458984375,7630.48974609375,3722.1796875,2399.916015625
2022-09-30,4879.2314453125,7789.931640625,3738.946044921875,2389.9580078125
2022-10-03,4879.2314453125,7744.37744140625,3738.946044921875,2370.0419921875
2022-10-04,4952.88037109375,7789.931640625,3722.1796875,2429.790771484375
2022-10-05,4916.05615234375,7698.822265625,3738.946044921875,2449.70703125
2022-10-06,4860.8193359375,7676.0439453125,3713.79638671875,2439.7490234375
2022-10-07,4768.75830078125,7471.04638671875,3646.729736328125,2469.623291015625
2022-10-10,4787.1708984375,7562.15673828125,3705.412841796875,2449.70703125
2022-10-11,4805.58349609375,7516.60107421875,3613.19677734375,2449.70703125
2022-10-12,4740.6328125,7584.93408203125,3638.3466796875,2439.7490234375
2022-10-13,4740.6328125,7539.37890625,3604.8134765625,2439.7490234375
2022-10-14,4740.6328125,7516.60107421875,3596.43017578125,2419.83251953125
2022-10-17,4796.62451171875,7516.60107421875,3629.96337890625,2449.70703125
2022-10-18,4740.6328125,7562.15673828125,3562.89697265625,2429.790771484375
2022-10-19,4871.279296875,7539.37890625,3520.980712890625,2449.70703125
2022-10-20,4796.62451171875,7744.37744140625,3646.729736328125,2409.874267578125
2022-10-21,4908.607421875,7881.04345703125,3655.11328125,2459.6650390625
2022-10-24,4964.599609375,8108.8193359375,3697.02978515625,2449.70703125
2022-10-25,5001.92724609375,7926.59716796875,3680.262939453125,2389.9580078125
2022-10-26,4908.607421875,7789.931640625,3663.49658203125,2380.0
2022-10-27,4964.599609375,7926.59716796875,3663.49658203125,2409.874267578125
2022-10-28,4889.94384765625,7972.15380859375,3730.562744140625,2399.916015625
2022-10-31,4964.599609375,8017.70849609375,3680.262939453125,2429.790771484375
2022-11-01,4908.607421875,8017.70849609375,3705.412841796875,2399.916015625
2022-11-02,4796.62451171875,7972.15380859375,3537.7470703125,2300.334716796875
2022-11-03,4759.29638671875,8017.70849609375,3462.297607421875,2290.37646484375
2022-11-04,4796.62451171875,7994.93017578125,3529.36376953125,2350.125244140625
2022-11-07,4852.6162109375,8063.26318359375,3588.047119140625,2320.2509765625
2022-11-08,4871.279296875,7972.15380859375,3537.7470703125,2310.29296875
2022-11-09,4889.94384765625,8086.04052734375,3512.597412109375,2290.37646484375
2022-11-10,4871.279296875,8017.70849609375,3495.830810546875,2300.334716796875
2022-11-11,4815.2880859375,8063.26318359375,3479.064208984375,2350.125244140625
2022-11-14,4703.3046875,7972.15380859375,3395.231201171875,2360.08349609375
2022-11-15,4647.3125,8017.70849609375,3395.231201171875,2370.0419921875
2022-11-16,4609.984375,7835.48779296875,3395.231201171875,2360.08349609375
2022-11-17,4703.3046875,7949.375,3386.84814453125,2330.208984375
2022-11-18,4647.3125,8040.48583984375,3361.6982421875,2370.0419921875
2022-11-21,4721.96826171875,7949.375,3378.464599609375,2340.167236328125
2022-11-22,4647.3125,8108.8193359375,3353.31494140625,2330.208984375
2022-11-23,4628.64892578125,8086.04052734375,3328.1650390625,2310.29296875
2022-11-24,4628.64892578125,8199.9296875,3378.464599609375,2330.208984375
2022-11-25,4609.984375,8177.1494140625,3378.464599609375,2340.167236328125
2022-11-28,4647.3125,8222.7060546875,3336.548095703125,2340.167236328125
2022-11-29,4516.66552734375,8177.1494140625,3336.548095703125,2340.167236328125
2022-11-30,4516.66552734375,8473.259765625,3386.84814453125,2380.0
2022-12-01,4609.984375,8199.9296875,3319.781494140625,2370.0419921875
2022-12-02,4572.6572265625,8140.4765625,3353.31494140625,2370.0419921875
2022-12-05,4498.00146484375,8026.14306640625,3219.18212890625,2320.2509765625
2022-12-06,4386.0185546875,7934.67724609375,3017.983642578125,2330.208984375
2022-12-07,4274.03515625,7728.87890625,3085.049560546875,2350.125244140625
2022-12-08,4236.70703125,7774.61181640625,3135.349609375,2330.208984375
2022-12-09,4236.70703125,7843.2109375,3059.89990234375,2340.167236328125
2022-12-12,4236.70703125,7957.54345703125,3101.816162109375,2409.874267578125
2022-12-13,4348.68994140625,7957.54345703125,3143.732666015625,2449.70703125
2022-12-14,4348.68994140625,7888.94482421875,3143.732666015625,2459.6650390625
2022-12-15,4330.0263671875,7774.61181640625,3076.66650390625,2439.7490234375
2022-12-16,4311.36279296875,7866.078125,3085.049560546875,2489.539794921875
2022-12-19,4255.37060546875,7911.8115234375,3118.5830078125,2419.83251953125
2022-12-20,4255.37060546875,7843.2109375,3118.5830078125,2419.83251953125
2022-12-21,4255.37060546875,7934.67724609375,3177.265869140625,2449.70703125
2022-12-22,4311.36279296875,7843.2109375,3143.732666015625,2459.6650390625
2022-12-23,4236.70703125,7774.61181640625,3168.882568359375,2479.581298828125
2022-12-26,4218.04296875,7843.2109375,3143.732666015625,2479.581298828125
2022-12-27,4236.70703125,7866.078125,3194.032470703125,2479.581298828125
2022-12-28,4199.37890625,7911.8115234375,3126.966064453125,2479.581298828125
2022-12-29,4218.04296875,7843.2109375,3168.882568359375,2569.205078125
2022-12-30,4255.37060546875,7820.34423828125,3143.732666015625,2559.246826171875
2023-01-02,4255.37060546875,7820.34423828125,3185.64892578125,2499.497802734375
2023-01-03,4218.04296875,7820.34423828125,3235.948974609375,2459.6650390625
2023-01-04,4236.70703125,7637.41259765625,3202.41552734375,2389.9580078125
2023-01-05,4012.740234375,7545.9462890625,3160.499267578125,2340.167236328125
2023-01-06,4068.732177734375,7591.6796875,3110.199462890625,2330.208984375
2023-01-09,3994.075927734375,7728.87890625,3177.265869140625,2340.167236328125
2023-01-10,3975.412353515625,7477.34716796875,3210.799072265625,2310.29296875
2023-01-11,3900.756103515625,7431.6142578125,3244.33203125,2350.125244140625
2023-01-12,3994.075927734375,7477.34716796875,3235.948974609375,2350.125244140625
2023-01-13,4068.732177734375,7363.01513671875,3168.882568359375,2340.167236328125
2023-01-16,4180.7158203125,7454.48046875,3227.565673828125,2330.208984375
2023-01-17,4143.38720703125,7614.546875,3311.3984375,2370.0419921875
2023-01-18,4218.04296875,7591.6796875,3294.6318359375,2330.208984375
2023-01-19,4367.3544921875,7614.546875,3261.0986328125,2350.125244140625
2023-01-20,4404.681640625,7591.6796875,3244.33203125,2340.167236328125
2023-01-24,4423.345703125,7523.08056640625,3227.565673828125,2340.167236328125
2023-01-25,4442.009765625,7500.2138671875,3219.18212890625,2350.125244140625
2023-01-26,4404.681640625,7751.74560546875,3328.1650390625,2320.2509765625
2023-01-27,4386.0185546875,7957.54345703125,3319.781494140625,2340.167236328125
2023-01-30,4386.0185546875,7957.54345703125,3319.781494140625,2330.208984375
2023-01-31,4479.337890625,7751.74560546875,3227.565673828125,2300.334716796875
2023-02-01,4479.337890625,7774.61181640625,3244.33203125,2270.460205078125
2023-02-02,4423.345703125,7728.87890625,3261.0986328125,2320.2509765625
2023-02-03,4386.0185546875,7957.54345703125,3252.715576171875,2310.29296875
2023-02-06,4367.3544921875,7980.41015625,3252.715576171875,2330.208984375
2023-02-07,4386.0185546875,8094.74267578125,3185.64892578125,2330.208984375
2023-02-08,4330.0263671875,8071.87646484375,3219.18212890625,2330.208984375
2023-02-09,4236.70703125,8140.4765625,3160.499267578125,2320.2509765625
2023-02-10,4255.37060546875,8071.87646484375,3185.64892578125,2340.167236328125
2023-02-13,4274.03515625,8117.609375,3177.265869140625,2310.29296875
2023-02-14,4274.03515625,8186.20849609375,3185.64892578125,2320.2509765625
2023-02-15,4236.70703125,8117.609375,3177.265869140625,2300.334716796875
2023-02-16,4255.37060546875,7957.54345703125,3160.499267578125,2300.334716796875
2023-02-17,4236.70703125,7980.41015625,3152.1162109375,2300.334716796875
2023-02-20,4180.7158203125,8003.27783203125,3202.41552734375,2290.37646484375
2023-02-21,4162.0517578125,7957.54345703125,3219.18212890625,2320.2509765625
2023-02-22,4199.37890625,7934.67724609375,3235.948974609375,2300.334716796875
2023-02-23,4218.04296875,7980.41015625,3328.1650390625,2310.29296875
2023-02-24,4292.6982421875,7934.67724609375,3386.84814453125,2300.334716796875
2023-02-27,4330.0263671875,8026.14306640625,3319.781494140625,2300.334716796875
2023-02-28,4553.99267578125,8003.27783203125,3252.715576171875,2300.334716796875
2023-03-01,4591.3212890625,7866.078125,3294.6318359375,2280.418212890625
2023-03-02,4591.3212890625,7888.94482421875,3252.715576171875,2240.585693359375
2023-03-03,4516.66552734375,7751.74560546875,3269.482177734375,2230.62744140625
2023-03-06,4535.3291015625,7683.14599609375,3252.715576171875,2230.62744140625
2023-03-07,4442.009765625,7706.01171875,3252.715576171875,2210.711181640625
2023-03-08,4423.345703125,7843.2109375,3303.01513671875,2160.92041015625
2023-03-09,4498.00146484375,7843.2109375,3328.1650390625,2190.794921875
2023-03-10,4460.67333984375,7728.87890625,3361.6982421875,2350.125244140625
2023-03-13,4423.345703125,7820.34423828125,3411.997802734375,2230.62744140625
2023-03-14,4311.36279296875,7614.546875,3370.08154296875,2220.66943359375
2023-03-15,4311.36279296875,7614.546875,3361.6982421875,2210.711181640625
2023-03-16,4367.3544921875,7591.6796875,3395.231201171875,2210.711181640625
2023-03-17,4367.3544921875,7660.279296875,3395.231201171875,2260.501953125
2023-03-20,4386.0185546875,7683.14599609375,3344.931640625,2220.66943359375
2023-03-21,4386.0185546875,7774.61181640625,3453.9140625,2240.585693359375
2023-03-24,4442.009765625,8071.87646484375,3411.997802734375,2260.501953125
2023-03-27,4386.0185546875,7957.54345703125,3395.231201171875,2250.5439453125
2023-03-28,4367.3544921875,7934.67724609375,3395.231201171875,2290.37646484375
2023-03-29,4442.009765625,8209.8955078125,3437.147705078125,2310.29296875
2023-03-30,4404.681640625,8233.21875,3428.764404296875,2270.460205078125
2023-03-31,4479.337890625,8163.2490234375,3403.61474609375,2330.208984375
2023-04-03,4479.337890625,8209.8955078125,3420.381103515625,2310.29296875
2023-04-04,4498.00146484375,8186.5712890625,3403.61474609375,2270.460205078125
2023-04-05,4479.337890625,8139.9248046875,3479.064208984375,2280.418212890625
2023-04-06,4423.345703125,8163.2490234375,3562.89697265625,2280.418212890625
2023-04-10,4460.67333984375,8209.8955078125,3604.8134765625,2240.585693359375
2023-04-11,4535.3291015625,8233.21875,3604.8134765625,2220.66943359375
2023-04-12,4665.97607421875,8303.1904296875,3613.19677734375,2220.66943359375
2023-04-13,4665.97607421875,8326.5146484375,3638.3466796875,2220.66943359375
2023-04-14,4628.64892578125,8396.484375,3638.3466796875,2220.66943359375
2023-04-17,4647.3125,8419.8076171875,3579.66357421875,2280.418212890625
2023-04-18,4796.62451171875,8513.1025390625,3579.66357421875,2270.460205078125
2023-04-26,5001.92724609375,8583.0732421875,3688.646240234375,2320.2509765625
2023-04-27,5001.92724609375,8536.4248046875,3621.580078125,2290.37646484375
2023-04-28,5039.2548828125,8443.1298828125,3562.89697265625,2350.125244140625
2023-05-02,4983.26318359375,8443.1298828125,3512.597412109375,2310.29296875
2023-05-03,4945.935546875,8326.5146484375,3479.064208984375,2300.334716796875
2023-05-04,4927.27099609375,8396.484375,3479.064208984375,2300.334716796875
2023-05-05,5010.3701171875,8396.484375,3495.830810546875,2260.501953125
2023-05-08,4990.00244140625,8396.484375,3403.61474609375,2260.501953125
2023-05-09,5152.94140625,8326.5146484375,3411.997802734375,2240.585693359375
2023-05-10,5152.94140625,8326.5146484375,3462.297607421875,2270.460205078125
2023-05-11,5091.8388671875,8233.21875,3428.764404296875,2230.62744140625
2023-05-12,5071.47216796875,8209.8955078125,3336.548095703125,2210.711181640625
2023-05-15,5173.3095703125,8186.5712890625,3336.548095703125,2260.501953125
2023-05-16,5112.20703125,8116.60009765625,3336.548095703125,2210.711181640625
2023-05-17,5152.94140625,8186.5712890625,3344.931640625,2250.5439453125
2023-05-19,5275.14599609375,8396.484375,3370.08154296875,2180.836669921875
2023-05-22,5376.982421875,8396.484375,3386.84814453125,2131.0458984375
2023-05-23,5376.982421875,8513.1025390625,3386.84814453125,2091.21337890625
2023-05-24,5438.0849609375,8419.8076171875,3487.447509765625,2121.087890625
2023-05-25,5376.982421875,8443.1298828125,3453.9140625,2101.17138671875
2023-05-26,5376.982421875,8536.4248046875,3462.297607421875,2091.21337890625
2023-05-29,5376.982421875,8536.4248046875,3520.980712890625,2156.235595703125
2023-05-30,5295.51318359375,8629.71875,3453.9140625,2146.2529296875
2023-05-31,5254.7783203125,8443.1298828125,3386.84814453125,2136.270263671875
2023-06-05,5560.28955078125,8583.0732421875,3420.381103515625,2036.444580078125
2023-06-06,5539.92138671875,8536.4248046875,3428.764404296875,2046.42724609375
2023-06-07,5539.92138671875,8489.7783203125,3479.064208984375,2066.392333984375
2023-06-08,5519.55419921875,8513.1025390625,3495.830810546875,2026.4620361328125
2023-06-09,5539.92138671875,8489.7783203125,3479.064208984375,2046.42724609375
2023-06-12,5519.55419921875,8536.4248046875,3538.119140625,2056.409912109375
2023-06-13,5499.18701171875,8536.4248046875,3520.646728515625,2066.392333984375
2023-06-14,5621.390625,8466.4541015625,3494.4384765625,2076.375
2023-06-15,5601.02294921875,8443.1298828125,3511.910888671875,2066.392333984375
2023-06-16,5580.65625,8443.1298828125,3468.23046875,2066.392333984375
2023-06-19,5601.02294921875,8396.484375,3459.494140625,2066.392333984375
2023-06-20,5539.92138671875,8443.1298828125,3485.70263671875,2076.375
2023-06-21,5641.75830078125,8513.1025390625,3476.96630859375,2096.340087890625
2023-06-22,5519.55419921875,8443.1298828125,3442.022216796875,2076.375
2023-06-23,5519.55419921875,8443.1298828125,3450.758056640625,2076.375
2023-06-26,5539.92138671875,8466.4541015625,3485.70263671875,2066.392333984375
2023-06-27,5519.55419921875,8536.4248046875,3494.4384765625,2096.340087890625
2023-07-03,5560.28955078125,8466.4541015625,3494.4384765625,2146.2529296875
2023-07-04,5519.55419921875,8443.1298828125,3468.23046875,2076.375
2023-07-05,5519.55419921875,8443.1298828125,3476.96630859375,2096.340087890625
2023-07-06,5539.92138671875,8466.4541015625,3459.494140625,2066.392333984375
2023-07-07,5560.28955078125,8419.8076171875,3459.494140625,2086.357421875
2023-07-10,5519.55419921875,8443.1298828125,3450.758056640625,2066.392333984375
2023-07-11,5539.92138671875,8419.8076171875,3476.96630859375,2066.392333984375
2023-07-12,5519.55419921875,8559.7490234375,3476.96630859375,2046.42724609375
2023-07-13,5539.92138671875,8513.1025390625,3424.550048828125,2076.375
2023-07-14,5499.18701171875,8583.0732421875,3433.285888671875,2036.444580078125
2023-07-17,5438.0849609375,8559.7490234375,3415.813720703125,2086.357421875
2023-07-18,5356.615234375,8536.4248046875,3363.397216796875,2046.42724609375
2023-07-20,5315.88037109375,8536.4248046875,3363.397216796875,2036.444580078125
2023-07-21,5254.7783203125,8536.4248046875,3372.13330078125,2036.444580078125
2023-07-24,5336.248046875,8489.7783203125,3407.07763671875,2056.409912109375
2023-07-25,5295.51318359375,8536.4248046875,3389.60546875,2036.444580078125
2023-07-26,5376.982421875,8723.013671875,3389.60546875,2056.409912109375
2023-07-27,5315.88037109375,8606.3955078125,3249.827880859375,2066.392333984375
2023-07-28,5397.35009765625,8513.1025390625,3249.827880859375,2086.357421875
2023-07-31,5580.65625,8513.1025390625,3249.827880859375,2116.30517578125
2023-08-01,5601.02294921875,8513.1025390625,3276.0361328125,2086.357421875
2023-08-02,5580.65625,8583.0732421875,3223.61962890625,2056.409912109375
2023-08-03,5560.28955078125,8629.71875,3249.827880859375,2066.392333984375
2023-08-04,5539.92138671875,8536.4248046875,3223.61962890625,2076.375
2023-08-07,5601.02294921875,8653.04296875,3214.883544921875,2056.409912109375
2023-08-08,5580.65625,8583.0732421875,3258.56396484375,2066.392333984375
2023-08-09,5601.02294921875,8769.6611328125,3293.50830078125,2066.392333984375
2023-08-10,5499.18701171875,8769.6611328125,3319.716552734375,2086.357421875
2023-08-11,5499.18701171875,8769.6611328125,3328.452880859375,2146.2529296875
2023-08-14,5539.92138671875,8723.013671875,3345.925048828125,2166.218017578125
2023-08-15,5478.81884765625,8676.3671875,3337.188720703125,2136.270263671875
2023-08-16,5499.18701171875,8676.3671875,3345.925048828125,2166.218017578125
2023-08-18,5315.88037109375,8629.71875,3284.7724609375,2146.2529296875
2023-08-21,5275.14599609375,8559.7490234375,3267.30029296875,2156.235595703125
2023-08-22,5336.248046875,8676.3671875,3276.0361328125,2116.30517578125
2023-08-23,5336.248046875,8676.3671875,3267.30029296875,2146.2529296875
2023-08-24,5275.14599609375,8583.0732421875,3249.827880859375,2196.165771484375
2023-08-25,5254.7783203125,8653.04296875,3249.827880859375,2156.235595703125
2023-08-28,5234.41162109375,8583.0732421875,3232.355712890625,2156.235595703125
2023-08-29,5214.04345703125,8629.71875,3249.827880859375,2176.200439453125
2023-08-30,5254.7783203125,8583.0732421875,3328.452880859375,2166.218017578125
2023-08-31,5254.7783203125,8559.7490234375,3258.56396484375,2176.200439453125
2023-09-01,5336.248046875,8606.3955078125,3249.827880859375,2146.2529296875
2023-09-04,5376.982421875,8606.3955078125,3258.56396484375,2106.322509765625
2023-09-05,5376.982421875,8606.3955078125,3267.30029296875,2046.42724609375
2023-09-06,5315.88037109375,8536.4248046875,3310.980712890625,2006.4969482421875
2023-09-07,5214.04345703125,8559.7490234375,3284.7724609375,2026.4620361328125
2023-09-08,5214.04345703125,8513.1025390625,3223.61962890625,1996.5142822265625
2023-09-11,5193.67626953125,8513.1025390625,3232.355712890625,2056.409912109375
2023-09-12,5132.57421875,8489.7783203125,3241.091796875,2066.392333984375
2023-09-13,5132.57421875,8466.4541015625,3241.091796875,2126.287841796875
2023-09-14,5152.94140625,8489.7783203125,3214.883544921875,2256.061279296875
2023-09-15,5132.57421875,8396.484375,3249.827880859375,2565.52099609375
2023-09-18,5132.57421875,8396.484375,3214.883544921875,2645.381591796875
2023-09-19,5173.3095703125,8466.4541015625,3258.56396484375,2685.311767578125
2023-09-20,5132.57421875,8536.4248046875,3328.452880859375,2725.241943359375
2023-09-21,5051.10546875,8513.1025390625,3328.452880859375,2745.20703125
2023-09-22,5051.10546875,8466.4541015625,3372.13330078125,2615.43359375
2023-09-25,5091.8388671875,8396.484375,3293.50830078125,2615.43359375
2023-09-26,5051.10546875,8349.8359375,3284.7724609375,2575.503662109375
2023-09-27,5010.3701171875,8279.8662109375,3249.827880859375,2555.5380859375
2023-09-29,5071.47216796875,8233.21875,3276.0361328125,2525.5908203125
2023-10-02,5112.20703125,8466.4541015625,3276.0361328125,2565.52099609375
2023-10-03,5051.10546875,8583.0732421875,3293.50830078125,2595.46875
2023-10-04,4949.26806640625,8583.0732421875,3302.244384765625,2615.43359375
2023-10-05,4908.533203125,8466.4541015625,3249.827880859375,2725.241943359375
2023-10-06,4949.26806640625,8419.8076171875,3302.244384765625,2735.224609375
2023-10-09,4990.00244140625,8443.1298828125,3284.7724609375,2685.311767578125
2023-10-10,4928.900390625,8326.5146484375,3328.452880859375,2685.311767578125
2023-10-11,4928.900390625,8326.5146484375,3302.244384765625,2685.311767578125
2023-10-12,4927.24462890625,8443.1298828125,3345.925048828125,2685.311767578125
2023-10-13,4947.947265625,8466.4541015625,3363.397216796875,2695.29443359375
2023-10-16,4844.43310546875,8489.7783203125,3284.7724609375,2575.503662109375
2023-10-17,4844.43310546875,8349.8359375,3310.980712890625,2655.364013671875
2023-10-18,4823.73046875,8256.5419921875,3276.0361328125,2665.3466796875
2023-10-19,4740.92041015625,8163.2490234375,3258.56396484375,2625.41650390625
2023-10-20,4720.2177734375,8373.1591796875,3232.355712890625,2595.46875
2023-10-23,4637.40625,8256.5419921875,3153.73095703125,2625.41650390625
2023-10-24,4803.0283203125,8186.5712890625,3188.67529296875,2605.450927734375
2023-10-25,4782.3251953125,8279.8662109375,3144.994873046875,2665.3466796875
2023-10-26,4740.92041015625,8139.9248046875,3040.16162109375,2725.241943359375
2023-10-27,4740.92041015625,8116.60009765625,3057.6337890625,2815.08544921875
2023-10-30,4803.0283203125,8256.5419921875,2987.7451171875,2815.08544921875
2023-10-31,4782.3251953125,8163.2490234375,3048.897705078125,2974.80615234375
2023-11-01,4803.0283203125,8023.30712890625,3162.466796875,2944.85888671875
2023-11-02,4803.0283203125,8256.5419921875,3162.466796875,2954.84130859375
2023-11-03,4885.8388671875,8303.1904296875,3118.786376953125,2994.771484375
2023-11-06,4906.54150390625,8443.1298828125,3188.67529296875,2944.85888671875
2023-11-07,4823.73046875,8373.1591796875,3118.786376953125,2934.8759765625
2023-11-08,4740.92041015625,8396.484375,3075.10595703125,2944.85888671875
2023-11-09,4761.623046875,8396.484375,3083.842041015625,2954.84130859375
2023-11-10,4782.3251953125,8233.21875,3101.314208984375,2994.771484375
2023-11-13,4678.8115234375,8279.8662109375,3075.10595703125,2904.92822265625
2023-11-14,4699.5146484375,8326.5146484375,3057.6337890625,2984.788818359375
2023-11-15,4761.623046875,8443.1298828125,3101.314208984375,2914.910888671875
2023-11-16,4823.73046875,8466.4541015625,3092.578125,2914.910888671875
2023-11-17,4720.2177734375,8466.4541015625,3101.314208984375,2944.85888671875
2023-11-20,4803.0283203125,8279.8662109375,3136.258544921875,2884.96337890625
2023-11-21,4782.3251953125,8186.5712890625,3162.466796875,2884.96337890625
2023-11-22,4699.5146484375,8279.8662109375,3153.73095703125,2884.96337890625
2023-11-23,4720.2177734375,8326.5146484375,3144.994873046875,2894.94580078125
2023-11-24,4740.92041015625,8326.5146484375,3162.466796875,2864.998046875
2023-11-27,4658.109375,8279.8662109375,3214.883544921875,2835.05029296875
2023-11-28,4596.00146484375,8279.8662109375,3293.50830078125,2884.96337890625
2023-11-29,4575.29833984375,8303.1904296875,3249.827880859375,2914.910888671875
2023-11-30,4471.78515625,8373.1591796875,3284.7724609375,2944.85888671875
2023-12-01,4761.623046875,8349.8359375,3345.925048828125,2904.92822265625
2023-12-04,4761.623046875,8366.2421875,3328.452880859375,2904.92822265625
2023-12-05,4740.92041015625,8342.8056640625,3363.397216796875,3164.475341796875
2023-12-06,4740.92041015625,8249.0673828125,3424.550048828125,3473.934814453125
2023-12-07,4699.5146484375,8272.5009765625,3415.813720703125,4342.41845703125
2023-12-08,4699.5146484375,8202.197265625,3442.022216796875,4691.80859375
2023-12-11,4637.40625,8202.197265625,3476.96630859375,4691.80859375
2023-12-12,4616.70361328125,8155.32666015625,3415.813720703125,4751.70458984375
2023-12-13,4575.29833984375,8131.89208984375,3424.550048828125,4771.66943359375
2023-12-14,4658.109375,8483.4150390625,3442.022216796875,4641.89599609375
2023-12-15,4678.8115234375,8647.458984375,3476.96630859375,4921.40771484375
2023-12-18,4637.40625,8624.025390625,3468.23046875,5066.1552734375
2023-12-19,4658.109375,8670.8935546875,3468.23046875,5340.67578125
2023-12-20,4658.109375,8717.763671875,3459.494140625,5665.10986328125
2023-12-21,4596.00146484375,8741.19921875,3450.758056640625,5864.7607421875
2023-12-22,4596.00146484375,8741.19921875,3459.494140625,5864.7607421875
2023-12-27,4596.00146484375,8788.0673828125,3442.022216796875,5989.54296875
2023-12-28,4637.40625,8811.50390625,3459.494140625,5989.54296875
2023-12-29,4678.8115234375,8811.50390625,3450.758056640625,5240.85009765625
