Date,Asset_A,Asset_B,pA_00,pA_01,pA_10,pA_11,pB_00,pB_01,pB_10,pB_11
2021-01-04,BBCA.JK,ASII.JK,4.293722612881823,1.5593737383093933,-1.3063259676419803,-2.952336400152735,5.402852513269359,-2.2024723237510115,4.779609644646709,-4.4300033367564104
2021-01-04,BBCA.JK,TLKM.JK,3.4643172783366314,2.555108261334744,-0.7041908772943092,-2.919468869920982,6.272205373145728,-2.8897840275947573,3.997611903182963,-4.280783088310456
2021-01-04,BBCA.JK,TPIA.JK,3.687468368578011,2.164593853412327,-2.850304634230602,-2.056117392267914,2.824550049619568,-1.533214615666599,2.6154823056090897,-1.5379804511860975
2021-01-04,ASII.JK,TLKM.JK,5.695943352196747,4.356664896276677,-2.4446079754813392,-3.9373302685248937,7.180974533203441,-3.024869387196772,3.0442054560679077,-4.15569882673055
2021-01-04,ASII.JK,TPIA.JK,5.677536493106546,4.585362331452322,-3.8025533364175668,-3.147579325736706,2.616367622450466,-1.7121985732854565,2.872909220594855,-1.392853850340744
2021-01-04,TLKM.JK,TPIA.JK,6.05727140078913,5.06687109441367,-4.660966692511039,-3.1021124150685018,2.8453893518981896,-1.7664864310234267,2.6322886916768384,-1.41470414462782
2021-02-02,BBCA.JK,ASII.JK,4.215575736510541,1.861052381693788,-1.087135872641638,-3.191778593858201,5.696178483502159,-2.6014582970477003,4.3070261973971995,-3.865098409594348
2021-02-02,BBCA.JK,TLKM.JK,3.515396954092897,2.4393861803523396,-1.0011548252545597,-3.4290697780923356,6.331878562952367,-4.0867999452000605,3.9632722832012877,-4.7552210472480585
2021-02-02,BBCA.JK,TPIA.JK,3.8365187685525024,1.7285162824075875,-2.9709679263018223,-2.4304226581801838,3.2240479650849405,-1.7096606198589583,2.1012295540658505,-2.0802207951020377
2021-02-02,ASII.JK,TLKM.JK,5.885827668866916,3.8464496043685052,-2.7599022669079623,-3.6461657951342294,6.956742779534667,-2.9750223085480627,3.670199546314129,-4.9260032759528265
2021-02-02,ASII.JK,TPIA.JK,5.445280694981304,4.916349398090705,-3.891386671089655,-2.8411995329306334,2.7841517329025347,-2.4837501596051053,2.7312037430751803,-1.7170172435654403
2021-02-02,TLKM.JK,TPIA.JK,5.350366067527422,6.3712811888936605,-5.124156735559637,-4.061213001935527,3.0548848572192426,-1.946423338925327,2.2868559799248693,-1.9149797564474638
2021-03-04,BBCA.JK,ASII.JK,1.2043774821432123,0.6288854929229933,-1.5233192809005336,-2.9953686210876653,1.6731424744322263,-3.3765839472980383,1.4883831897916893,-3.4138221121866414
2021-03-04,BBCA.JK,TLKM.JK,0.9638515035169458,0.8470804041763298,-2.0754748011407766,-2.872632596229182,1.7961699363064372,-3.173320818475115,0.9280980346469155,-4.562305177310447
2021-03-04,BBCA.JK,TPIA.JK,0.9773863649506129,0.7800093472639837,-2.8921686780529594,-2.4156577620851163,1.0109029168668444,-2.650799150812447,0.8081943760712563,-3.9800317134395677
2021-03-04,ASII.JK,TLKM.JK,1.7000902053029328,1.4669933067306506,-2.490749037637277,-3.8020097513116307,1.9842516808386266,-2.3080277456095573,0.8533479829692814,-4.5420730107466705
2021-03-04,ASII.JK,TPIA.JK,1.7669783798884178,1.3629450351532293,-3.618423075407801,-3.1896606652156576,1.0171286711629544,-4.175211677223708,0.8676202015779925,-3.161122820291788
2021-03-04,TLKM.JK,TPIA.JK,1.282217440000754,1.7504220287360082,-4.146361022537583,-3.8378991377635363,1.0696110440368767,-4.145321818207778,0.8006357953925407,-3.123481227303756
2021-04-06,BBCA.JK,ASII.JK,2.3564842998368833,1.679449918965954,-1.8454237504898516,-3.4281468821244054,3.1785270012593654,-3.8906912547435613,2.3222177763248615,-3.1755482152573813
2021-04-06,BBCA.JK,TLKM.JK,1.9298877360966677,2.082558649824903,-2.713618422646016,-3.2353691661237907,4.461990612426129,-2.6124132415436203,1.6035555428561357,-3.714449524165787
2021-04-06,BBCA.JK,TPIA.JK,2.0441684626381806,1.959014064618703,-2.3296754617643396,-3.5344594116810732,3.101179507956557,-2.720668420039392,2.115487742424035,-3.557689268458665
2021-04-06,ASII.JK,TLKM.JK,2.7232112664403334,2.954227580601151,-2.88412661137184,-3.660190450954877,3.43074475893361,-1.8530200786680262,2.3355951714976917,-3.7916254580785695
2021-04-06,ASII.JK,TPIA.JK,3.048707503546812,2.355742635727618,-2.791652238781499,-3.9122294466158465,2.6551545194258925,-3.054990051187978,2.6514571937883424,-3.4132678018014206
2021-04-06,TLKM.JK,TPIA.JK,2.5597817672081655,3.5019230367668124,-2.7558867467151695,-3.65761429558852,3.1550409825435715,-5.003200496215758,2.1198656610211146,-2.6881532394390963
2021-05-05,BBCA.JK,ASII.JK,1.3387761660653363,0.8998103067603695,-1.6683799639069403,-3.1563644188718087,1.9025414668408076,-3.7913157989589106,1.0180481332285558,-3.058572903149297
2021-05-05,BBCA.JK,TLKM.JK,1.1999113291200614,1.0986953481775832,-3.2345771735648587,-2.500523383402133,2.025348328325586,-1.9916272387929426,0.6583712865776484,-2.5177586289956198
2021-05-05,BBCA.JK,TPIA.JK,1.0192624889319928,1.2992024031770495,-1.7470060878861158,-3.244732045923096,1.5240387841214869,-3.002872165843654,1.3318757855025598,-3.93022274424735
2021-05-05,ASII.JK,TLKM.JK,1.5585427010016901,1.5381290184896415,-2.7370159665509073,-3.5033315741011215,1.744619152197817,-1.6325458340877461,0.8866215113689535,-2.618891321064299
2021-05-05,ASII.JK,TPIA.JK,1.6662661353112962,1.4214286313209012,-3.2407180610418758,-3.330002578767526,1.546553374878358,-3.0444765115311587,1.338421236745312,-3.9085161291060437
2021-05-05,TLKM.JK,TPIA.JK,1.2423110272040254,1.512593796892078,-1.7105513015655662,-2.6934310897627296,1.8271526897897294,-5.128973716134583,1.1278172606917514,-2.917119926263853
2021-06-10,BBCA.JK,ASII.JK,1.4802177574754984,1.1514539897856133,-1.9651380374012157,-2.6688901123610687,2.1705752961943032,-2.8608298752364876,1.0514714971402084,-3.3759402596903936
2021-06-10,BBCA.JK,TLKM.JK,1.4892116679135874,1.1375543100176575,-2.8143733805839277,-2.285719049578278,2.07887769586408,-2.7715460867495456,1.135397367246653,-2.1973631139598058
2021-06-10,BBCA.JK,TPIA.JK,1.4491985189025638,1.2774570961184035,-1.789017003482776,-2.753121911191627,2.9647065474728382,-4.32857332635138,1.8940570226982905,-4.132317987986679
2021-06-10,ASII.JK,TLKM.JK,2.0408556098796997,1.3176897288141876,-3.1046738993210683,-3.25931920469342,2.154681362220489,-1.811318395333265,1.110908427875279,-2.6733869976209204
2021-06-10,ASII.JK,TPIA.JK,2.123246071430096,1.3386086788445788,-3.909326818604427,-2.9572725293216227,2.56393932211035,-3.072224639583659,2.279550589978929,-4.851573679645778
2021-06-10,TLKM.JK,TPIA.JK,2.354840106160704,1.0559333089158491,-1.8278265616498528,-2.5682031782473724,2.8232179534151634,-5.190123856122515,1.8762282746158856,-3.7241875698355
2021-07-09,BBCA.JK,ASII.JK,1.524962692958235,0.9989751247629433,-1.605487597167043,-2.2968483640012534,1.9600863410003877,-1.9338053446866275,1.2445404289814237,-3.597813909692631
2021-07-09,BBCA.JK,TLKM.JK,1.2863611144412814,1.2478265193946525,-2.3679081260799317,-2.0154713390179437,1.674529212338926,-3.0311746112884004,1.336042187111917,-2.2499624427363583
2021-07-09,BBCA.JK,TPIA.JK,1.4812219588235613,1.17426122558964,-1.8156816551070079,-2.2117999479018637,4.1832509430765015,-4.067965581772277,1.7953549478186765,-3.795781046309965
2021-07-09,ASII.JK,TLKM.JK,1.7599501761635237,1.4613546075546935,-2.12804191329304,-3.3570940949613557,2.197642787204371,-2.1729346801630265,0.6932626984930542,-2.5340782523023706
2021-07-09,ASII.JK,TPIA.JK,2.1358328912045925,1.2704852445824135,-2.812788673166675,-3.161936018220073,2.0842269424635305,-2.8309240087131373,3.2693956765108636,-4.530396148879647
2021-07-09,TLKM.JK,TPIA.JK,2.1196925525588624,1.1343162495421413,-1.8637869540361627,-2.6388879562767205,3.4493034773089817,-4.606188414122259,2.028417008469544,-3.6199965183483025
2021-08-10,BBCA.JK,ASII.JK,1.4942143755347155,1.0197602380319586,-2.0228527132300718,-2.3467344851202117,1.5489234680299775,-2.0144661474851406,1.3616837238839579,-4.005961791527793
2021-08-10,BBCA.JK,TLKM.JK,1.2784002647863453,1.2452783890836974,-1.8825863105603704,-2.38116398071969,1.9910840932070464,-2.941162961736938,1.5544307896031262,-2.7339303644826836
2021-08-10,BBCA.JK,TPIA.JK,1.2753136428629408,1.2605848873136931,-1.9698630890015567,-2.412307571811485,3.769732975242802,-4.534315573867997,1.6908633131933186,-4.060873300349394
2021-08-10,ASII.JK,TLKM.JK,1.5415450253401386,1.317317308943894,-3.4847738792109837,-3.2793665638067147,2.32945763721159,-2.458486708626094,1.062251089232881,-2.9187115618368504
2021-08-10,ASII.JK,TPIA.JK,1.4916725228836596,1.4241302300198029,-2.3164051785255477,-3.92188736720246,2.0918280147539283,-3.010902340669302,2.9198725594831276,-5.008752758536366
2021-08-10,TLKM.JK,TPIA.JK,2.2013301924997273,1.3951893447654575,-2.57440734584915,-2.8847573053267315,3.086025925185137,-4.696475979373698,1.8050833179759886,-4.0124899368270235
2021-09-10,BBCA.JK,ASII.JK,1.3288132146023388,0.7593113017863112,-1.3553722819128127,-2.205676981101715,1.693700338647403,-1.704105079223299,1.1770973749482652,-3.472191970416785
2021-09-10,BBCA.JK,TLKM.JK,1.1693231557586263,0.9850733580536364,-1.330975759521097,-2.1850271133058516,1.4573422502508162,-2.6661108421856428,1.2642579596889498,-2.7119538094909
2021-09-10,BBCA.JK,TPIA.JK,1.2406279712018322,0.9585696227442456,-1.8921975898360839,-1.9372643271400791,2.4311058803251537,-3.7511795120682945,1.1157514859032978,-4.053477158654393
2021-09-10,ASII.JK,TLKM.JK,1.6101609764072358,1.1970868755122863,-2.6710407328348396,-3.084395386205773,1.5989475480431075,-2.3847330777994356,0.9638876998478416,-2.826589194981578
2021-09-10,ASII.JK,TPIA.JK,1.4597037318463066,1.4175752817622873,-1.7043658001891318,-3.6194021841999926,1.1751753483334604,-2.5411918608604234,2.1574082740271954,-4.834910911208155
2021-09-10,TLKM.JK,TPIA.JK,1.384708603353756,1.3368916065860104,-2.6403824278120056,-2.722435756087567,2.167871715633411,-3.5975033782334234,1.1637606847630435,-4.110581453448185
2021-10-11,BBCA.JK,ASII.JK,4.190797718875604,1.6217277994216337,-1.172342313295002,-2.1581773195245915,5.580425231602755,-2.734295550790385,2.8988457947904696,-3.638535214173613
2021-10-11,BBCA.JK,TLKM.JK,4.41922273132614,2.1310723746991203,-1.323252221809724,-2.3062621197149866,3.9753361497133977,-2.0885722834927387,2.8807039745430956,-2.5183700811792225
2021-10-11,BBCA.JK,TPIA.JK,5.381508610052124,2.178606103429634,-1.8501444451199083,-1.8629250614973518,4.84574268265466,-3.4831445842955118,3.2801599662194922,-4.420481259275639
2021-10-11,ASII.JK,TLKM.JK,5.1900495817460826,3.5117690403657837,-3.709463406894997,-3.2363789006434813,4.070075097665583,-1.680796636457676,2.1344360962583586,-2.607042337205115
2021-10-11,ASII.JK,TPIA.JK,6.1547163373381855,3.7077981406611977,-2.1059431656337866,-3.810309356584845,3.5111047555231845,-2.9083974460070388,5.08641901736231,-4.851541612991993
2021-10-11,TLKM.JK,TPIA.JK,3.727472231828339,3.2136074569390622,-3.196721863122793,-2.132070798715794,3.617376769302588,-3.3644630466129875,5.363555739156744,-4.463691237900551
2021-11-10,BBCA.JK,ASII.JK,3.673190577654257,1.7782735628876105,-0.7339405400406877,-2.143635882775496,5.6360737818769335,-2.1902303442172033,2.5540941994773863,-3.633856901933696
2021-11-10,BBCA.JK,TLKM.JK,3.7273519441047602,1.9989728551856674,-1.293332434595045,-1.9848777801741475,3.6148289447129645,-1.6528729885613134,2.5580981573915382,-2.359048880578256
2021-11-10,BBCA.JK,TPIA.JK,4.686426290963935,1.6722404932154973,-1.6857988037952154,-1.7676124889100364,5.432523008846913,-3.688825805215475,3.1073540456628055,-4.44883768527429
2021-11-10,ASII.JK,TLKM.JK,4.540922563300302,4.866080105361389,-3.5790292541900346,-3.0183991697261576,3.7734488815708027,-1.799574587033923,1.9884047823980078,-2.193248162405406
2021-11-10,ASII.JK,TPIA.JK,5.8653499531538165,3.856082362721542,-2.5990408748797718,-3.403368074252772,4.132317015283113,-2.89111881065136,5.002614431219807,-5.013880139757205
2021-11-10,TLKM.JK,TPIA.JK,3.668142860119612,2.8483410918744974,-2.7034135010975904,-1.8678661533424858,4.514282198645895,-3.4024137713121205,4.590027232951284,-4.601740911770085
2021-12-09,BBCA.JK,ASII.JK,2.8330460940664612,1.3437907710605954,-0.7056876870728059,-2.854479343157923,3.777873915737523,-2.48714979071904,3.0722386012404246,-4.202385077332671
2021-12-09,BBCA.JK,TLKM.JK,2.7551093322295404,1.5392367362317803,-1.9467667887632978,-2.4090371142805345,3.4301778075327394,-1.9049786006030467,2.410470124829056,-2.4999327370784563
2021-12-09,BBCA.JK,TPIA.JK,2.979398406499772,1.494967870745048,-2.409634766555119,-2.1877174424909316,3.7210081379243047,-2.901114947712332,1.6170362604398667,-2.9922243966555304
2021-12-09,ASII.JK,TLKM.JK,2.986176737226215,4.409517618308227,-4.836438901496577,-3.0314790456614635,3.426252529137059,-1.482658471160276,2.4161796206773185,-2.5736681270195
2021-12-09,ASII.JK,TPIA.JK,3.94606685825092,3.231151235862773,-2.8429664862735176,-3.9530085926131977,2.809643284727103,-2.3875697546044727,2.978447011908411,-3.3093939153086427
2021-12-09,TLKM.JK,TPIA.JK,3.698605905652178,2.544584458216843,-2.4885771334502103,-2.143711403725553,3.403454673016597,-3.4580566660700724,2.434119905976375,-2.604786679537102
2022-01-10,BBCA.JK,ASII.JK,1.1436674692820017,0.924551275706941,-0.9095901815464332,-2.328711649547474,1.3037661032534824,-2.407509839533378,1.698884488423337,-3.520245987340736
2022-01-10,BBCA.JK,TLKM.JK,1.0502403219724685,1.020282844370474,-1.3498600939966705,-2.1085766933223553,1.8990797118159346,-2.3511836520707585,1.323505510644181,-2.5351725491618056
2022-01-10,BBCA.JK,TPIA.JK,1.157902830905808,0.8896836710145787,-1.81813219724992,-1.876888834932505,1.4655061349021243,-2.563959033827382,0.9554994758694784,-2.7094214765057774
2022-01-10,ASII.JK,TLKM.JK,1.0972208710712386,1.9976800916707247,-4.425466842885938,-2.6492171548611925,1.6408729743503214,-1.3119871007013104,1.5698801028616884,-2.938105711154057
2022-01-10,ASII.JK,TPIA.JK,1.3772278585044075,1.5587826548022279,-2.6640893729606767,-3.5699959419378624,1.2484868228520984,-1.9028878458639444,1.2056776482924483,-3.29673667535465
2022-01-10,TLKM.JK,TPIA.JK,1.6864801241588803,1.566180103472764,-2.675144351331173,-2.280405699245642,1.5402219448056298,-2.806303766399076,1.0598100873156828,-2.5494822934787655
2022-02-09,BBCA.JK,ASII.JK,3.0630907341247364,2.154021719925684,-0.7651185659175623,-2.1732063146136316,2.2774241786830296,-2.790080511196672,3.360090784656738,-2.620619814800777
2022-02-09,BBCA.JK,TLKM.JK,2.770789407189355,2.518725665906601,-1.2589911884496234,-2.1357487834382995,5.265758583310613,-2.8311218005931242,3.034998229709295,-2.215959508124573
2022-02-09,BBCA.JK,TPIA.JK,2.7715702249021112,2.405482731116644,-1.7665469401271907,-1.7883557853809808,3.5133064968085597,-2.1523155878759344,3.2497173818219682,-2.3728095840273324
2022-02-09,ASII.JK,TLKM.JK,2.793133060852459,2.797935898433851,-2.9712233503023233,-2.517012957063652,4.556771856567912,-1.8780755725985432,3.2291941056209224,-2.653496014176553
2022-02-09,ASII.JK,TPIA.JK,2.9632730325927104,2.6118920349370867,-1.9709206063155806,-3.784409725734082,3.1584254922929045,-1.5916738276017652,3.4491236436620123,-2.81334607438191
2022-02-09,TLKM.JK,TPIA.JK,3.9401612832104598,3.8379416286257015,-2.624477355579333,-2.1452250194164626,3.721584335831158,-2.659614921691028,3.1171769388075883,-1.9852302970754097
2022-03-14,BBCA.JK,ASII.JK,2.3351569334414592,2.185358672132458,-1.5519401918428075,-1.9894955928107925,2.069995995886811,-1.9227184022346862,3.282831408242268,-2.4516787106442024
2022-03-14,BBCA.JK,TLKM.JK,2.5019308090791372,2.093017482259961,-1.667095613522258,-2.0246371842453845,3.02998651065478,-2.3703637932721575,2.4139284284574853,-2.544165022555632
2022-03-14,BBCA.JK,TPIA.JK,2.5403999894048095,1.521271619296934,-1.630047519979969,-2.1379863456838315,3.045767365206387,-4.454593465657198,3.0798616827907463,-5.375192857148331
2022-03-14,ASII.JK,TLKM.JK,3.1389829893695387,1.800634459253723,-1.85710925203348,-2.509257013186919,3.1615486879635912,-3.184856502985346,2.0725695831943054,-2.1685844707410795
2022-03-14,ASII.JK,TPIA.JK,2.1268066159155237,3.2105269827511793,-1.90721590558809,-3.0570159127682532,2.7456175980480455,-4.087721883568045,3.2411266888825456,-6.0183582712270995
2022-03-14,TLKM.JK,TPIA.JK,2.6384368897680264,2.687477088515537,-2.7039921464854615,-2.0854428654957444,3.3525233795448695,-4.287692438327729,2.815304417282316,-5.716024276207416
2022-04-12,BBCA.JK,ASII.JK,2.753360824915132,2.4499277958914574,-2.1480048144020456,-2.300287495111572,3.5183561206443024,-2.0513247701820707,4.3319781998896625,-2.6617229954881294
2022-04-12,BBCA.JK,TLKM.JK,2.733205014487217,2.513431181894183,-2.1143454576499954,-2.355587370120537,2.746458681159872,-2.036955860746781,3.268184665703287,-2.612181655272857
2022-04-12,BBCA.JK,TPIA.JK,2.925858362744199,1.715697304530202,-1.8472537433566236,-3.1896010144010627,4.293392491081885,-4.058255206341475,3.6466825074252167,-7.2459657975701335
2022-04-12,ASII.JK,TLKM.JK,4.9318654990659825,2.592274349524519,-1.890433537931053,-2.8445268745474115,3.2436446153685585,-3.587398624360713,2.7745044529709904,-1.5210773541408993
2022-04-12,ASII.JK,TPIA.JK,3.517870039646549,5.030896236664339,-2.275524564939635,-2.8175015153823963,3.7091779204868955,-5.824494141830428,4.1773786191396995,-6.009598542727867
2022-04-12,TLKM.JK,TPIA.JK,3.0390541812749063,2.9673459728155045,-2.1256450492148398,-2.8089187101686117,4.474801394027515,-5.665563877002419,3.3469709063935444,-6.0794601052797415
2022-05-23,BBCA.JK,ASII.JK,1.9539557820422968,1.2700473455869001,-2.0731081016762114,-4.019366332934846,2.7176646501562214,-2.3836443297342154,3.3510465638610842,-4.089352403607049
2022-05-23,BBCA.JK,TLKM.JK,1.665755002778165,1.695029812142112,-2.2308186883520134,-3.7065898019189145,1.7708320669821107,-1.9261573874776754,2.159815012520148,-3.6845660324365532
2022-05-23,BBCA.JK,TPIA.JK,1.7891327179613148,1.517281941708373,-1.9777176789896191,-3.8797641767458164,2.2034469376928687,-3.1948702668298856,2.4989926155687305,-5.233321698464151
2022-05-23,ASII.JK,TLKM.JK,3.1677803057291616,2.7854168822767265,-2.938502037923583,-3.5838102238409086,2.063406039678238,-3.402782701613312,1.7150401570674512,-2.5630078802936636
2022-05-23,ASII.JK,TPIA.JK,2.9329846211221535,3.104068168529094,-3.435200520614248,-3.3470774453387895,2.0372187590127973,-4.536667216066962,2.786816038301831,-4.368130261637648
2022-05-23,TLKM.JK,TPIA.JK,2.0313081886785054,1.8279851781780891,-1.9981842279781923,-3.5462268118382476,2.389908966509104,-4.722548310342756,2.2514640321578825,-4.291176202950359
2022-06-23,BBCA.JK,ASII.JK,2.0332386857315496,1.1867746404033501,-1.6089275609982896,-4.352809801566549,2.3913100057819205,-2.3770599521414284,2.1393895991381,-4.336718074733145
2022-06-23,BBCA.JK,TLKM.JK,1.3710344731730846,1.979327320176923,-1.645521825098414,-3.738812057742955,1.344285821874402,-1.7612401894363456,1.3813713107634646,-3.3888748662485533
2022-06-23,BBCA.JK,TPIA.JK,1.3995355198467143,1.7678600204830015,-1.8978647832972904,-3.9802866134058505,1.834484111107732,-2.2612923768685027,1.799420568307505,-2.405127965678337
2022-06-23,ASII.JK,TLKM.JK,2.2213975420654104,2.3034473424649615,-2.478033126569491,-4.003876203948201,1.4464066126878647,-2.8717083962186587,1.2235482704153862,-2.856454993174949
2022-06-23,ASII.JK,TPIA.JK,2.585030527767252,1.9288743833765132,-3.7174649540269744,-3.336509261342646,1.674709274613703,-2.9443146705595855,1.9903732282249855,-1.8856694659695328
2022-06-23,TLKM.JK,TPIA.JK,1.4695708025725438,1.2311062578211378,-1.813476942970804,-3.4343654859939488,1.8357118438997149,-3.0811366275764054,1.7891200166174706,-1.9010606008768718
2022-07-22,BBCA.JK,ASII.JK,2.112201537912579,1.413666303950979,-1.213748888042839,-4.395655972528134,2.1827336697106925,-3.060338297480346,2.0036906009794313,-4.837931123720903
2022-07-22,BBCA.JK,TLKM.JK,1.6144920284836224,2.0358031907371745,-1.5793705122773583,-4.179606830935009,1.6735561261037981,-1.8933931073630437,1.3378714375852607,-3.449370104914202
2022-07-22,BBCA.JK,TPIA.JK,1.6714964001212218,1.891284894672937,-2.8629300450959465,-3.3352614051658587,1.5770837401361029,-2.224281339448402,1.8703626294523343,-2.324267369057545
2022-07-22,ASII.JK,TLKM.JK,2.1391188474435308,2.0540153959030785,-3.9540752602818054,-4.369312662283835,1.8391782485498287,-2.400398700319875,1.146768988609072,-3.209603642490981
2022-07-22,ASII.JK,TPIA.JK,2.513929296925917,1.8315153289534063,-5.146691390463878,-3.873532871097965,1.4804545680975396,-2.430350388179744,1.9884649508328,-2.1881398571045976
2022-07-22,TLKM.JK,TPIA.JK,1.851047676025465,1.2676936542412363,-2.4204704080574384,-3.0478113973849785,1.3764425067813777,-3.1944130526044674,2.2079843406489505,-1.727263237884581
2022-08-23,BBCA.JK,ASII.JK,1.969583292611777,1.6351647965465426,-0.8476117434467046,-3.2281253895680293,2.481881637115526,-2.17468705834098,2.272598466667114,-4.118638363659625
2022-08-23,BBCA.JK,TLKM.JK,1.7392152405358619,1.9324090744790292,-1.57599731998789,-2.908338873136621,2.3425404581714835,-2.4008763751493465,1.5448350921999068,-2.6972963924971167
2022-08-23,BBCA.JK,TPIA.JK,1.8448273280488505,1.7873852010724605,-2.3299783083092116,-2.295520963812424,2.010267386952109,-2.0988082513207433,1.8625464589024208,-2.266092415703691
2022-08-23,ASII.JK,TLKM.JK,2.676955599957882,2.012499849543974,-2.710194596916786,-3.88068325250909,2.130884631801068,-2.3615484436382497,1.9102414636339597,-2.745318592214675
2022-08-23,ASII.JK,TPIA.JK,3.2237817832519124,1.8540993045931036,-4.5428495428333955,-2.7269141398464014,2.074740601853193,-2.345451231746161,1.7916259225112285,-2.070476450687818
2022-08-23,TLKM.JK,TPIA.JK,2.2362989139206855,1.892859703962734,-2.8862706954771755,-2.4361706599894326,1.7193912272150393,-2.697596376656227,2.233967902101883,-1.5903676563029148
2022-09-21,BBCA.JK,ASII.JK,1.275463044923524,1.630792088206897,-0.8700440538785685,-2.751948755396876,2.249685258273685,-2.85811017416407,1.9093829547156005,-3.597263496211655
2022-09-21,BBCA.JK,TLKM.JK,1.5925462258962622,1.1647287823254493,-1.472453545538764,-2.497729131112755,1.7785867358784468,-2.8691220624811646,1.1263055047794424,-2.9364274146174885
2022-09-21,BBCA.JK,TPIA.JK,1.4986230006525059,1.4017495297093727,-2.676503562786475,-1.587501143315901,2.563539566391984,-2.354946022529945,2.576704169123111,-3.178049980860473
2022-09-21,ASII.JK,TLKM.JK,2.2614458846960996,1.9697042057397471,-2.5281511704391764,-4.256251664709037,1.5846244488864065,-2.4936337122911634,1.485417172751792,-3.321530815112678
2022-09-21,ASII.JK,TPIA.JK,2.6793868773969303,1.5990753911493947,-3.897923692081984,-2.984485157541348,2.9577227828640185,-2.942888314155065,2.0274805866084877,-2.5798865841491705
2022-09-21,TLKM.JK,TPIA.JK,1.6930946438221697,1.4144484001034883,-3.2745056244284934,-2.7037359521871585,3.169486041532138,-2.9095204803010137,1.7310120244731202,-2.51612814120759
2022-10-20,BBCA.JK,ASII.JK,0.9598894149135998,1.1927619897995216,-0.698585072116614,-2.486626231102221,1.7281294245107504,-2.6596136015799576,1.5620436621314588,-1.4610718970374383
2022-10-20,BBCA.JK,TLKM.JK,1.2385907906917675,0.8047211108874932,-1.3845139023582884,-1.909752083645627,1.4654455666572197,-3.3082826272255037,0.7714281315891035,-2.686796984308784
2022-10-20,BBCA.JK,TPIA.JK,0.9231167009962373,1.1682505480443015,-2.411025273670188,-1.1267541975169666,2.146679368586962,-2.4730023032629647,2.2542000432560285,-3.8499007998034824
2022-10-20,ASII.JK,TLKM.JK,1.4721084313735395,1.8308404831439995,-1.8630884950728115,-2.324182653796945,1.3562160725712264,-2.677909580439738,1.1973248170741568,-3.073012446663313
2022-10-20,ASII.JK,TPIA.JK,2.20759288042337,1.1748015231176832,-2.223141056782582,-2.028882833261027,2.580864965298873,-3.319751856382043,1.8379345589889622,-2.839626624281326
2022-10-20,TLKM.JK,TPIA.JK,1.1314663807281884,1.3368262731375347,-3.1264322592233023,-2.7490794008751838,2.946333013110794,-2.7276315580362445,1.5858408574796377,-3.337496322854196
2022-11-18,BBCA.JK,ASII.JK,1.856254681446365,1.7284093969329801,-1.4521339611828767,-2.7030871914480064,2.3632629822115923,-3.501273660212009,1.6192787342508292,-2.359185349577008
2022-11-18,BBCA.JK,TLKM.JK,2.0231344361976618,1.48645429414273,-0.9960619644434526,-2.608612985588674,1.893299810839489,-2.4444607698158136,1.5306591695746714,-3.021996667555887
2022-11-18,BBCA.JK,TPIA.JK,1.353110550280199,2.0494726683096873,-2.593122132914037,-2.017460848749524,3.167771366059131,-2.927940821683569,2.464744426854464,-4.218751869691469
2022-11-18,ASII.JK,TLKM.JK,2.1821125987422816,1.9880404058839571,-3.02079344164437,-2.8006196100923093,2.1626014796376127,-2.324452886753295,1.545524058298764,-3.1253729346723147
2022-11-18,ASII.JK,TPIA.JK,2.6817560607164768,1.4969737959295735,-2.626299435901845,-3.040746396196455,3.2448181086614767,-3.529908748187375,2.398704361766739,-3.485653592273871
2022-11-18,TLKM.JK,TPIA.JK,1.6707140127079783,1.896872248962789,-2.6281487700917885,-2.9409086580588206,3.997040791938351,-3.255460121363601,2.0343294030805343,-3.6582911204383852
2022-12-19,BBCA.JK,ASII.JK,2.451324047551302,2.2076461575766557,-2.27258765594748,-2.662742228756598,2.329318692337131,-2.665513560685533,2.416027936324059,-2.741142651078886
2022-12-19,BBCA.JK,TLKM.JK,2.7646762294203477,1.7848838591545892,-1.8761928531636174,-2.7583761998227043,2.4954041494993744,-2.3614581642769745,2.1302299400471236,-3.453469743999828
2022-12-19,BBCA.JK,TPIA.JK,2.1959204392637166,2.381042087985163,-2.4346206241106723,-2.6159439853718895,2.817679220150569,-2.2853795254064315,1.7499604447037718,-3.072530403878369
2022-12-19,ASII.JK,TLKM.JK,2.6323461394244205,2.1995580976013778,-3.00857984032264,-2.539345963814811,2.1968127632490972,-2.433074979726458,2.4598933104583214,-3.340750301598365
2022-12-19,ASII.JK,TPIA.JK,3.2445886011868925,1.7913964564263967,-2.3592444112293514,-2.994147600629645,3.135735502632204,-2.585240971712613,1.9532163601157562,-2.813409099917935
2022-12-19,TLKM.JK,TPIA.JK,2.124386403817017,2.592054276740035,-3.095609420653201,-3.037713355192267,3.0051587721979685,-2.5814843921424604,1.8212655230674588,-2.815369054476275
2023-01-17,BBCA.JK,ASII.JK,1.7506868843795946,1.7254397068301854,-3.2857102746281033,-2.6146275244376387,2.182405828912531,-1.9620740081994885,1.795660332634236,-3.544626062190279
2023-01-17,BBCA.JK,TLKM.JK,2.0743639222329,1.4199748478271799,-2.194729403441153,-3.206088843678255,2.110922298011478,-2.505464603286874,1.8552875595400364,-3.795334626333685
2023-01-17,BBCA.JK,TPIA.JK,2.0591615923388584,1.473226058016446,-2.2490579578474974,-3.1750439554460583,2.1326185259284283,-1.5187722622823248,1.7174757544605175,-3.089071223821275
2023-01-17,ASII.JK,TLKM.JK,2.2113839447820896,1.8599055787777259,-2.2989940115310907,-3.2842787868885863,1.933787652227218,-2.5721829198170134,2.024251412740951,-3.6942470602214685
2023-01-17,ASII.JK,TPIA.JK,2.1772924420185342,1.918755406987327,-2.4814712042774034,-3.1747880871706746,2.738460082195381,-2.0400496444520493,1.6202516286237842,-2.6919075040729132
2023-01-17,TLKM.JK,TPIA.JK,2.0297201517999963,1.9561539164031676,-3.2449059360062074,-3.264380207093167,2.5928241631732023,-2.709155990122992,1.2189196474453456,-2.2479926677152116
2023-02-16,BBCA.JK,ASII.JK,0.6813632003158205,1.426507087736399,-2.8671897467111367,-2.261390132553963,1.4701869926967743,-1.638812980567248,1.1984740318171396,-3.212724283594375
2023-02-16,BBCA.JK,TLKM.JK,1.378225924955195,1.04899174342013,-2.3040002076921127,-2.638878876430367,1.4928410276408248,-2.687894034249059,1.0886406988547317,-3.1966339802052577
2023-02-16,BBCA.JK,TPIA.JK,1.4288936256846727,1.0521452405649043,-2.1379976040213005,-2.7142039934899804,1.160210600385849,-1.5277586526584586,1.111505080207589,-2.4315350011160137
2023-02-16,ASII.JK,TLKM.JK,1.3401658792017572,1.2811960694877254,-2.0571792086828795,-2.833156942152211,1.2010011075051048,-2.8497640192282567,1.3260046108120205,-3.1138739871655345
2023-02-16,ASII.JK,TPIA.JK,1.414412546076935,1.2533535694095335,-2.022134994385331,-2.7560143356498426,1.2562671845490652,-1.7204264629981336,1.0957213922126037,-2.291412957232614
2023-02-16,TLKM.JK,TPIA.JK,1.2663248037387502,1.33810261800015,-3.2160901354064233,-2.915962263274594,1.4868887348045456,-2.7774844605633557,0.5508063494503411,-1.7156959592433603
2023-03-17,BBCA.JK,ASII.JK,0.9250793651136839,1.4890827989968085,-2.3301195283214717,-2.370907042723216,1.720482625177168,-1.9469535325941625,1.510294145770328,-3.0440848132534963
2023-03-17,BBCA.JK,TLKM.JK,1.5245312717855848,1.1223219604359125,-2.086988263443191,-2.59599906906362,2.2098963191839682,-2.359953010397789,1.218566797219663,-2.2067560124132846
2023-03-17,BBCA.JK,TPIA.JK,1.4948652670822957,1.2194885542793337,-1.8407225019068236,-2.551982348104447,1.044121096568236,-2.14492150423267,2.4178943311563836,-1.9405218359474672
2023-03-17,ASII.JK,TLKM.JK,1.3452688788555185,1.707069089315309,-2.2069056241898757,-2.7879542492762144,1.6836552184738316,-2.79011614942966,1.599886273589662,-1.6599208459781378
2023-03-17,ASII.JK,TPIA.JK,1.445588407687788,1.6219435020198207,-2.240762293804928,-2.569658059430289,1.3900488576256964,-1.3678985016058927,2.0728700073390773,-2.632203736755811
2023-03-17,TLKM.JK,TPIA.JK,1.554875445794446,1.688813161725881,-1.308559899215665,-2.44921799583313,2.1805120864488203,-2.9619521417371373,0.8370509920550122,-1.4955471504040427
2023-04-27,BBCA.JK,ASII.JK,2.09454466943405,1.8648815136916028,-1.9650111212825878,-2.197208158005225,3.0174512993085796,-1.60480099325827,2.4383501933667744,-2.3131610084220626
2023-04-27,BBCA.JK,TLKM.JK,2.0610396944417158,1.8792452752254225,-1.8855720813722499,-2.1987381787573197,3.043525489583466,-1.8368424264127972,1.8900300780761687,-1.7594897947168744
2023-04-27,BBCA.JK,TPIA.JK,2.5960997913535366,1.6549633887399933,-1.538561489777221,-2.313664338346796,2.276258504743724,-2.4966786612754923,3.8011311309522164,-1.377384380005326
2023-04-27,ASII.JK,TLKM.JK,2.92776281451914,2.5817121223409463,-1.6651260424379244,-2.07574595545146,2.520503127779367,-2.472217056466738,2.5379818046933114,-1.0049824215278198
2023-04-27,ASII.JK,TPIA.JK,2.9948084830030774,2.565491822707887,-1.0664530045134006,-2.2358828145952794,2.5013270500087623,-1.6969677006707453,3.4235753230663293,-2.257025382546482
2023-04-27,TLKM.JK,TPIA.JK,2.8258508924264643,2.3280552164984316,-1.4332049485276057,-1.928961472329411,3.1123476295334096,-2.4800784363523163,2.779244422875934,-1.6889483633769407
2023-05-30,BBCA.JK,ASII.JK,2.507023382323832,1.4008119434753696,-1.4324940865289355,-1.9201173701869758,3.186550229807641,-1.4117098073505314,3.2506562761569566,-1.875692083025658
2023-05-30,BBCA.JK,TLKM.JK,2.144612041729785,1.6157284255562883,-1.5453560145917484,-1.8205333160139057,2.777887783401456,-1.5281486446219192,2.219688899433197,-2.6656965771342223
2023-05-30,BBCA.JK,TPIA.JK,2.9125725783091427,1.5047511992189977,-1.4294289009019359,-1.828842318151968,2.946930913492306,-2.80740444475502,4.513223325192995,-2.275117023132527
2023-05-30,ASII.JK,TLKM.JK,3.401688822296539,2.9798313310924214,-1.2934118319093308,-1.8889033244832298,2.3360411710707805,-2.468750188077491,2.684785107527665,-1.930703461184034
2023-05-30,ASII.JK,TPIA.JK,2.8803276631992585,3.4412584020389305,-0.6687493635408996,-1.9436860472333863,3.4154201204248626,-2.499381266336052,4.456410320048487,-2.57887975933387
2023-05-30,TLKM.JK,TPIA.JK,3.4698236850433983,1.8514314456666119,-1.8780855568824195,-2.203698903297345,3.6409288656307077,-3.041176002174747,4.218536785356127,-2.1919674892499224
2023-07-05,BBCA.JK,ASII.JK,2.4538493010415263,1.3509258873593326,-1.4562702381632462,-1.337552668688194,3.8526016369027327,-1.3677950041465785,2.6874857683001596,-1.4796493086005758
2023-07-05,BBCA.JK,TLKM.JK,1.914476917851917,1.8393059101240645,-0.8886361489595832,-1.6267659664479823,2.1723247725761228,-1.6220653921663954,2.1317138430379,-2.393228275099635
2023-07-05,BBCA.JK,TPIA.JK,2.562863419528395,1.525744438404601,-1.2980534704680444,-1.4416368586241266,2.478020591333867,-2.8651747087591053,2.967760849962624,-2.7412900527687993
2023-07-05,ASII.JK,TLKM.JK,4.361586616047103,2.417658053119638,-0.7253679097786432,-1.9991836993176242,2.0900231472840347,-1.6077586436708344,2.206130977487661,-2.4803592873398523
2023-07-05,ASII.JK,TPIA.JK,2.8726803595506025,3.7570313432371027,-0.7817599813703112,-1.7196080299094936,3.316165688560907,-3.870103263757145,2.1107912601385106,-2.2484595216074923
2023-07-05,TLKM.JK,TPIA.JK,3.072136317576551,1.3627067519143883,-1.647365292101927,-2.3475995019594573,2.3904184416465357,-3.1725048445097457,3.2048561883100404,-2.5624025131036525
2023-08-04,BBCA.JK,ASII.JK,2.133018754333288,1.3386867332920138,-1.3059563778948902,-1.1182707328842236,3.202908873196016,-1.4405131143922012,2.273487963796406,-1.743049306862426
2023-08-04,BBCA.JK,TLKM.JK,1.5782935670605454,1.6045639129133846,-0.6941917969152237,-1.5003443330728772,1.182479938967857,-1.3800417961369056,1.4918665953398427,-2.5325932475254334
2023-08-04,BBCA.JK,TPIA.JK,1.5706292523208503,1.601135167564485,-1.3068921274942848,-1.0995492789599457,1.644541378859819,-3.6739984296010713,2.383773634266585,-2.524619397315969
2023-08-04,ASII.JK,TLKM.JK,3.064493406776372,2.1046330786439165,-0.8721776844705061,-2.1137028481157056,1.541074677255798,-1.0443584389636897,1.2288971205953523,-2.822549184309297
2023-08-04,ASII.JK,TPIA.JK,2.293845336849322,2.8955822781020517,-1.0911653244999107,-1.8693787261430725,2.429660610243434,-4.087251619108878,1.8990200133063144,-2.586710292175486
2023-08-04,TLKM.JK,TPIA.JK,1.8582102954117206,0.9347681938431011,-1.772636777767605,-2.439926184404333,2.013662034775779,-3.5334828255709243,2.331396020412465,-2.6662829195299307
2023-09-05,BBCA.JK,ASII.JK,0.7738042680782667,0.4497763981237948,-1.1026118500016435,-1.211551251577262,1.0149999850850113,-1.3264488241520727,0.6218594303737351,-1.9602750912207918
2023-09-05,BBCA.JK,TLKM.JK,0.5696106016986974,0.6095838571504266,-0.6426883446205027,-1.5102598710842172,0.4843132198176908,-0.9259670036936718,0.46884149518438917,-2.1824045564556327
2023-09-05,BBCA.JK,TPIA.JK,0.5634926213729935,0.601221917184213,-1.256607798353435,-1.0518190076794718,0.5399398517313444,-3.781685527250115,0.7428320842498518,-2.033421704274751
2023-09-05,ASII.JK,TLKM.JK,0.7447540367186485,0.7900459167281532,-1.2254443703931772,-2.148974015239756,0.5597926139965574,-0.8323259789269071,0.41694941168641825,-2.409070282830807
2023-09-05,ASII.JK,TPIA.JK,0.8163925742601212,0.7221817025208058,-1.3359912498937432,-2.1842476059781233,0.7587974117800446,-3.0849998107854257,0.6579989496187008,-2.6574615065656473
2023-09-05,TLKM.JK,TPIA.JK,0.479744227044772,0.47019155094753984,-1.8503777567844508,-1.7979645601662153,0.6483908850314258,-2.9609510574744253,0.7370633290397582,-2.723300144833604
2023-10-05,BBCA.JK,ASII.JK,2.424665932573584,1.43114226225614,-1.062966379904925,-1.1368810247106587,1.6589454857315402,-1.8423038837014978,1.7914957255579085,-2.035739597688552
2023-10-05,BBCA.JK,TLKM.JK,1.9579301436602754,1.8250930940581334,-0.7986925091279283,-1.3744763035627168,1.6125755223960725,-1.0563295457299777,1.3977574537187034,-2.339760921091147
2023-10-05,BBCA.JK,TPIA.JK,1.9843450979489485,1.7914047633126602,-1.1426469769221235,-1.0758102894023425,3.0976191752533264,-3.1592892276754694,3.415256103296212,-3.2458691941513975
2023-10-05,ASII.JK,TLKM.JK,1.4256650096862318,2.048876245208012,-1.8887700261378964,-2.045061276478256,1.6087922857664898,-1.3135490263371934,1.360080041024535,-2.168392351839458
2023-10-05,ASII.JK,TPIA.JK,1.9865607185420069,1.4879805363522365,-1.95158105525768,-2.020389324334196,3.0518299367170445,-2.4287575223985236,3.467026806931888,-3.6923052362650868
2023-10-05,TLKM.JK,TPIA.JK,1.4199892202939721,1.5131797912845302,-1.8475012499222754,-1.9550254844267736,3.7385064117901483,-3.874657797707744,2.987062382196488,-2.745996083921317
2023-11-03,BBCA.JK,ASII.JK,2.3912974206547335,2.4857490761104133,-1.5688055354402515,-1.6278163298398813,1.7945013598331059,-1.945802115998149,2.1667245454032975,-1.883200677239047
2023-11-03,BBCA.JK,TLKM.JK,2.2573547382287154,2.5593022551518114,-1.4669004763644495,-1.7782689111830234,1.9931496825410078,-2.0037074605035783,2.1159449270535626,-2.847279705100517
2023-11-03,BBCA.JK,TPIA.JK,2.311559019173307,2.5654874775918395,-1.541109392924069,-1.7139201818611498,3.416337192535677,-3.4249718272442884,4.736457332002019,-3.16719003962575
2023-11-03,ASII.JK,TLKM.JK,1.9563291413743285,1.9956549729241133,-1.6002149057161037,-2.1119910082392073,2.3797588535775733,-2.359330275165649,1.8854933118097534,-2.5789908680757496
2023-11-03,ASII.JK,TPIA.JK,1.2824362913219751,2.372373372308909,-1.7549471649284547,-2.138754378487611,3.558314510890646,-2.384442596672766,4.552968382117434,-3.915364239102075
2023-11-03,TLKM.JK,TPIA.JK,1.7385348823997413,2.6001964976925915,-2.5262056843425675,-2.535674542410762,4.740241870276408,-3.54037091285009,3.9071246392768666,-3.048418001969081
2023-12-04,BBCA.JK,ASII.JK,1.8177141395365153,2.064726398176058,-2.267644502795677,-1.7712246013403332,1.6493288064080147,-2.9757844034339063,3.1414675113158235,-2.1523787214827554
2023-12-04,BBCA.JK,TLKM.JK,2.093642284749839,1.8767573278075431,-1.8719288330041866,-1.9603675789321058,2.56988650042172,-2.281730599208698,2.1991726359451644,-3.367774629982125
2023-12-04,BBCA.JK,TPIA.JK,1.7840195196864415,2.189372005543032,-1.7412257385359022,-2.0786789017757563,2.911390477836405,-3.6869489891989167,4.947098699696449,-2.9305480129128174
2023-12-04,ASII.JK,TLKM.JK,2.737887163116944,1.734898629948238,-2.356922956727074,-2.4715822501630846,2.5553861870654444,-2.3895174030308457,2.1066690110145423,-2.928754926319091
2023-12-04,ASII.JK,TPIA.JK,1.3050762457899983,3.1796548610128688,-2.338996568410427,-2.541469067676559,3.082748283542928,-2.794106237801186,4.4515937344312215,-3.5056299544253533
2023-12-04,TLKM.JK,TPIA.JK,1.8378277599855017,2.849785050739929,-2.603660460116619,-2.9768597988796492,4.498752550205142,-3.4789612326967254,3.599231712252422,-2.9224212047618385
