Depth,Iteration,Energy,Entropy,Grad_Var,Penalty_Scale
1,10,0.4495114966977248,2.117548843724337e-05,6.7384811270210875e-06,0.5218875824868201
1,20,0.5333815251266224,4.1883769590814e-05,9.773355814905095e-06,0.6057623725293447
1,30,0.6172475392266926,0.00012496040371707404,1.692073249190693e-05,0.6896371625718695
1,40,0.7011051264359265,0.00011060047936024145,2.1343542871893386e-05,0.7735119526143941
1,50,0.7849145709903902,0.00020917124213143843,9.138827756588395e-05,0.8573867426569187
1,60,0.8687126222949817,0.0003352596368899635,9.227137114544203e-05,0.9412615326994436
1,70,0.9522162086309934,0.0002036030361157051,0.0005727262886704255,1.025136322741968
1,80,1.0356430687929232,0.0005410136443332234,0.0006557650086799667,1.1090111127844928
1,90,1.1186607343717165,0.0006881574366389133,0.0012599466945457283,1.1928859028270173
1,100,1.2012273491826626,0.00185277420078406,0.001969449105466862,1.276760692869542
1,110,1.2806302528713054,0.004914800573926789,0.00748444311441566,1.3606354829120668
1,120,1.35542725695485,0.01640003939965659,0.0162691998711495,1.4445102729545913
1,130,1.4154881849358079,0.0036764567204683293,0.04647945858786647,1.5283850629971159
1,140,1.4608075729665855,0.0036534898570471635,0.06666126394543545,1.6122598530396408
1,150,1.3926808444659229,0.06601435825743782,0.33022264656791106,1.6961346430821653
1,160,1.3309940151065003,0.0945647007756707,0.29817975851282985,1.78000943312469
1,170,1.1453054007789392,0.055612692867244504,0.47958114809577906,1.8638842231672144
1,180,1.0470418457509507,0.12192556107075256,0.3603898300484,1.9477590132097393
1,190,0.8505700505850005,0.28000703054445264,0.4992937494342633,2.031633803252264
1,200,0.7561222200426194,0.4444827912740451,0.32106246935217964,2.1155085932947886
1,210,0.5542647867185595,0.5958826951337802,0.47776173301945246,2.1993833833373135
1,220,0.3277826137026004,0.7972203686854231,0.5581614396186769,2.283258173379838
1,230,0.1353241741419404,0.9304919597793944,0.565685703591796,2.367132963422363
1,240,0.08388873611214515,0.9521761794831559,0.19357333664202603,2.451007753464887
1,250,0.024355114534276388,0.9732768861450769,0.1997508763683727,2.5348825435074116
1,260,-6.311533789830903e-05,0.9876021504002699,0.0900650432769093,2.6187573335499366
1,270,-0.022702518660571543,0.9924994641297721,0.07891197444959774,2.7026321235924615
1,280,-0.0337958722808116,0.9925294589413616,0.04195504440904466,2.786506913634986
1,290,-0.03874269110048216,0.9941167570933017,0.018566374223385047,2.870381703677511
1,300,-0.04185762664633781,0.9948664196125404,0.013430472805612288,2.9542564937200355
1,310,-0.04663793453196975,0.9945717887196713,0.018442172911602647,3.03813128376256
1,320,-0.04888603587873248,0.9945502355040232,0.008522866382566208,3.122006073805085
1,330,-0.04941579900232318,0.9949998267512021,0.002781824420924019,3.2058808638476086
1,340,-0.051159908934694465,0.9942212268707284,0.007125602973757894,3.2897556538901336
1,350,-0.052205463905826165,0.9950934509482542,0.004541675928890214,3.373630443932658
1,360,-0.05386660551962183,0.9947260363441454,0.006906919060412829,3.457505233975183
1,370,-0.054511677354665874,0.9953527290291658,0.003091937128831659,3.541380024017708
1,380,-0.05532428599603376,0.9948299671051606,0.0037432338990180786,3.6252548140602325
1,390,-0.055715762453099324,0.9949306893461909,0.001894035583985643,3.7091296041027575
1,400,-0.055938840498531386,0.9949484874003567,0.0010642832466342686,3.7930043941452816
1,410,-0.05614599068046363,0.9949625194531179,0.0010493115020150008,3.8768791841878065
1,420,-0.056373402683655975,0.9951051987159838,0.0012134960221076945,3.960753974230331
1,430,-0.05659584989803596,0.9949898289150723,0.0011487494582740104,4.044628764272856
1,440,-0.05683725374142164,0.9950914200667063,0.0013071007176265065,4.1285035543153805
1,450,-0.056947319858096104,0.9953782501872033,0.0005954924572847428,4.212378344357905
1,460,-0.05704927232945841,0.9955836777965807,0.0005359255078860195,4.29625313440043
1,470,-0.0571618728075092,0.9955863619902832,0.0006274622946148977,4.380127924442954
1,480,-0.05721138459541674,0.9955802119830395,0.00037680750062304833,4.464002714485479
1,490,-0.05725304540665318,0.9955179035295812,0.0002161550073903029,4.547877504528003
1,500,-0.057298393274990096,0.99556989124866,0.0002601658066901775,4.6317522945705285
1,510,-0.057302075643194304,0.995599591201453,9.034723330591881e-05,4.715627084613053
1,520,-0.05732719771868599,0.9955432605401786,0.0001827883977139251,4.7995018746555775
1,530,-0.05734926632527817,0.9955810698035092,0.0001592952267433505,4.883376664698102
1,540,-0.05736634234886691,0.9955437275181913,0.0002117314109706607,4.967251454740627
1,550,-0.057387180755282534,0.9955884640109138,0.00025083318755922694,5.051126244783152
1,560,-0.057395810452087165,0.9956309806455507,0.00012704664989176612,5.1350010348256765
1,570,-0.0574078533467684,0.9957744231384773,0.00020676076470792915,5.218875824868201
1,580,-0.057415457535864634,0.9957847436058936,0.00011134487150004425,5.218875824868201
1,590,-0.05742626215857836,0.9958516977698647,0.00022611433845590336,5.218875824868201
1,600,-0.057427598591628125,0.995844003550118,7.498046505869212e-05,5.218875824868201
1,610,-0.05743488088081418,0.995854760029877,0.00011727354077356155,5.218875824868201
1,620,-0.05744160137167274,0.9958935367976126,0.00014780520838727509,5.218875824868201
1,630,-0.057444493268315404,0.9959262125133821,0.00015911503788994873,5.218875824868201
1,640,-0.057450741094256415,0.9959920556270355,0.00011782285360381092,5.218875824868201
1,650,-0.05745892076934023,0.9960089591936845,0.00013479804287127648,5.218875824868201
1,660,-0.057459844265313545,0.9960098552511085,7.482354844496876e-05,5.218875824868201
1,670,-0.05746822103235223,0.9960198893945926,6.19501912355302e-05,5.218875824868201
1,680,-0.05747212260447251,0.9960507825709382,0.00011771789192442331,5.218875824868201
1,690,-0.05747598651216522,0.9960943755583693,7.215438569503666e-05,5.218875824868201
1,700,-0.05748144152213562,0.9961017718556824,0.00014390249220650402,5.218875824868201
1,710,-0.05748450945279051,0.9960998084239885,0.00013430764398866406,5.218875824868201
1,720,-0.0574834384048829,0.9961133428005737,5.1092506149576995e-05,5.218875824868201
1,730,-0.05748912343075937,0.9961461644286171,9.51318209476672e-05,5.218875824868201
1,740,-0.05748913139853493,0.9961724408575767,5.540897590920218e-05,5.218875824868201
1,750,-0.057489747943912546,0.9961978617415994,8.947921702771104e-05,5.218875824868201
1,760,-0.05749143015765648,0.9962151140397983,7.044137465698482e-05,5.218875824868201
1,770,-0.05749261851915185,0.9962591021181821,8.53112974325488e-05,5.218875824868201
1,780,-0.057497519358300775,0.9962620743834314,0.00010511874141438439,5.218875824868201
1,790,-0.057500926136089967,0.9962238289896028,0.00010646356449331136,5.218875824868201
1,800,-0.057502467795251956,0.9962336924715676,2.8819844379678363e-05,5.218875824868201
2,10,0.48770305720888363,0.9692629119718037,0.18137984871669893,0.5218875824868201
2,20,0.4790531860430862,0.9819305655382093,0.11153436091270368,0.6057623725293447
2,30,0.335204267417862,0.9624063738227772,0.3005818361047168,0.6896371625718695
2,40,0.23446088013020935,0.9314915247599621,0.2375079669332289,0.7735119526143941
2,50,0.17382025345313623,0.8860937568519773,0.1582435913563627,0.8573867426569187
2,60,0.12115625193259942,0.8805762519323088,0.16482180414924363,0.9412615326994436
2,70,0.08798640150753516,0.8905809456444442,0.12256850804388156,1.025136322741968
2,80,0.07132951830670409,0.8768342117029757,0.07339703706102953,1.1090111127844928
2,90,0.056456613115406395,0.8973816330365874,0.06779756867134376,1.1928859028270173
2,100,0.053782011362662446,0.8996286447881428,0.030270044462072425,1.276760692869542
2,110,0.03981184850606103,0.9137462582530824,0.06086948539352396,1.3606354829120668
2,120,0.039369570588496855,0.9139801643774501,0.02053718166093921,1.4445102729545913
2,130,0.03991517657143326,0.9125906293784689,0.01712599482998099,1.5283850629971159
2,140,0.029549608936512813,0.9167845055676782,0.055334663961889005,1.6122598530396408
2,150,0.0240847402062054,0.9257655867764554,0.03436888695897837,1.6961346430821653
2,160,0.01960373430348705,0.9280899053608465,0.03710192319450988,1.78000943312469
2,170,0.017861166911153425,0.9346941031941383,0.02298908034365393,1.8638842231672144
2,180,0.016021246340034243,0.9387868318469881,0.02287824776773955,1.9477590132097393
2,190,0.013974867430526866,0.9412060366128303,0.021741437355911337,2.031633803252264
2,200,0.01531051835313986,0.9454619419439525,0.007470117479975476,2.1155085932947886
2,210,0.014328045298615297,0.9499664340021694,0.0189364692595381,2.1993833833373135
2,220,0.012414507547138028,0.9533315141237375,0.023727029267559725,2.283258173379838
2,230,0.007110197184520193,0.9558104836062633,0.038265211348868615,2.367132963422363
2,240,-0.0005040903833153122,0.9622392430412816,0.048558431354451995,2.451007753464887
2,250,-0.0032436843015600306,0.9642353034059681,0.02447628625926717,2.5348825435074116
2,260,-0.004070454789163014,0.965600666915476,0.011887544924015411,2.6187573335499366
2,270,-0.009623284106925985,0.9704954795456009,0.0356457723554313,2.7026321235924615
2,280,-0.012111111803798414,0.9715200590022075,0.02166464199197599,2.786506913634986
2,290,-0.0120635226357408,0.9720784586620546,0.008081260693567434,2.870381703677511
2,300,-0.017508698599563624,0.9779128481504897,0.03535860107064797,2.9542564937200355
2,310,-0.020622254055116376,0.9796114654535514,0.025351291786084217,3.03813128376256
2,320,-0.02626618572482972,0.9817729635728698,0.03998760815504666,3.122006073805085
2,330,-0.029441336904247817,0.9842844261559383,0.02440331531915619,3.2058808638476086
2,340,-0.03185939091550635,0.9860016888077716,0.02145856353158764,3.2897556538901336
2,350,-0.03320749850414196,0.986603956979032,0.01353376937091549,3.373630443932658
2,360,-0.034519183965737756,0.9879678233299547,0.015319389355003557,3.457505233975183
2,370,-0.03641355351705521,0.988925443805694,0.018427131468670026,3.541380024017708
2,380,-0.03922995382502603,0.9901459756242328,0.02389432115153739,3.6252548140602325
2,390,-0.04031775828143111,0.9910636227357359,0.0094664440629151,3.7091296041027575
2,400,-0.04208788386542417,0.9923673314092764,0.0160411186246441,3.7930043941452816
2,410,-0.04288749553983024,0.9928670880997059,0.011336036295538414,3.8768791841878065
2,420,-0.045458244986766344,0.9932688719793905,0.02222775290043256,3.960753974230331
2,430,-0.04538030448552147,0.9935086363975103,0.002606853993581698,4.044628764272856
2,440,-0.04606189214687144,0.9934911097169985,0.010163209303387988,4.1285035543153805
2,450,-0.04679437239084972,0.9938477564262139,0.010729841116251328,4.212378344357905
2,460,-0.04696248977837873,0.9937758325760082,0.003569001221164716,4.29625313440043
2,470,-0.049478497830065214,0.9949480109762638,0.02422333995643092,4.380127924442954
2,480,-0.050533224340636854,0.9953304516692016,0.010736319175735223,4.464002714485479
2,490,-0.05157042515151908,0.995572118914132,0.00966620174109471,4.547877504528003
2,500,-0.05254963595806106,0.9958066750660257,0.010174484958849964,4.6317522945705285
2,510,-0.05356847831228852,0.9958551633128476,0.011455667917738874,4.715627084613053
2,520,-0.05563379785061781,0.9963653980223194,0.018668595570572242,4.7995018746555775
2,530,-0.05756962400748397,0.9967814594514799,0.016165749764956126,4.883376664698102
2,540,-0.058091635333885464,0.9969648318043651,0.005906374910162155,4.967251454740627
2,550,-0.058617201197293606,0.997044684541516,0.006686911614800969,5.051126244783152
2,560,-0.05938730842458871,0.9971234594837475,0.008811907279726887,5.1350010348256765
2,570,-0.060781346329226944,0.9975353477464922,0.014546522958620033,5.218875824868201
2,580,-0.06149274797059973,0.9977055637942351,0.008882746301538838,5.218875824868201
2,590,-0.062225783018104885,0.9979434276252224,0.0062133829238141865,5.218875824868201
2,600,-0.0625708202205791,0.9980513058817826,0.003198436222161688,5.218875824868201
2,610,-0.0637199351852057,0.9982682476765077,0.011749707365232084,5.218875824868201
2,620,-0.06430019356911831,0.9983803449742261,0.008168707120052207,5.218875824868201
2,630,-0.0645975052853494,0.9983914203584476,0.0029149684260631904,5.218875824868201
2,640,-0.06594958681764482,0.9985749304331446,0.017397137645717615,5.218875824868201
2,650,-0.06618167317805783,0.9985963539475832,0.0023958852394301037,5.218875824868201
2,660,-0.06690993502566461,0.9987070903179718,0.007101754718301996,5.218875824868201
2,670,-0.06744697425552657,0.9988184643962932,0.005491379202997418,5.218875824868201
2,680,-0.06793921687878382,0.998920757237092,0.005163512232577496,5.218875824868201
2,690,-0.06852811838538209,0.999069429979685,0.008041793414046238,5.218875824868201
2,700,-0.06912853364698326,0.9991678669879637,0.0061775031300807725,5.218875824868201
2,710,-0.06963393007594772,0.9992475797354472,0.004895685972649982,5.218875824868201
2,720,-0.06992233305064666,0.9993017604007648,0.005428085194792322,5.218875824868201
2,730,-0.07030314447397462,0.9993809343721201,0.004338931786302891,5.218875824868201
2,740,-0.07061371384333598,0.9994290938871551,0.003437796316746689,5.218875824868201
2,750,-0.07111597687532717,0.9994805700987709,0.0048648889847158535,5.218875824868201
2,760,-0.07161298324214428,0.9995580665576687,0.004590424678343618,5.218875824868201
2,770,-0.07188773781885943,0.9995627717807176,0.0025997111423092345,5.218875824868201
2,780,-0.07211480104446287,0.9995983219472646,0.002581238418659144,5.218875824868201
2,790,-0.07233429877971402,0.9996201670829417,0.002063319252530254,5.218875824868201
2,800,-0.07253515081045016,0.9996336110531616,0.0018724753086473798,5.218875824868201
3,10,0.18642948222806904,0.3855681637871697,0.07507290836357464,0.5218875824868201
3,20,0.18489172975087675,0.4076222211717741,0.06921923518931901,0.6057623725293447
3,30,0.1701095396882614,0.3385764474092639,0.08817543263169685,0.6896371625718695
3,40,0.15981060160014737,0.38789805857538107,0.09594595240971142,0.7735119526143941
3,50,0.10043667912422732,0.3594175184025425,0.1891543987434629,0.8573867426569187
3,60,0.08267941559705919,0.3625684975697104,0.09180707911699548,0.9412615326994436
3,70,0.06426354427407319,0.4708286653540109,0.09327185264238838,1.025136322741968
3,80,0.05730433091021701,0.4726647320312665,0.060931268614196024,1.1090111127844928
3,90,0.024491790052953426,0.589013910268092,0.14096660574700912,1.1928859028270173
3,100,-0.0221149266659577,0.5814296300361032,0.1868783319426273,1.276760692869542
3,110,-0.04123238564138094,0.557280593039602,0.09126515063496891,1.3606354829120668
3,120,-0.055043090284646295,0.600911904599592,0.06327603705501969,1.4445102729545913
3,130,-0.061345168343954364,0.5906338261657044,0.03161180470682544,1.5283850629971159
3,140,-0.0647257091438924,0.5810027248955434,0.020309549141493837,1.6122598530396408
3,150,-0.06915653308347063,0.5731215251133464,0.023920460834483938,1.6961346430821653
3,160,-0.07350237732758529,0.581062295356325,0.023221306915406865,1.78000943312469
3,170,-0.07560502609169381,0.5842474792238515,0.01371571300477267,1.8638842231672144
3,180,-0.07663547344534367,0.5806694643180073,0.00753791142943092,1.9477590132097393
3,190,-0.07813140125721757,0.5656512652842983,0.008913148476405673,2.031633803252264
3,200,-0.07937647428999929,0.5582743690342956,0.008554959651010111,2.1155085932947886
3,210,-0.08093682741191083,0.5442974665485042,0.009672743566404896,2.1993833833373135
3,220,-0.0810804675140244,0.5426480366590999,0.0014901158077212236,2.283258173379838
3,230,-0.08141184282651252,0.538943061100038,0.002720343830136262,2.367132963422363
3,240,-0.08175601587662454,0.5299861342638441,0.0031918477708987847,2.451007753464887
3,250,-0.08229412934699673,0.5175492955588952,0.004223074531190402,2.5348825435074116
3,260,-0.08256276888398457,0.5122091843240535,0.0023575578431505725,2.6187573335499366
3,270,-0.08271543646757973,0.5087994830551693,0.0015367971811237027,2.7026321235924615
3,280,-0.08319598773971809,0.49842025238906473,0.004015060605775425,2.786506913634986
3,290,-0.08341584025053636,0.4911771197923265,0.001737393604868875,2.870381703677511
3,300,-0.08351688205893221,0.48724276352587265,0.0012281976688793615,2.9542564937200355
3,310,-0.08370632482513132,0.47870843756587433,0.001901739513678091,3.03813128376256
3,320,-0.08398189678834185,0.4748364414055255,0.0032467475867697096,3.122006073805085
3,330,-0.08406721992460002,0.4705800125366145,0.0010731333440027325,3.2058808638476086
3,340,-0.08418431206263532,0.4657986295895742,0.001327516539489457,3.2897556538901336
3,350,-0.0845706641232046,0.449579641521605,0.0037731323501166854,3.373630443932658
3,360,-0.08468730009697842,0.44391157726813624,0.0013271423874126034,3.457505233975183
3,370,-0.08496599325025814,0.43272545349169345,0.0030847197280389357,3.541380024017708
3,380,-0.08503347511053541,0.42942005008757533,0.0008197208349104333,3.6252548140602325
3,390,-0.08505684605907134,0.42643561825326937,0.0004834651057505902,3.7091296041027575
3,400,-0.08514487332566212,0.4235041246309844,0.0013878547081671657,3.7930043941452816
3,410,-0.08514824272008646,0.4200802361333549,0.0006441791987199204,3.8768791841878065
3,420,-0.08521299097091974,0.41407257889326665,0.0014993878391056197,3.960753974230331
3,430,-0.08525552514693813,0.4108466204208472,0.0009848681930741837,4.044628764272856
3,440,-0.0854297834925627,0.40297906414066714,0.002152728441299854,4.1285035543153805
3,450,-0.0855045674442637,0.3989577473219613,0.0018487247832052647,4.212378344357905
3,460,-0.08561464334430202,0.3950707721069865,0.002150185836039524,4.29625313440043
3,470,-0.0856596039024019,0.39222311621451067,0.0007135112821325311,4.380127924442954
3,480,-0.08568994493375423,0.3911673634279441,0.0007300904051086368,4.464002714485479
3,490,-0.08571998884470997,0.3883753944931508,0.000835608583376731,4.547877504528003
3,500,-0.08574908692909856,0.3855124382349358,0.000833874905665182,4.6317522945705285
3,510,-0.08581837067349986,0.38016830264962925,0.0013872704664027178,4.715627084613053
3,520,-0.08589431881794937,0.3770569894399642,0.0015394519097283459,4.7995018746555775
3,530,-0.08590571007630746,0.37647389284837496,0.0007592833687655698,4.883376664698102
3,540,-0.08597034887462895,0.3716521489624767,0.0016045222224022302,4.967251454740627
3,550,-0.08605686182210774,0.367356780773366,0.0015519838648318431,5.051126244783152
3,560,-0.08610124196497672,0.36411340874382486,0.0017367640299960217,5.1350010348256765
3,570,-0.08613675423497845,0.3610638980713663,0.001225835798979961,5.218875824868201
3,580,-0.08618125595495606,0.3595791968039415,0.0006688108348748758,5.218875824868201
3,590,-0.08621777355626457,0.3591803331432042,0.000959698506341527,5.218875824868201
3,600,-0.08623171645289075,0.3569713894028546,0.001398560775395426,5.218875824868201
3,610,-0.08633093967285936,0.353126888832886,0.001492469118655644,5.218875824868201
3,620,-0.08641080956742317,0.3493097645742519,0.0013183352112503307,5.218875824868201
3,630,-0.08643497575857115,0.3473522668140233,0.0006626837934947593,5.218875824868201
3,640,-0.08650047006209242,0.34251899496136007,0.0013726799268555998,5.218875824868201
3,650,-0.08655884945745652,0.33860671000738396,0.0011335937516379977,5.218875824868201
3,660,-0.08659468418711552,0.3380583119965356,0.0005944127723153785,5.218875824868201
3,670,-0.08659854272689328,0.3383542055445692,0.0003896000695727337,5.218875824868201
3,680,-0.08664899028531281,0.3350745173539511,0.001127564563787225,5.218875824868201
3,690,-0.08669466134405118,0.3332786686271307,0.0008917800311569407,5.218875824868201
3,700,-0.08671533015780519,0.33110364367903655,0.0011154485658097474,5.218875824868201
3,710,-0.0867224576333323,0.33151378926385444,0.0004189989178963306,5.218875824868201
3,720,-0.08676228738255891,0.3301641963847905,0.000630743089809814,5.218875824868201
3,730,-0.08678165140058706,0.32872982171338583,0.00045388658521264855,5.218875824868201
3,740,-0.08681724525148722,0.32720277410762266,0.000528046594928803,5.218875824868201
3,750,-0.08684873764959505,0.32284666045450905,0.001238086466348541,5.218875824868201
3,760,-0.0868670391012363,0.32055935788956974,0.00044625730731315434,5.218875824868201
3,770,-0.08690130747298218,0.3196652546402508,0.0009370216881697055,5.218875824868201
3,780,-0.08694334638683977,0.31799770831647267,0.0007665554435770482,5.218875824868201
3,790,-0.08697156520971068,0.3163092416444526,0.0008659200867437376,5.218875824868201
3,800,-0.08699643799524695,0.3155012422573414,0.00046801897065224874,5.218875824868201
4,10,0.3369333306112128,0.4331233712349517,0.3017862366095259,0.5218875824868201
4,20,0.2833106630270572,0.36002516993810996,0.18964238579075582,0.6057623725293447
4,30,0.13612139974097365,0.4632480886268293,0.3827799738971359,0.6896371625718695
4,40,0.052447498780201884,0.5103731949017493,0.266022744271053,0.7735119526143941
4,50,0.023429494816126543,0.4436660548477762,0.13649448280734322,0.8573867426569187
4,60,0.014244166918685647,0.4390358517579287,0.06129447548518343,0.9412615326994436
4,70,-0.007439896925317196,0.3554823007977662,0.10758068584929836,1.025136322741968
4,80,-0.01623934107147549,0.2947494738526412,0.04890885013375336,1.1090111127844928
4,90,-0.02370725444600149,0.27166262885289716,0.04246152914295507,1.1928859028270173
4,100,-0.028464185408875096,0.24774049268082193,0.030960629431976222,1.276760692869542
4,110,-0.03014722255550429,0.2398578336933786,0.018715681597561533,1.3606354829120668
4,120,-0.031186468161241352,0.22787864698475502,0.012335997896392488,1.4445102729545913
4,130,-0.03371480771083547,0.24070696539270814,0.021761796330717655,1.5283850629971159
4,140,-0.03571848158812305,0.24204591260064257,0.025006806627770578,1.6122598530396408
4,150,-0.03767187299920357,0.2522086392460193,0.01922914990829891,1.6961346430821653
4,160,-0.04115964595469024,0.252943741491979,0.028615351239269005,1.78000943312469
4,170,-0.04192547631062222,0.24136964993970234,0.010831673527274046,1.8638842231672144
4,180,-0.04410191302519249,0.24665973905422772,0.019127684046678178,1.9477590132097393
4,190,-0.04502284570398114,0.23209561463209288,0.009568830873423221,2.031633803252264
4,200,-0.04669580718446906,0.2170994573632499,0.017088778618723398,2.1155085932947886
4,210,-0.04738947038134789,0.22189024095597662,0.008002270224748592,2.1993833833373135
4,220,-0.049194159200843926,0.21973351643097516,0.01773589079002697,2.283258173379838
4,230,-0.04935076483022939,0.21865348949407165,0.004753635223217702,2.367132963422363
4,240,-0.05017019179291355,0.223760743388969,0.009822999115884605,2.451007753464887
4,250,-0.05030342437324682,0.22919708657911095,0.002905621944511596,2.5348825435074116
4,260,-0.05062854960011365,0.22748106780578692,0.0042531553583256615,2.6187573335499366
4,270,-0.05093337219980053,0.22538084396846617,0.004460223091847299,2.7026321235924615
4,280,-0.05134096957328912,0.2257191436641132,0.005324701369627647,2.786506913634986
4,290,-0.051720009194277494,0.2246382499096623,0.007041263809790653,2.870381703677511
4,300,-0.05173645530196651,0.22397181008451483,0.0011023394932751028,2.9542564937200355
4,310,-0.052005853410298945,0.2220067989711678,0.004494421177185496,3.03813128376256
4,320,-0.052067758865861305,0.21699381824265057,0.00418080411083448,3.122006073805085
4,330,-0.052470941355080965,0.21575776241156386,0.00638035374894781,3.2058808638476086
4,340,-0.05264074363233273,0.21064150220924616,0.002273053376875903,3.2897556538901336
4,350,-0.05273758434735416,0.20706530116003774,0.0016191557943999735,3.373630443932658
4,360,-0.05277804472125998,0.2074390590948733,0.0018076541252376953,3.457505233975183
4,370,-0.052751100868356306,0.2080704760480385,0.0018921571275449945,3.541380024017708
4,380,-0.05287404231722526,0.21037412944445966,0.0023365357000724547,3.6252548140602325
4,390,-0.05314546844267596,0.21259549715241427,0.004154599356763261,3.7091296041027575
4,400,-0.053231245363145566,0.20979450594290486,0.0027143479162872095,3.7930043941452816
4,410,-0.053281929570195286,0.2113037000763859,0.0021139968828661707,3.8768791841878065
4,420,-0.053383550614969286,0.210703647079441,0.0031009579571099175,3.960753974230331
4,430,-0.05347088703748528,0.21234344518909581,0.002849561494854574,4.044628764272856
4,440,-0.053537386148912236,0.2131370993976761,0.002010399868300604,4.1285035543153805
4,450,-0.053575987432515924,0.2153709762892004,0.0009501737453322093,4.212378344357905
4,460,-0.05353393020190425,0.2152030992027006,0.00036638058026416834,4.29625313440043
4,470,-0.0537671482674615,0.20930138602270726,0.005511386771228019,4.380127924442954
4,480,-0.05386082883772726,0.20820884771760034,0.003327505755007535,4.464002714485479
4,490,-0.05392054613184205,0.20711532075375585,0.0030188960863017393,4.547877504528003
4,500,-0.05395598130099478,0.20494880511091515,0.0015371375080329046,4.6317522945705285
4,510,-0.05405398751454988,0.20346508888660852,0.001611147514004584,4.715627084613053
4,520,-0.05410501106381368,0.20025761622429528,0.0018783092126319772,4.7995018746555775
4,530,-0.05416468083377031,0.19892921335833522,0.0020857216502017657,4.883376664698102
4,540,-0.05419042517177865,0.19788830222226317,0.002359082747854233,4.967251454740627
4,550,-0.05416972905281657,0.19977946867060278,0.0034573346054490015,5.051126244783152
4,560,-0.05422067095919361,0.19686959181382088,0.0016478306578352141,5.1350010348256765
4,570,-0.05426851963871983,0.196599692095908,0.0015077002946395674,5.218875824868201
4,580,-0.05426139758711055,0.20085337225149438,0.006355325830906649,5.218875824868201
4,590,-0.05428537041357161,0.1996659568194244,0.0011683256749079511,5.218875824868201
4,600,-0.0543340661613364,0.1998761031344247,0.0028134018573009473,5.218875824868201
4,610,-0.0544845479262186,0.19822688552350837,0.004256562051017765,5.218875824868201
4,620,-0.05450588268430846,0.19875135984179987,0.00040860358083248124,5.218875824868201
4,630,-0.05453073763982458,0.19506649991273098,0.0014874133045113254,5.218875824868201
4,640,-0.05456175511017955,0.19751358247615552,0.001664510862138439,5.218875824868201
4,650,-0.054604151732135064,0.19481909651433535,0.000926316932105254,5.218875824868201
4,660,-0.05463914052634754,0.19342011372367984,0.002162675036437958,5.218875824868201
4,670,-0.054670691710878294,0.19318992591203807,0.0006695663243611355,5.218875824868201
4,680,-0.054714345423520334,0.19216896026517066,0.0012069810433897553,5.218875824868201
4,690,-0.05474525122220718,0.19064319798568397,0.0015526831021901897,5.218875824868201
4,700,-0.054775808369854684,0.18903092504942484,0.0007934952602346434,5.218875824868201
4,710,-0.05472344292246391,0.1877951169868686,0.0015374499062069022,5.218875824868201
4,720,-0.05477535207728861,0.18878631716549724,0.002063731427338538,5.218875824868201
4,730,-0.05483111204432127,0.18984740179119408,0.0016330398216297642,5.218875824868201
4,740,-0.05483672432228228,0.18970732365198814,0.0007897526462278499,5.218875824868201
4,750,-0.05489512455448426,0.189858068322902,0.0011349915833153196,5.218875824868201
4,760,-0.054930719325474164,0.1890041514364801,0.0005782575939824858,5.218875824868201
4,770,-0.05490379116084974,0.19112656933867783,0.002436171241473214,5.218875824868201
4,780,-0.054969088492926685,0.18733700139407156,0.0036560182727304715,5.218875824868201
4,790,-0.05503450272893932,0.18373965550476318,0.0035579273785621207,5.218875824868201
4,800,-0.05502323507452194,0.18294570065137114,0.002587083426703729,5.218875824868201
5,10,0.46623945210892925,0.717333834770276,0.14193574096564288,0.5218875824868201
5,20,0.400417761349258,0.5887161403187048,0.2643590702100343,0.6057623725293447
5,30,0.29277756003482064,0.5289781068171882,0.3862415552707722,0.6896371625718695
5,40,0.27261507073477587,0.4993249426857924,0.16274926104943593,0.7735119526143941
5,50,0.22733304587671907,0.5495712588638494,0.24096079045695493,0.8573867426569187
5,60,0.18062465181307116,0.6249300399393795,0.27767817529803024,0.9412615326994436
5,70,0.12545127245718216,0.5854485288823723,0.2927553532967437,1.025136322741968
5,80,0.12738639727531884,0.5963951045502612,0.05581013038809122,1.1090111127844928
5,90,0.08279876035066512,0.5184176217667228,0.23803160407837115,1.1928859028270173
5,100,0.06120655940991454,0.48350897627342504,0.14824734809343373,1.276760692869542
5,110,0.053991242306613126,0.4776989994093416,0.08688528822764616,1.3606354829120668
5,120,0.016576429335970255,0.42116343080421803,0.24939887324992127,1.4445102729545913
5,130,0.0041808115416900465,0.4034318499549032,0.09473400742996978,1.5283850629971159
5,140,-0.011650987319502265,0.4036982695902115,0.12987646206790396,1.6122598530396408
5,150,-0.017862483497769362,0.38467054681485724,0.0539724926268942,1.6961346430821653
5,160,-0.02102268340194114,0.3767091521102482,0.03242531246437314,1.78000943312469
5,170,-0.022021168002696316,0.37783703630639465,0.015005658550547519,1.8638842231672144
5,180,-0.028815917693506114,0.37080917956229864,0.06125587873072954,1.9477590132097393
5,190,-0.03154982147620724,0.3725350895457269,0.028313692394667633,2.031633803252264
5,200,-0.03377743859270201,0.38642572850956786,0.023249335887327253,2.1155085932947886
5,210,-0.034490298718094274,0.38256510510079555,0.009534585042508727,2.1993833833373135
5,220,-0.03485382805878847,0.39109310048886275,0.008017613268601963,2.283258173379838
5,230,-0.03637173937190505,0.4021215767562591,0.01814775831841684,2.367132963422363
5,240,-0.03685916862631864,0.41372216555712404,0.009149826458436858,2.451007753464887
5,250,-0.0370662107812354,0.4184953583578188,0.006106340287995356,2.5348825435074116
5,260,-0.03815192182726324,0.4278054455680692,0.014185960298028943,2.6187573335499366
5,270,-0.03886891080730385,0.42536174729133747,0.01062483630944818,2.7026321235924615
5,280,-0.03900618234460648,0.42732882196857747,0.005522605430322789,2.786506913634986
5,290,-0.0395136190242313,0.4409659860492222,0.009386116467685513,2.870381703677511
5,300,-0.03948709809298039,0.4410946640106941,0.003320909190269118,2.9542564937200355
5,310,-0.03947027641203874,0.4392542048577204,0.002192860376249255,3.03813128376256
5,320,-0.03947270052246639,0.43496057176413594,0.0036437784983910835,3.122006073805085
5,330,-0.039938577754176155,0.4318745302077288,0.008834684348903454,3.2058808638476086
5,340,-0.040184186833660804,0.4348644967701467,0.00482156347188392,3.2897556538901336
5,350,-0.04084700701308571,0.4357766584656986,0.009484586601178891,3.373630443932658
5,360,-0.04179578812248813,0.4326556707350488,0.011905225373641016,3.457505233975183
5,370,-0.04279562948797595,0.4357419037437407,0.012566447372387888,3.541380024017708
5,380,-0.04293333057152505,0.440097351100179,0.003905946967913327,3.6252548140602325
5,390,-0.043096127153450854,0.43966847285324273,0.004007522501069045,3.7091296041027575
5,400,-0.04336423527867569,0.4450878142105634,0.005605465658145089,3.7930043941452816
5,410,-0.04365754738406262,0.45083899017079765,0.005893331226850436,3.8768791841878065
5,420,-0.044017510774897385,0.45442592476263505,0.006533956904781857,3.960753974230331
5,430,-0.04410044073434737,0.45493503722726825,0.002318938616358927,4.044628764272856
5,440,-0.04448912089458131,0.4598103841578941,0.006171716678710103,4.1285035543153805
5,450,-0.04477261480227236,0.4621757953358856,0.004437429970469135,4.212378344357905
5,460,-0.04492095655811195,0.464497390511977,0.002699809160252367,4.29625313440043
5,470,-0.04513763509304281,0.4664282969957616,0.004688223955900176,4.380127924442954
5,480,-0.04534601773604969,0.47241465055342635,0.005734926925064143,4.464002714485479
5,490,-0.04531327806737384,0.47124547283622764,0.0006849516247438619,4.547877504528003
5,500,-0.04548865090819204,0.4727502856553477,0.003935273203537678,4.6317522945705285
5,510,-0.04557579980201069,0.4757088219701851,0.0047721453179942015,4.715627084613053
5,520,-0.04578701924464415,0.47985120207802345,0.0040931997354631475,4.7995018746555775
5,530,-0.04584716811491948,0.48442469499149565,0.0030451682475463237,4.883376664698102
5,540,-0.04611600441973405,0.4851813002181491,0.0045296949261273405,4.967251454740627
5,550,-0.04627768997537215,0.4865600606242614,0.0030214026590263164,5.051126244783152
5,560,-0.04632105794269252,0.48486986764181417,0.002308114320472082,5.1350010348256765
5,570,-0.046464831348062084,0.49160920776898875,0.0035119042589196727,5.218875824868201
5,580,-0.046541052701486674,0.48932770719275925,0.002224261439580586,5.218875824868201
5,590,-0.04672134510742494,0.4950479113845248,0.005670110790586576,5.218875824868201
5,600,-0.0468898204315725,0.4982381332091451,0.0028715959540270663,5.218875824868201
5,610,-0.04693542746622356,0.4988375587361275,0.0009416603920750827,5.218875824868201
5,620,-0.04701236663350177,0.501028939597769,0.0028800428375097566,5.218875824868201
5,630,-0.047247087917012355,0.49652087615546214,0.004564731136950304,5.218875824868201
5,640,-0.04732335265246537,0.5014174439185846,0.0025534858861465956,5.218875824868201
5,650,-0.047382938900200934,0.5028223116234416,0.002165145670893789,5.218875824868201
5,660,-0.0474908118317721,0.5066504413576267,0.002412432701426403,5.218875824868201
5,670,-0.04756838753888297,0.5055137772012916,0.00246123679903066,5.218875824868201
5,680,-0.04755835011061339,0.5046426259936716,0.004959412302359288,5.218875824868201
5,690,-0.047660391174160766,0.5069655399661911,0.0033885681135387945,5.218875824868201
5,700,-0.047737988780175614,0.5087157667237749,0.0018455695723113158,5.218875824868201
5,710,-0.0478412643800728,0.5098605897528763,0.002533919803540204,5.218875824868201
5,720,-0.047889617280621605,0.5114401491037913,0.001805934627391957,5.218875824868201
5,730,-0.04795723035513892,0.5120796318083485,0.0019076204173705316,5.218875824868201
5,740,-0.047998184280370115,0.5114117543125128,0.0011527556461139255,5.218875824868201
5,750,-0.0480252788822422,0.5132683530814242,0.0022137068556691464,5.218875824868201
5,760,-0.048106104440253136,0.5156778597405223,0.002882159516500597,5.218875824868201
5,770,-0.04816055347126944,0.5156446973513154,0.0019465288522005654,5.218875824868201
5,780,-0.04820235004831337,0.5203390054316327,0.002620849747770434,5.218875824868201
5,790,-0.04823185480681495,0.521218435291231,0.0011512188099102871,5.218875824868201
5,800,-0.04833445915079222,0.5247355246715277,0.0034144169963136093,5.218875824868201
6,10,0.18193558421065215,0.9939901886020195,0.055216601269634194,0.5218875824868201
6,20,0.15616778718425994,0.9866866209237843,0.13602169988770338,0.6057623725293447
6,30,0.13894488999194032,0.9942854219966696,0.11884796819569185,0.6896371625718695
6,40,0.10690530433407873,0.989821745725133,0.18076068305982898,0.7735119526143941
6,50,0.02812961346575682,0.9922077582871112,0.331619081410036,0.8573867426569187
6,60,0.009233821473445595,0.9969747639231246,0.12704873179560947,0.9412615326994436
6,70,0.002190174635652955,0.9914399596708958,0.0568217983650439,1.025136322741968
6,80,-0.001060276298737492,0.9883612090645418,0.03543795500394481,1.1090111127844928
6,90,-0.016957858658244035,0.9783091615910584,0.11157981770789152,1.1928859028270173
6,100,-0.0223807456987389,0.9704241990659752,0.04453697405270386,1.276760692869542
6,110,-0.024058973318346867,0.9710801324066477,0.022687873293922002,1.3606354829120668
6,120,-0.03121982812974896,0.9703961681503417,0.061094785921676664,1.4445102729545913
6,130,-0.03449568704699043,0.9641759256415874,0.03302140034178832,1.5283850629971159
6,140,-0.038205754698445914,0.9640221247048533,0.04908754053926438,1.6122598530396408
6,150,-0.03887066577709572,0.9652018146022993,0.011920359759182052,1.6961346430821653
6,160,-0.04117805747239011,0.9649033996837243,0.027300002593340266,1.78000943312469
6,170,-0.04314322361951904,0.9655199110486059,0.02502844567860324,1.8638842231672144
6,180,-0.0431918639284712,0.9653150936729149,0.005342781641832092,1.9477590132097393
6,190,-0.043895665607694326,0.9671996052864016,0.011378620994196032,2.031633803252264
6,200,-0.0446661699546069,0.9658154093214255,0.011259389928504376,2.1155085932947886
6,210,-0.047625486892246605,0.9653323159956988,0.033523029627163095,2.1993833833373135
6,220,-0.0486910686045054,0.9669786478669468,0.01585969936774135,2.283258173379838
6,230,-0.049408928032252886,0.9642812379473288,0.011273291118393269,2.367132963422363
6,240,-0.05059718913376797,0.964021342177747,0.018415875704687314,2.451007753464887
6,250,-0.05103101947597093,0.9619089563988057,0.006994816893862589,2.5348825435074116
6,260,-0.05135961786023671,0.9612266800314653,0.007604368283521653,2.6187573335499366
6,270,-0.051867831772043634,0.9607259029589363,0.008650651144477479,2.7026321235924615
6,280,-0.05226992589544338,0.9597101715364833,0.007766928023507304,2.786506913634986
6,290,-0.052556537990282044,0.958787463477108,0.004626179485554519,2.870381703677511
6,300,-0.052710917999478205,0.95940170706894,0.0035261553567839344,2.9542564937200355
6,310,-0.052965536182056586,0.9582935173928886,0.004609277412194823,3.03813128376256
6,320,-0.05343025983496686,0.9583926585269894,0.012961203526384427,3.122006073805085
6,330,-0.053709282984203494,0.9580818462923149,0.007572516157137586,3.2058808638476086
6,340,-0.05404756480485138,0.9568271100472838,0.005825478398504298,3.2897556538901336
6,350,-0.05408733294086687,0.9566230968075844,0.002531597996314845,3.373630443932658
6,360,-0.054072206448320545,0.9579475219378142,0.0031764170469511287,3.457505233975183
6,370,-0.05438109633702691,0.9569110338660989,0.008640678513217766,3.541380024017708
6,380,-0.05462986880111445,0.9575992619302875,0.005562043474779331,3.6252548140602325
6,390,-0.05465130663693432,0.9569109487996487,0.0022622532730907996,3.7091296041027575
6,400,-0.055057298397154106,0.9557330108746205,0.007438152218028607,3.7930043941452816
6,410,-0.05519395154117432,0.9558631917465917,0.0030315387577559616,3.8768791841878065
6,420,-0.055346483767234465,0.9554410309837558,0.0049166077823842485,3.960753974230331
6,430,-0.055456834481281594,0.9553744387479974,0.0022273855831702475,4.044628764272856
6,440,-0.055701728186392394,0.9549098476788982,0.004643387068998278,4.1285035543153805
6,450,-0.05592599458892329,0.9558964140420858,0.006948785768784013,4.212378344357905
6,460,-0.05596512596406894,0.956354631950698,0.0030986407835256018,4.29625313440043
6,470,-0.05608840783587839,0.9567862257322155,0.003501198641958074,4.380127924442954
6,480,-0.05612263169879454,0.9569535556797486,0.0015010318304217265,4.464002714485479
6,490,-0.056304401741737974,0.9562157207975219,0.0034373706867569234,4.547877504528003
6,500,-0.05645586714635793,0.9560165301356793,0.0032046488020031987,4.6317522945705285
6,510,-0.05645293271794136,0.9554217522701919,0.0012265949795775388,4.715627084613053
6,520,-0.056534870720055495,0.9551349191051814,0.00547906755955631,4.7995018746555775
6,530,-0.05666993427810183,0.9564602972717762,0.0067906145735612015,4.883376664698102
6,540,-0.056808307180671536,0.9562990076339462,0.004574303997930851,4.967251454740627
6,550,-0.05685813036975042,0.9561731010522159,0.00302428955895105,5.051126244783152
6,560,-0.05696089433199668,0.9562530387241529,0.005981643126960321,5.1350010348256765
6,570,-0.0570662865241064,0.9554611753237686,0.002470400341926048,5.218875824868201
6,580,-0.057210545623971994,0.9559467706787566,0.007117899745541438,5.218875824868201
6,590,-0.057292987358409625,0.9559550489102825,0.0019321889448109726,5.218875824868201
6,600,-0.05749696700215669,0.9559540470271697,0.004791304247872837,5.218875824868201
6,610,-0.05752622314954178,0.955350119347633,0.0051384239389378646,5.218875824868201
6,620,-0.05760386255119611,0.955035586075957,0.003682164843312876,5.218875824868201
6,630,-0.057723760333810596,0.9547763588200775,0.004467124126234795,5.218875824868201
6,640,-0.05784299629554421,0.9555032063270552,0.0037900697624901935,5.218875824868201
6,650,-0.05801067649840373,0.9549433041631765,0.005562577076838346,5.218875824868201
6,660,-0.058155089709022056,0.9544960010257552,0.0027260204450725066,5.218875824868201
6,670,-0.05823491572756295,0.9550788802812966,0.003574376507332959,5.218875824868201
6,680,-0.05822087893699855,0.9551275666533077,0.0023999378301239787,5.218875824868201
6,690,-0.058286940868206266,0.9547261996230922,0.00430774010327319,5.218875824868201
6,700,-0.058387265306263744,0.9536502926542119,0.002654102245796929,5.218875824868201
6,710,-0.05848491694994119,0.9525016921600077,0.0048623250351576665,5.218875824868201
6,720,-0.05859083447687644,0.9521680223615481,0.00218834519743643,5.218875824868201
6,730,-0.05867340661881347,0.9510494900326034,0.002480301880460896,5.218875824868201
6,740,-0.05868435940683777,0.9517144118799441,0.0017005365734826194,5.218875824868201
6,750,-0.05868726799956894,0.9517423393308091,0.0020892077937831777,5.218875824868201
6,760,-0.05875753977377983,0.9516849928048804,0.004773372583995776,5.218875824868201
6,770,-0.058914271642198264,0.9512284114512394,0.004069692231061808,5.218875824868201
6,780,-0.05905911704398844,0.9507950033640007,0.003612347139010727,5.218875824868201
6,790,-0.05913269401551478,0.9502392452159064,0.0015964064528540662,5.218875824868201
6,800,-0.0592087527527697,0.9506315240908391,0.0033588269438426287,5.218875824868201
7,10,0.3752515068003172,0.9906142939569849,0.21692292651748324,0.5218875824868201
7,20,0.33360847183599845,0.9616769285799471,0.2582255908605697,0.6057623725293447
7,30,0.22418378041361514,0.9789587491213785,0.3472990588119491,0.6896371625718695
7,40,0.17951340840327182,0.979981809245863,0.2855333127120228,0.7735119526143941
7,50,0.16023459343610758,0.9824726110920519,0.22517394784046835,0.8573867426569187
7,60,0.12055812600631918,0.974533500469371,0.25347716478450755,0.9412615326994436
7,70,0.09368084803097648,0.968769759351416,0.21117802352910547,1.025136322741968
7,80,0.04382950464356571,0.9769442569149304,0.3327943475390555,1.1090111127844928
7,90,0.040078291858805584,0.9860765292464677,0.07031303410597786,1.1928859028270173
7,100,0.022816062551527,0.9851397917613594,0.1796103617699255,1.276760692869542
7,110,0.0006431760859460754,0.9810966938094141,0.24109203578947197,1.3606354829120668
7,120,-0.006124561128338594,0.987798880847462,0.07978488383486079,1.4445102729545913
7,130,-0.013593247770711275,0.9892513704313077,0.08673034706266589,1.5283850629971159
7,140,-0.02273431729186924,0.9914151073812154,0.09918574807469918,1.6122598530396408
7,150,-0.031275110628029575,0.988886122442292,0.09918464984387138,1.6961346430821653
7,160,-0.03595190195006789,0.9903635923383718,0.0617307509763035,1.78000943312469
7,170,-0.03788402561725994,0.9889863643850181,0.030276107822704224,1.8638842231672144
7,180,-0.041359348350688926,0.9959246695174016,0.04820857771302841,1.9477590132097393
7,190,-0.04305226005570241,0.9961256905154022,0.031627051411990195,2.031633803252264
7,200,-0.04390299009781498,0.9945033690509075,0.023148712068694042,2.1155085932947886
7,210,-0.04748774082811779,0.9958240552759232,0.05459102337938772,2.1993833833373135
7,220,-0.048808608004031924,0.9961651104148141,0.024664914576460938,2.283258173379838
7,230,-0.050506484958544984,0.9955750439348827,0.025691702077666044,2.367132963422363
7,240,-0.050734718950239996,0.9955854221061857,0.007407490825275961,2.451007753464887
7,250,-0.05172805878244845,0.9957456432587541,0.02058762662811483,2.5348825435074116
7,260,-0.05294491490156725,0.9952501359967552,0.019403608164109885,2.6187573335499366
7,270,-0.05328224022178943,0.9957711148670341,0.008989876579245245,2.7026321235924615
7,280,-0.0548547761376974,0.9940698746294327,0.03046035233903393,2.786506913634986
7,290,-0.05598066535501359,0.9947483187541786,0.019364951198955444,2.870381703677511
7,300,-0.0566611613727678,0.9944547112022198,0.011986737226013172,2.9542564937200355
7,310,-0.056909134685768234,0.9948034440521613,0.0070395044793853875,3.03813128376256
7,320,-0.05729337354268483,0.9939036515970603,0.013053405265699416,3.122006073805085
7,330,-0.0575477166162571,0.9945588764426891,0.01171480137015033,3.2058808638476086
7,340,-0.058186472707987574,0.9937640164466377,0.008220878180183251,3.2897556538901336
7,350,-0.05884412864827804,0.993353212176165,0.016528428215362417,3.373630443932658
7,360,-0.059060792698699606,0.9928143299014041,0.005989194585138278,3.457505233975183
7,370,-0.05906105166602839,0.9931223143850079,0.007894359934759374,3.541380024017708
7,380,-0.0594551611230954,0.9919107193067388,0.009338447377130998,3.6252548140602325
7,390,-0.05992267431049023,0.9918720873502231,0.007423398918273955,3.7091296041027575
7,400,-0.06026744334075874,0.9909580697503241,0.01432772277878796,3.7930043941452816
7,410,-0.060303730715868434,0.9907386670179951,0.003139606073327035,3.8768791841878065
7,420,-0.06040446198631934,0.9901700433792191,0.002294823833161857,3.960753974230331
7,430,-0.06050267106956286,0.9892926415598227,0.005138923368647822,4.044628764272856
7,440,-0.06063246909205411,0.9888527060647905,0.005364854487888357,4.1285035543153805
7,450,-0.06091799038397651,0.9877067288235164,0.014268800970425674,4.212378344357905
7,460,-0.06094377819052087,0.9877697149711852,0.0036702865048284642,4.29625313440043
7,470,-0.061021043562056454,0.9878678215961245,0.007853210494587311,4.380127924442954
7,480,-0.06105455210986806,0.9875165900989897,0.002577043376705681,4.464002714485479
7,490,-0.06114648103768308,0.9875077121051884,0.0028951662636828,4.547877504528003
7,500,-0.061197358054331685,0.9869842984346412,0.0033359764841774304,4.6317522945705285
7,510,-0.061287169592006585,0.9861986506895892,0.004253688355564939,4.715627084613053
7,520,-0.06135873203296699,0.985493558366491,0.002655610907959299,4.7995018746555775
7,530,-0.061404978462032245,0.984822432098091,0.0033955013988410864,4.883376664698102
7,540,-0.06136593214190847,0.9849979868991776,0.005953368547589018,4.967251454740627
7,550,-0.06132309079293177,0.9840009713110558,0.008851386182602899,5.051126244783152
7,560,-0.06153968602528824,0.9834189897940058,0.007269950815005479,5.1350010348256765
7,570,-0.06157593805632525,0.9825960684503582,0.0035492516178009374,5.218875824868201
7,580,-0.06171209725673291,0.9821544001354152,0.0058140509086348205,5.218875824868201
7,590,-0.061802883451063134,0.9815132036940368,0.003397772513341129,5.218875824868201
7,600,-0.0619007824402547,0.9813847780581335,0.0031040041562335986,5.218875824868201
7,610,-0.06196464373646766,0.9814288987312932,0.002164147085258109,5.218875824868201
7,620,-0.06198605733199852,0.9806039068408199,0.0034591359955833873,5.218875824868201
7,630,-0.06209148426702657,0.9799540743550315,0.009351741422783149,5.218875824868201
7,640,-0.06220889005329236,0.9790835939361395,0.005299705798202069,5.218875824868201
7,650,-0.06240559725750168,0.9777630132142978,0.0036485837825490086,5.218875824868201
7,660,-0.06244184569177763,0.9779090137644983,0.0011735605106653099,5.218875824868201
7,670,-0.06252948005798142,0.9786303006865393,0.0048557732275901645,5.218875824868201
7,680,-0.06269503765008712,0.9779228292328774,0.003928886075576928,5.218875824868201
7,690,-0.06272911928371772,0.9777088721289898,0.004850483200233409,5.218875824868201
7,700,-0.06276439739227228,0.9778475117069774,0.003572965723870271,5.218875824868201
7,710,-0.0627979337658892,0.9778648376580888,0.003636164670856109,5.218875824868201
7,720,-0.06287749571254639,0.9769888404026175,0.004037047546380256,5.218875824868201
7,730,-0.06286017145949718,0.9769323110960675,0.012156794126272111,5.218875824868201
7,740,-0.06301104659924699,0.9769715323857079,0.004418896964547335,5.218875824868201
7,750,-0.06306801207572399,0.9766524930577486,0.0012709520982747513,5.218875824868201
7,760,-0.06316800087180657,0.9757485377917723,0.004362218057599972,5.218875824868201
7,770,-0.06331756267475036,0.9751516847904711,0.005247287896463806,5.218875824868201
7,780,-0.06340714187703052,0.9748729417846447,0.0033434825577396505,5.218875824868201
7,790,-0.06351134550222516,0.97425765457455,0.0057642135907760295,5.218875824868201
7,800,-0.06352206961112832,0.9744379730016629,0.006939193579772404,5.218875824868201
8,10,0.37833545386282763,0.9923744960006651,0.2508676535310504,0.5218875824868201
8,20,0.3227200902668936,0.9645844931486994,0.29615272535593135,0.6057623725293447
8,30,0.30016281338418355,0.9204898057805495,0.22596591866542454,0.6896371625718695
8,40,0.2911523363487792,0.9073267712660262,0.19701520418613286,0.7735119526143941
8,50,0.2353431819974532,0.8634808938975644,0.3494145163494945,0.8573867426569187
8,60,0.17157069420956556,0.8239089730883782,0.35706236149821147,0.9412615326994436
8,70,0.1324131867941325,0.8548199244458641,0.2919542978666477,1.025136322741968
8,80,0.06073527356043944,0.9000028682104897,0.4951086355823137,1.1090111127844928
8,90,0.045750499995366276,0.9135076246154766,0.19624614268355442,1.1928859028270173
8,100,0.024909839973393952,0.9462779341605128,0.21494460627139214,1.276760692869542
8,110,0.00813939119558435,0.9602864866929743,0.15759801390956962,1.3606354829120668
8,120,0.003152523585959289,0.9590473983094078,0.0626123651978214,1.4445102729545913
8,130,-0.0007636681195737818,0.9626014923692605,0.07956129216062352,1.5283850629971159
8,140,-0.01183559228128694,0.9715065623403052,0.15284230416603525,1.6122598530396408
8,150,-0.02623690373908391,0.9760481663047003,0.17965253789749863,1.6961346430821653
8,160,-0.029768337565651646,0.9834686321539354,0.052905665414845135,1.78000943312469
8,170,-0.031102004898778658,0.9825164015223133,0.021141164353367076,1.8638842231672144
8,180,-0.03548029284720152,0.9894602280679581,0.07347132566844963,1.9477590132097393
8,190,-0.0385493261042624,0.9839733338732263,0.04483284042555807,2.031633803252264
8,200,-0.03940575389688998,0.9822081324758642,0.015848062706439424,2.1155085932947886
8,210,-0.04168916841180946,0.9763524138777397,0.0488703751129199,2.1993833833373135
8,220,-0.045554549636213894,0.9771446496015928,0.04904268963140282,2.283258173379838
8,230,-0.04647018995466043,0.9747892509721383,0.020920273526715015,2.367132963422363
8,240,-0.04660208082981649,0.9730059327661238,0.007893551116120699,2.451007753464887
8,250,-0.05018066609886982,0.9686023275603473,0.07843960591284703,2.5348825435074116
8,260,-0.050520329687381134,0.9711298856347922,0.01057318501513249,2.6187573335499366
8,270,-0.05128636156530389,0.9718430605665118,0.011732681182499139,2.7026321235924615
8,280,-0.052094959328608706,0.9724403945914986,0.015977223049803355,2.786506913634986
8,290,-0.05259908046033543,0.971051066948208,0.009497858040824241,2.870381703677511
8,300,-0.052826011641503835,0.9717489728146593,0.005842128793290466,2.9542564937200355
8,310,-0.05417129109601314,0.9678153137164415,0.02741696058013452,3.03813128376256
8,320,-0.05445502841913042,0.9667812298698566,0.011047545312856203,3.122006073805085
8,330,-0.055069035730070215,0.966531866015164,0.011582620744614244,3.2058808638476086
8,340,-0.05541810772257057,0.9654935422030113,0.009961277084417615,3.2897556538901336
8,350,-0.055737544971535366,0.96616521208265,0.008295795865527145,3.373630443932658
8,360,-0.056043273898262067,0.9659478969567601,0.007163187541569913,3.457505233975183
8,370,-0.05608767775073256,0.9653421460259775,0.0037979022445136248,3.541380024017708
8,380,-0.056235929574962026,0.9662095584044734,0.005748932087162709,3.6252548140602325
8,390,-0.05637943822024346,0.9658393901867192,0.003385919278901019,3.7091296041027575
8,400,-0.056682436766930855,0.9659277856558606,0.009215997554569878,3.7930043941452816
8,410,-0.05704801199959023,0.9667236446963301,0.010914571628861806,3.8768791841878065
8,420,-0.05729495944306193,0.9671241775896926,0.0060854409166492,3.960753974230331
8,430,-0.057406392588823095,0.9666678457232663,0.0029671388206987475,4.044628764272856
8,440,-0.057710902838881056,0.9655405192643076,0.0119292440038734,4.1285035543153805
8,450,-0.05802730348326608,0.964375029012621,0.010583536108726522,4.212378344357905
8,460,-0.05813428933626923,0.964046022079325,0.004005627509858268,4.29625313440043
8,470,-0.058346124140257666,0.9601496376427596,0.02028129262216933,4.380127924442954
8,480,-0.058670631798282205,0.9599157879439502,0.02052726415489066,4.464002714485479
8,490,-0.05875658591662685,0.9591974212567584,0.006083270834361038,4.547877504528003
8,500,-0.058866236200723565,0.9588755706040062,0.004317154383856563,4.6317522945705285
8,510,-0.05909735803719692,0.9614652391921819,0.016025859132244615,4.715627084613053
8,520,-0.05927737963799881,0.9588489863892119,0.00832731890954379,4.7995018746555775
8,530,-0.05936187237964896,0.9602514809234468,0.006418648542463988,4.883376664698102
8,540,-0.05943474462662156,0.9597163083594105,0.0045977379400709536,4.967251454740627
8,550,-0.0594450810439879,0.9594932504052343,0.0035996505563590255,5.051126244783152
8,560,-0.059240086835996894,0.9586741203349787,0.02486664088458007,5.1350010348256765
8,570,-0.059382253242797486,0.9582938235665963,0.003908529078242959,5.218875824868201
8,580,-0.0595180575321368,0.9593165636180929,0.004523749362527018,5.218875824868201
8,590,-0.05961472095234848,0.9589214006085482,0.006431785863665879,5.218875824868201
8,600,-0.05994705642241935,0.9593304427139578,0.01742795950245634,5.218875824868201
8,610,-0.060137166396408356,0.9602024131697189,0.008912174158493113,5.218875824868201
8,620,-0.06031010723464758,0.9603735104116227,0.004232763997142156,5.218875824868201
8,630,-0.06059190046870283,0.9608079096273048,0.014496429256584578,5.218875824868201
8,640,-0.060794302956948154,0.9601164286153745,0.006362668656775376,5.218875824868201
8,650,-0.06084718382851189,0.9611650376465832,0.007954617650977179,5.218875824868201
8,660,-0.06111612513843227,0.9609614636018158,0.009551070944504334,5.218875824868201
8,670,-0.06136435903097156,0.963753913211127,0.010252125043215484,5.218875824868201
8,680,-0.06140903173768175,0.9626151460394001,0.009569432159973355,5.218875824868201
8,690,-0.06165653563611789,0.9623997268396292,0.012190438567586157,5.218875824868201
8,700,-0.06173192194106228,0.9630722238022664,0.00989626853287585,5.218875824868201
8,710,-0.0617520562156357,0.9627410887553823,0.0026106345463745282,5.218875824868201
8,720,-0.06182827252285099,0.9631876906604842,0.0037239170991548464,5.218875824868201
8,730,-0.061919545995564436,0.9631036108349997,0.004193071762752379,5.218875824868201
8,740,-0.06189806180930468,0.9622374379679597,0.002164902530664198,5.218875824868201
8,750,-0.062087831892751,0.9621807494327594,0.007303839828776503,5.218875824868201
8,760,-0.062293763503522434,0.9607160986046239,0.004558655164300606,5.218875824868201
8,770,-0.06248372957759517,0.9602356091979036,0.005922661407386115,5.218875824868201
8,780,-0.06262217975100287,0.9600889206623064,0.008869788902420173,5.218875824868201
8,790,-0.06261830265375562,0.9606025942004879,0.0029430071821590826,5.218875824868201
8,800,-0.06254554185472111,0.9618214654651731,0.009039065204038741,5.218875824868201
