Date,ADRO.JK,BBCA.JK
2020-06-02,328.181640625,4515.49658203125
2020-06-03,333.9140930175781,4869.3232421875
2020-06-04,333.6549377441406,4877.74755859375
2020-06-05,327.69677734375,4822.98876953125
2020-06-08,345.5711364746094,4970.41650390625
2020-06-09,351.529296875,4890.3837890625
2020-06-10,327.69677734375,4886.17138671875
2020-06-11,318.75958251953125,4785.07958984375
2020-06-12,315.780517578125,4776.654296875
2020-06-15,303.8642272949219,4633.4384765625
2020-06-16,320.2491455078125,4852.47412109375
2020-06-17,318.75958251953125,4818.7763671875
2020-06-18,306.8433532714844,4705.0458984375
2020-06-19,309.8224182128906,4696.62255859375
2020-06-22,306.8433532714844,4667.1357421875
2020-06-23,299.3956604003906,4734.53271484375
2020-06-24,311.31195068359375,4806.13916015625
2020-06-25,299.3956604003906,4822.98876953125
2020-06-26,302.3747253417969,4755.5927734375
2020-06-29,299.3956604003906,4780.8662109375
2020-06-30,296.4166259765625,4797.71533203125
2020-07-01,311.31195068359375,4886.17138671875
2020-07-02,312.80145263671875,4945.142578125
2020-07-03,309.8224182128906,4945.142578125
2020-07-06,317.2700500488281,4999.9013671875
2020-07-07,312.80145263671875,5046.236328125
2020-07-08,317.2700500488281,5223.1484375
2020-07-09,326.2072448730469,5138.9052734375
2020-07-10,323.2281188964844,5223.1484375
2020-07-13,344.08160400390625,5202.087890625
2020-07-14,344.08160400390625,5223.1484375
2020-07-15,336.6339416503906,5181.02734375
2020-07-16,330.6758117675781,5206.30029296875
2020-07-17,344.08160400390625,5155.75341796875
2020-07-20,336.6339416503906,5172.6025390625
2020-07-21,338.1234436035156,5223.1484375
2020-07-22,335.1444091796875,5206.30029296875
2020-07-23,336.6339416503906,5223.1484375
2020-07-24,324.7176513671875,5138.9052734375
2020-07-27,330.6758117675781,5138.9052734375
2020-07-28,324.7176513671875,5210.51220703125
2020-07-29,323.2281188964844,5168.390625
2020-07-30,323.2281188964844,5256.84619140625
2020-08-03,306.8433532714844,5164.1787109375
2020-08-04,308.3328857421875,5231.5732421875
2020-08-05,312.80145263671875,5227.36181640625
2020-08-06,332.1653747558594,5273.69482421875
2020-08-07,326.2072448730469,5206.30029296875
2020-08-10,339.6129455566406,5155.75341796875
2020-08-11,342.592041015625,5202.087890625
2020-08-12,333.6549377441406,5273.69482421875
2020-08-13,332.1653747558594,5307.3935546875
2020-08-14,332.1653747558594,5395.8505859375
2020-08-18,332.1653747558594,5357.9404296875
2020-08-19,332.1653747558594,5332.66650390625
2020-08-24,326.2072448730469,5320.0302734375
2020-08-25,327.69677734375,5362.15185546875
2020-08-26,330.6758117675781,5341.09130859375
2020-08-27,335.1444091796875,5560.1259765625
2020-08-28,341.1025695800781,5471.669921875
2020-08-31,323.2281188964844,5286.33203125
2020-09-01,339.6129455566406,5492.73095703125
2020-09-02,361.95599365234375,5421.123046875
2020-09-03,358.9768371582031,5475.8818359375
2020-09-04,358.9768371582031,5374.78857421875
2020-09-07,372.3826904296875,5294.75634765625
2020-09-08,369.4036560058594,5336.87841796875
2020-09-09,357.4873352050781,5261.05859375
2020-09-10,333.6549377441406,4894.595703125
2020-09-11,351.529296875,4974.62841796875
2020-09-14,357.4873352050781,5096.7822265625
2020-09-15,354.5083312988281,4936.71826171875
2020-09-16,341.1025695800781,4844.04931640625
2020-09-17,336.6339416503906,4848.26171875
2020-09-18,341.1025695800781,4742.95654296875
2020-09-21,341.1025695800781,4721.8955078125
2020-09-22,345.5711364746094,4591.31591796875
2020-09-23,345.5711364746094,4637.65087890625
2020-09-24,336.6339416503906,4587.10400390625
2020-09-25,339.6129455566406,4726.1083984375
2020-09-28,336.6339416503906,4646.07568359375
2020-09-29,347.0606994628906,4637.65087890625
2020-09-30,338.1234436035156,4566.04345703125
2020-10-01,351.529296875,4692.40966796875
2020-10-02,339.6129455566406,4637.65087890625
2020-10-05,335.1444091796875,4650.28759765625
2020-10-06,335.1444091796875,4801.92724609375
2020-10-07,336.6339416503906,4848.26171875
2020-10-08,336.6339416503906,4869.3232421875
2020-10-09,332.1653747558594,4865.1103515625
2020-10-12,330.6758117675781,4932.505859375
2020-10-13,342.592041015625,4932.505859375
2020-10-14,353.0188293457031,4970.41650390625
2020-10-15,344.08160400390625,4873.53515625
2020-10-16,363.4455261230469,4852.47412109375
2020-10-19,363.4455261230469,4970.41650390625
2020-10-20,360.4664611816406,4890.3837890625
2020-10-21,357.4873352050781,4869.3232421875
2020-10-22,345.5711364746094,4886.17138671875
2020-10-23,341.1025695800781,4860.8984375
2020-10-26,341.1025695800781,4898.80810546875
2020-10-27,335.1444091796875,4877.74755859375
2020-11-02,336.6339416503906,4903.02099609375
2020-11-03,341.1025695800781,4961.99169921875
2020-11-04,330.6758117675781,4903.02099609375
2020-11-05,339.6129455566406,5181.02734375
2020-11-06,339.6129455566406,5307.3935546875
2020-11-09,336.6339416503906,5294.75634765625
2020-11-10,339.6129455566406,5459.033203125
2020-11-11,358.9768371582031,5509.580078125
2020-11-12,350.03973388671875,5408.48681640625
2020-11-13,347.0606994628906,5383.21337890625
2020-11-16,355.9978332519531,5459.033203125
2020-11-17,351.529296875,5518.00390625
2020-11-18,354.5083312988281,5534.8525390625
2020-11-19,369.4036560058594,5572.7626953125
2020-11-20,361.95599365234375,5560.1259765625
2020-11-23,384.2989196777344,5560.1259765625
2020-11-24,387.27801513671875,5530.640625
2020-11-25,387.27801513671875,5400.0625
2020-11-26,405.15234375,5459.033203125
2020-11-27,414.0895080566406,5379.0009765625
2020-11-30,414.0895080566406,5227.36181640625
2020-12-01,414.0895080566406,5387.4248046875
2020-12-02,414.0895080566406,5433.759765625
2020-12-03,409.6210021972656,5442.18408203125
2020-12-04,427.495361328125,5383.21337890625
2020-12-07,442.39068603515625,5492.73095703125
2020-12-08,460.2650451660156,5467.4580078125
2020-12-10,460.2650451660156,5555.84521484375
2020-12-11,457.2860107421875,5691.04345703125
2020-12-14,467.7126770019531,5762.8681640625
2020-12-15,455.79638671875,5737.51806640625
2020-12-16,463.2441101074219,5872.71728515625
2020-12-17,443.88018798828125,5860.0419921875
2020-12-18,440.90118408203125,5745.96826171875
2020-12-21,463.2441101074219,5771.31884765625
2020-12-22,437.9219970703125,5674.14306640625
2020-12-23,443.88018798828125,5682.59375
2020-12-28,448.3487854003906,5729.0673828125
2020-12-29,443.88018798828125,5716.39404296875
2020-12-30,426.0058288574219,5720.61865234375
2021-01-04,433.45343017578125,5775.54248046875
2021-01-05,424.5162658691406,5991.01708984375
2021-01-06,409.6210021972656,5868.49267578125
2021-01-07,418.55816650390625,5885.392578125
2021-01-08,430.4743957519531,5957.216796875
2021-01-11,454.306884765625,6206.49072265625
2021-01-12,439.4114990234375,6050.16650390625
2021-01-13,451.3277893066406,6016.36572265625
2021-01-14,445.3697204589844,5931.8671875
2021-01-15,433.45343017578125,5876.94287109375
2021-01-18,428.9848937988281,6016.36572265625
2021-01-19,421.5372314453125,5995.2421875
2021-01-20,421.5372314453125,5995.2421875
2021-01-21,420.0476379394531,5978.341796875
2021-01-22,402.1732482910156,5982.56689453125
2021-01-25,385.7884521484375,5944.54248046875
2021-01-26,375.3617248535156,5762.8681640625
2021-01-27,370.8931579589844,5737.51806640625
2021-01-28,357.4873352050781,5830.4677734375
2021-01-29,357.4873352050781,5712.16845703125
2021-02-01,366.424560546875,5762.8681640625
2021-02-02,357.4873352050781,5745.96826171875
2021-02-03,348.5501708984375,5767.09375
2021-02-04,347.0606994628906,5792.44287109375
2021-02-05,360.4664611816406,5843.14208984375
2021-02-08,363.4455261230469,5847.3681640625
2021-02-09,360.4664611816406,5898.06787109375
2021-02-10,357.4873352050781,5847.3681640625
2021-02-11,361.95599365234375,5813.5673828125
2021-02-15,361.95599365234375,5745.96826171875
2021-02-16,360.4664611816406,5864.26708984375
2021-02-17,351.529296875,5830.4677734375
2021-02-18,350.03973388671875,5691.04345703125
2021-02-19,351.529296875,5767.09375
2021-02-22,360.4664611816406,5737.51806640625
2021-02-23,358.9768371582031,5767.09375
2021-02-24,353.0188293457031,5682.59375
2021-02-25,357.4873352050781,5665.6943359375
2021-02-26,351.529296875,5669.9189453125
2021-03-01,353.0188293457031,5952.9921875
2021-03-02,353.0188293457031,5927.6416015625
2021-03-03,353.0188293457031,5914.96728515625
2021-03-04,363.4455261230469,5678.36865234375
2021-03-05,351.529296875,5745.96826171875
2021-03-08,350.03973388671875,5678.36865234375
2021-03-09,347.0606994628906,5581.19384765625
2021-03-10,348.5501708984375,5665.6943359375
2021-03-12,360.4664611816406,5716.39404296875
2021-03-15,367.9141540527344,5631.8935546875
2021-03-16,363.4455261230469,5598.09375
2021-03-17,366.424560546875,5585.41943359375
2021-03-18,378.3407897949219,5665.6943359375
2021-03-19,387.27801513671875,5712.16845703125
2021-03-22,382.8094482421875,5593.869140625
2021-03-23,387.27801513671875,5547.39453125
2021-03-24,364.93505859375,5441.7705078125
2021-03-25,358.9768371582031,5382.6201171875
2021-03-26,363.4455261230469,5420.6455078125
2021-03-29,358.9768371582031,5374.17041015625
2021-03-30,350.03973388671875,5403.74462890625
2021-03-31,350.03973388671875,5251.6455078125
2021-04-01,351.529296875,5260.09619140625
2021-04-05,353.0188293457031,5200.94677734375
2021-04-06,360.4664611816406,5209.39697265625
2021-04-07,363.4455261230469,5281.22021484375
2021-04-08,366.424560546875,5256.71533203125
2021-04-09,358.9768371582031,5312.40966796875
2021-04-12,351.529296875,5196.736328125
2021-04-13,345.5711364746094,5141.04150390625
2021-04-14,355.9978332519531,5402.37744140625
2021-04-15,354.5083312988281,5380.95654296875
2021-04-16,353.0188293457031,5376.671875
2021-04-19,353.0188293457031,5372.38818359375
2021-04-20,353.0188293457031,5342.39892578125
2021-04-21,351.529296875,5282.42041015625
2021-04-22,348.5501708984375,5325.26171875
2021-04-23,357.4873352050781,5475.2099609375
2021-04-26,360.4664611816406,5385.24072265625
2021-04-27,360.4664611816406,5488.0615234375
2021-04-28,361.95599365234375,5415.23095703125
2021-04-29,373.8722229003906,5492.3466796875
2021-04-30,370.8931579589844,5488.0615234375
2021-05-03,369.4036560058594,5475.2099609375
2021-05-04,372.3826904296875,5483.77734375
2021-05-05,375.93121337890625,5505.19873046875
2021-05-06,372.7853698730469,5505.19873046875
2021-05-07,372.7853698730469,5483.77734375
2021-05-10,375.93121337890625,5500.9150390625
2021-05-11,375.93121337890625,5552.32470703125
2021-05-17,372.7853698730469,5569.4619140625
2021-05-18,377.5041809082031,5475.2099609375
2021-05-19,369.6394958496094,5436.65185546875
2021-05-20,368.06658935546875,5466.6416015625
2021-05-21,366.49359130859375,5449.50341796875
2021-05-24,364.92071533203125,5419.5146484375
2021-05-25,368.06658935546875,5445.2197265625
2021-05-27,366.49359130859375,5372.38818359375
2021-05-28,368.06658935546875,5432.3671875
2021-05-31,374.3583068847656,5462.357421875
2021-06-02,396.37939453125,5539.47265625
2021-06-03,393.2334899902344,5655.14599609375
2021-06-04,386.9418029785156,5638.00830078125
2021-06-07,379.0771179199219,5595.1669921875
2021-06-08,380.6499938964844,5509.482421875
2021-06-09,382.2229919433594,5595.1669921875
2021-06-10,380.6499938964844,5672.283203125
2021-06-11,413.68170166015625,5543.75634765625
2021-06-14,416.8275146484375,5492.3466796875
2021-06-15,412.1087341308594,5543.75634765625
2021-06-16,438.8486022949219,5470.92578125
2021-06-17,426.26507568359375,5423.79931640625
2021-06-18,412.1087341308594,5419.5146484375
2021-06-21,404.24407958984375,5355.25146484375
2021-06-22,405.8169860839844,5432.3671875
2021-06-23,396.37939453125,5338.11474609375
2021-06-24,391.66058349609375,5320.97802734375
2021-06-25,404.24407958984375,5303.84130859375
2021-06-28,388.51470947265625,5188.16748046875
2021-06-29,382.2229919433594,5179.60009765625
2021-06-30,379.0771179199219,5162.46240234375
2021-07-01,379.0771179199219,5162.46240234375
2021-07-02,396.37939453125,5226.7255859375
2021-07-05,388.51470947265625,5235.29443359375
2021-07-06,405.8169860839844,5188.16748046875
2021-07-07,393.2334899902344,5196.736328125
2021-07-08,383.7959289550781,5153.89501953125
2021-07-09,393.2334899902344,5158.17822265625
2021-07-12,388.51470947265625,5286.7041015625
2021-07-13,386.9418029785156,5179.60009765625
2021-07-14,383.7959289550781,5132.47314453125
2021-07-15,385.3688049316406,5239.578125
2021-07-16,390.0876159667969,5235.29443359375
2021-07-19,393.2334899902344,5145.32568359375
2021-07-21,390.0876159667969,5149.6103515625
2021-07-22,419.9733581542969,5273.85205078125
2021-07-23,410.5357666015625,5171.0302734375
2021-07-26,402.6711120605469,5145.32568359375
2021-07-27,401.09820556640625,5145.32568359375
2021-07-28,399.52520751953125,5123.90478515625
2021-07-29,416.8275146484375,5175.3154296875
2021-07-30,419.9733581542969,5115.33642578125
2021-08-02,430.98388671875,5106.76806640625
2021-08-03,424.6921691894531,5265.283203125
2021-08-04,427.8380126953125,5243.8623046875
2021-08-05,408.9627990722656,5398.09423828125
2021-08-06,405.8169860839844,5278.13623046875
2021-08-09,408.9627990722656,5312.40966796875
2021-08-10,421.5462646484375,5398.09423828125
2021-08-12,443.5673828125,5398.09423828125
2021-08-13,435.7027282714844,5492.3466796875
2021-08-16,429.4109802246094,5500.9150390625
2021-08-18,421.5462646484375,5655.14599609375
2021-08-19,407.3899230957031,5655.14599609375
2021-08-20,397.95233154296875,5655.14599609375
2021-08-23,413.68170166015625,5646.57666015625
2021-08-24,396.37939453125,5655.14599609375
2021-08-25,394.80645751953125,5655.14599609375
2021-08-26,402.6711120605469,5620.8720703125
2021-08-27,391.66058349609375,5578.0302734375
2021-08-30,408.9627990722656,5625.15625
2021-08-31,396.37939453125,5612.30419921875
2021-09-01,415.2546081542969,5625.15625
2021-09-02,415.2546081542969,5603.73486328125
2021-09-03,426.26507568359375,5655.14599609375
2021-09-06,429.4109802246094,5633.72509765625
2021-09-07,423.11920166015625,5629.44091796875
2021-09-08,418.40045166015625,5518.05126953125
2021-09-09,429.4109802246094,5629.44091796875
2021-09-10,424.6921691894531,5586.59814453125
2021-09-13,421.5462646484375,5616.58740234375
2021-09-14,435.7027282714844,5608.01953125
2021-09-15,437.27557373046875,5565.17724609375
2021-09-16,437.27557373046875,5569.4619140625
2021-09-17,419.9733581542969,5586.59814453125
2021-09-20,415.2546081542969,5642.29296875
2021-09-21,423.11920166015625,5560.8935546875
2021-09-22,440.4214782714844,5616.58740234375
2021-09-23,445.14031982421875,5638.00830078125
2021-09-24,471.8802795410156,5642.29296875
2021-09-27,475.0260009765625,5638.00830078125
2021-09-28,547.3810424804688,5586.59814453125
2021-09-29,541.0892333984375,5638.00830078125
2021-09-30,553.6728515625,5997.8818359375
2021-10-01,559.9644775390625,5792.2412109375
2021-10-04,585.1314697265625,5963.60791015625
2021-10-05,575.69384765625,5950.75634765625
2021-10-06,586.7044677734375,6152.11376953125
2021-10-07,545.8081665039062,6134.9765625
2021-10-08,570.9750366210938,6246.365234375
2021-10-11,602.4337158203125,6216.3759765625
2021-10-12,592.9961547851562,6272.0712890625
2021-10-13,585.1314697265625,6447.72265625
2021-10-14,583.5585327148438,6640.51171875
2021-10-15,585.1314697265625,6554.8271484375
2021-10-18,589.8502197265625,6447.72265625
2021-10-19,583.5585327148438,6426.3017578125
2021-10-21,552.0999145507812,6340.61767578125
2021-10-22,545.8081665039062,6447.72265625
2021-10-25,548.9539794921875,6447.72265625
2021-10-26,555.2457275390625,6447.72265625
2021-10-27,544.2351684570312,6383.4599609375
2021-10-28,512.7764892578125,6319.1962890625
2021-10-29,528.5057373046875,6404.88134765625
2021-11-01,530.0787353515625,6340.61767578125
2021-11-02,517.4953002929688,6254.93408203125
2021-11-03,526.9329223632812,6297.77587890625
2021-11-04,526.9329223632812,6319.1962890625
2021-11-05,517.4953002929688,6383.4599609375
2021-11-08,533.2245483398438,6490.56494140625
2021-11-09,536.3704833984375,6576.24951171875
2021-11-10,531.6516723632812,6554.8271484375
2021-11-11,530.0787353515625,6576.24951171875
2021-11-12,530.0787353515625,6447.72265625
2021-11-15,506.4847412109375,6426.3017578125
2021-11-16,508.0576477050781,6404.88134765625
2021-11-17,515.9224243164062,6512.34521484375
2021-11-18,511.20355224609375,6361.89501953125
2021-11-19,517.4953002929688,6383.3876953125
2021-11-22,515.9224243164062,6426.3740234375
2021-11-23,536.3704833984375,6426.3740234375
2021-11-24,533.2245483398438,6426.3740234375
2021-11-25,548.9539794921875,6383.3876953125
2021-11-26,520.64111328125,6254.4306640625
2021-11-29,531.6516723632812,6361.89501953125
2021-11-30,534.7975463867188,6254.4306640625
2021-12-01,552.0999145507812,6275.923828125
2021-12-02,569.402099609375,6447.86669921875
2021-12-03,570.9750366210938,6340.40185546875
2021-12-06,600.8607788085938,6318.9091796875
2021-12-07,599.2877807617188,6318.9091796875
2021-12-08,605.57958984375,6383.3876953125
2021-12-09,608.7254638671875,6318.9091796875
2021-12-10,604.0066528320312,6340.40185546875
2021-12-13,604.0066528320312,6275.923828125
2021-12-14,604.0066528320312,6275.923828125
2021-12-15,635.46533203125,6275.923828125
2021-12-16,641.757080078125,6254.4306640625
2021-12-17,644.9029541015625,6447.86669921875
2021-12-20,644.9029541015625,6340.40185546875
2021-12-21,666.924072265625,6340.40185546875
2021-12-22,676.361572265625,6297.41650390625
2021-12-23,676.361572265625,6275.923828125
2021-12-24,698.3827514648438,6275.923828125
2021-12-27,685.7991943359375,6318.9091796875
2021-12-28,723.5496826171875,6318.9091796875
2021-12-29,726.695556640625,6275.923828125
2021-12-30,760.5519409179688,6275.923828125
2022-01-03,801.1146850585938,6297.41650390625
2022-01-04,777.4530639648438,6361.89501953125
2022-01-05,757.1717529296875,6404.880859375
2022-01-06,777.4530639648438,6426.3740234375
2022-01-07,821.3960571289062,6576.8232421875
2022-01-10,811.2553100585938,6533.8388671875
2022-01-11,790.9739990234375,6619.8095703125
2022-01-12,780.8333129882812,6619.8095703125
2022-01-13,770.692626953125,6619.8095703125
2022-01-14,767.312255859375,6748.76708984375
2022-01-17,763.9321899414062,6662.79541015625
2022-01-18,750.4112548828125,6598.3173828125
2022-01-19,753.7914428710938,6598.3173828125
2022-01-20,780.8333129882812,6684.28759765625
2022-01-21,780.8333129882812,6834.7392578125
2022-01-24,767.312255859375,6705.78076171875
2022-01-25,747.0309448242188,6684.28759765625
2022-01-26,747.0309448242188,6619.8095703125
2022-01-27,780.8333129882812,6705.78076171875
2022-01-28,770.692626953125,6684.28759765625
2022-01-31,757.1717529296875,6555.33154296875
2022-02-02,747.0309448242188,6705.78076171875
2022-02-03,750.4112548828125,6641.302734375
2022-02-04,736.8902587890625,6641.302734375
2022-02-07,743.6506958007812,6705.78076171875
2022-02-08,743.6506958007812,6641.302734375
2022-02-09,747.0309448242188,6834.7392578125
2022-02-10,730.1298828125,6662.79541015625
2022-02-11,733.510009765625,6727.2744140625
2022-02-14,753.7914428710938,6619.8095703125
2022-02-15,774.07275390625,6770.2607421875
2022-02-16,757.1717529296875,6856.23193359375
2022-02-17,750.4112548828125,6791.7529296875
2022-02-18,757.1717529296875,6813.24658203125
2022-02-21,750.4112548828125,6834.7392578125
2022-02-22,753.7914428710938,6791.7529296875
2022-02-23,784.2135009765625,6920.7099609375
2022-02-24,838.2971801757812,6877.724609375
2022-02-25,828.1564331054688,6920.7099609375
2022-03-01,872.0995483398438,6920.7099609375
2022-03-02,882.2401733398438,6856.23193359375
2022-03-04,1027.590087890625,6791.7529296875
2022-03-07,1095.1947021484375,6619.8095703125
2022-03-08,1054.632080078125,6576.8232421875
2022-03-09,1041.1109619140625,6748.76708984375
2022-03-10,1007.3087158203125,6813.24658203125
2022-03-11,1014.0693359375,6834.7392578125
2022-03-14,943.0844116210938,6942.20361328125
2022-03-15,916.0424194335938,7006.681640625
2022-03-16,953.2250366210938,7049.66796875
2022-03-17,926.18310546875,6877.724609375
2022-03-18,919.422607421875,6791.7529296875
2022-03-21,919.422607421875,6791.7529296875
2022-03-22,946.4645385742188,6813.24658203125
2022-03-23,946.4645385742188,6791.7529296875
2022-03-24,973.5064697265625,6813.24658203125
2022-03-25,953.2250366210938,6834.7392578125
2022-03-28,966.7459106445312,6895.8408203125
2022-03-29,936.3239135742188,6852.1962890625
2022-03-30,905.9017333984375,6874.01904296875
2022-03-31,909.281982421875,6961.30810546875
2022-04-01,949.8447265625,6917.66357421875
2022-04-04,949.8447265625,6895.8408203125
2022-04-05,1014.0693359375,6895.8408203125
2022-04-06,1037.7308349609375,6764.90673828125
2022-04-07,1030.970458984375,6764.90673828125
2022-04-08,1068.15283203125,6852.1962890625
2022-04-11,1061.3924560546875,6743.0849609375
2022-04-12,1061.3924560546875,6808.55224609375
2022-04-13,1132.3773193359375,6808.55224609375
2022-04-14,1118.856201171875,6721.2626953125
2022-04-18,1112.0958251953125,6721.2626953125
2022-04-19,1105.335205078125,6655.7958984375
2022-04-20,1091.8143310546875,6677.6181640625
2022-04-21,1105.335205078125,6917.66357421875
2022-04-22,1085.053955078125,6874.01904296875
2022-04-25,1085.053955078125,6983.13037109375
2022-04-26,1068.15283203125,7092.2412109375
2022-04-27,1071.5330810546875,7157.708984375
2022-04-28,1128.9969482421875,7092.2412109375
2022-05-09,1068.15283203125,6633.97314453125
2022-05-10,1044.4912109375,6568.5068359375
2022-05-11,1064.7725830078125,6677.6181640625
2022-05-12,1064.7725830078125,6350.2841796875
2022-05-13,1085.053955078125,6393.92822265625
2022-05-17,1138.5850830078125,6459.39599609375
2022-05-18,1127.977294921875,6612.15087890625
2022-05-19,1099.6895751953125,6503.04052734375
2022-05-20,1170.4091796875,6459.39599609375
2022-05-23,1113.8333740234375,6437.5732421875
2022-05-24,1131.51318359375,6415.75048828125
2022-05-25,1096.153564453125,6437.5732421875
2022-05-27,1117.3692626953125,6612.15087890625
2022-05-30,1082.009521484375,6612.15087890625
2022-05-31,1156.2650146484375,6764.90673828125
2022-06-02,1177.4810791015625,6612.15087890625
2022-06-03,1244.6646728515625,6633.97314453125
2022-06-06,1223.4486083984375,6503.04052734375
2022-06-07,1290.6322021484375,6437.5732421875
2022-06-08,1283.5604248046875,6633.97314453125
2022-06-09,1272.952392578125,6546.6845703125
2022-06-10,1212.841064453125,6415.75048828125
2022-06-13,1127.977294921875,6415.75048828125
2022-06-14,1152.7293701171875,6459.39599609375
2022-06-15,1074.9375,6393.92822265625
2022-06-16,1082.009521484375,6612.15087890625
2022-06-17,1032.505859375,6546.6845703125
2022-06-20,1036.0418701171875,6655.7958984375
2022-06-21,1071.4017333984375,6677.6181640625
2022-06-22,1071.4017333984375,6546.6845703125
2022-06-23,1039.5777587890625,6568.5068359375
2022-06-24,1050.1856689453125,6524.8623046875
2022-06-27,1046.6497802734375,6415.75048828125
2022-06-28,1043.1136474609375,6372.1064453125
2022-06-29,1014.8260498046875,6350.2841796875
2022-06-30,1011.2901000976562,6328.46240234375
2022-07-01,961.7862548828125,6328.46240234375
2022-07-04,979.4661865234375,6153.88330078125
2022-07-05,1018.3619995117188,6328.46240234375
2022-07-06,979.4661865234375,6372.1064453125
2022-07-07,979.4661865234375,6197.5283203125
2022-07-08,1000.6819458007812,6241.1728515625
2022-07-11,1000.6819458007812,6219.35107421875
2022-07-12,1032.505859375,6262.9951171875
2022-07-13,1036.0418701171875,6110.2392578125
2022-07-14,1036.0418701171875,6132.06103515625
2022-07-15,975.9302368164062,6110.2392578125
2022-07-18,986.5382080078125,6241.1728515625
2022-07-19,1043.1136474609375,6262.9951171875
2022-07-20,1067.865478515625,6459.39599609375
2022-07-21,1067.865478515625,6459.39599609375
2022-07-22,1071.4017333984375,6393.92822265625
2022-07-25,1096.153564453125,6372.1064453125
2022-07-26,1117.3692626953125,6372.1064453125
2022-07-27,1159.80126953125,6393.92822265625
2022-07-28,1159.80126953125,6415.75048828125
2022-07-29,1149.193115234375,6415.75048828125
2022-08-01,1184.5528564453125,6546.6845703125
2022-08-02,1124.44140625,6633.97314453125
2022-08-03,1170.4091796875,6655.7958984375
2022-08-04,1127.977294921875,6808.55224609375
2022-08-05,1106.761474609375,6874.01904296875
2022-08-08,1089.08154296875,6874.01904296875
2022-08-09,1106.761474609375,6895.8408203125
2022-08-10,1110.29736328125,6895.8408203125
2022-08-11,1113.8333740234375,6939.48583984375
2022-08-12,1127.977294921875,6917.66357421875
2022-08-15,1117.3692626953125,6939.48583984375
2022-08-16,1113.8333740234375,6961.30810546875
2022-08-18,1149.193115234375,6983.13037109375
2022-08-19,1149.193115234375,6895.8408203125
2022-08-22,1113.8333740234375,6983.13037109375
2022-08-23,1184.5528564453125,6895.8408203125
2022-08-24,1205.7689208984375,6939.48583984375
2022-08-25,1205.7689208984375,7048.59716796875
2022-08-26,1205.7689208984375,6983.13037109375
2022-08-29,1223.4486083984375,7114.064453125
2022-08-30,1251.736572265625,7135.88671875
2022-08-31,1251.736572265625,7157.708984375
2022-09-01,1308.3123779296875,7114.064453125
2022-09-02,1336.60009765625,7179.53076171875
2022-09-05,1424.999755859375,7223.1748046875
2022-09-06,1428.5355224609375,7223.1748046875
2022-09-07,1421.4635009765625,7310.46484375
2022-09-08,1393.1756591796875,7288.642578125
2022-09-09,1396.7117919921875,7310.46484375
2022-09-12,1403.7835693359375,7310.46484375
2022-09-13,1417.927734375,7441.3984375
2022-09-14,1417.927734375,7419.57568359375
2022-09-15,1435.6075439453125,7637.79833984375
2022-09-16,1389.6397705078125,7375.931640625
2022-09-19,1382.56787109375,7550.5087890625
2022-09-20,1375.495849609375,7463.22021484375
2022-09-21,1382.56787109375,7397.75390625
2022-09-22,1449.7513427734375,7397.75390625
2022-09-23,1432.071533203125,7310.46484375
2022-09-26,1364.8878173828125,7354.109375
2022-09-27,1382.56787109375,7244.99755859375
2022-09-28,1368.423828125,7266.81982421875
2022-09-29,1396.7117919921875,7310.46484375
2022-09-30,1400.24755859375,7463.22021484375
2022-10-03,1400.24755859375,7419.57568359375
2022-10-04,1456.8233642578125,7463.22021484375
2022-10-05,1442.679443359375,7375.931640625
2022-10-06,1449.7513427734375,7354.109375
2022-10-07,1463.895263671875,7157.708984375
2022-10-10,1386.1036376953125,7244.99755859375
2022-10-11,1389.6397705078125,7201.35302734375
2022-10-12,1414.3917236328125,7266.81982421875
2022-10-13,1421.4635009765625,7223.1748046875
2022-10-14,1396.7117919921875,7201.35302734375
2022-10-17,1400.24755859375,7201.35302734375
2022-10-18,1364.8878173828125,7244.99755859375
2022-10-19,1357.81591796875,7223.1748046875
2022-10-20,1414.3917236328125,7419.57568359375
2022-10-21,1400.24755859375,7550.5087890625
2022-10-24,1386.1036376953125,7768.73291015625
2022-10-25,1371.9598388671875,7594.154296875
2022-10-26,1389.6397705078125,7463.22021484375
2022-10-27,1407.3197021484375,7594.154296875
2022-10-28,1382.56787109375,7637.79833984375
2022-10-31,1407.3197021484375,7681.44287109375
2022-11-01,1325.9921875,7681.44287109375
2022-11-02,1322.456298828125,7637.79833984375
2022-11-03,1325.9921875,7681.44287109375
2022-11-04,1325.9921875,7659.62060546875
2022-11-07,1354.2799072265625,7725.087890625
2022-11-08,1329.5279541015625,7637.79833984375
2022-11-09,1287.0963134765625,7746.9111328125
2022-11-10,1230.5206298828125,7681.44287109375
2022-11-11,1234.0567626953125,7725.087890625
2022-11-14,1237.5926513671875,7637.79833984375
2022-11-15,1241.128662109375,7681.44287109375
2022-11-16,1262.344482421875,7506.865234375
2022-11-17,1269.4166259765625,7615.97705078125
2022-11-18,1269.4166259765625,7703.26513671875
2022-11-21,1304.776123046875,7615.97705078125
2022-11-22,1308.3123779296875,7768.73291015625
2022-11-23,1325.9921875,7746.9111328125
2022-11-24,1325.9921875,7856.0224609375
2022-11-25,1318.9202880859375,7834.19873046875
2022-11-28,1322.456298828125,7877.84375
2022-11-29,1371.9598388671875,7834.19873046875
2022-11-30,1368.423828125,8117.8896484375
2022-12-01,1379.0318603515625,7856.0224609375
2022-12-02,1361.3519287109375,7799.06298828125
2022-12-05,1336.60009765625,7689.52392578125
2022-12-06,1347.2080078125,7601.89453125
2022-12-07,1354.2799072265625,7404.728515625
2022-12-08,1322.456298828125,7448.5419921875
2022-12-09,1301.240234375,7514.26611328125
2022-12-12,1343.672119140625,7623.802734375
2022-12-13,1322.456298828125,7623.802734375
2022-12-14,1371.9598388671875,7558.07958984375
2022-12-15,1379.0318603515625,7448.5419921875
2022-12-16,1375.495849609375,7536.17333984375
2022-12-19,1403.7835693359375,7579.98681640625
2022-12-20,1386.1036376953125,7514.26611328125
2022-12-21,1386.1036376953125,7601.89453125
2022-12-22,1389.6397705078125,7514.26611328125
2022-12-23,1347.2080078125,7448.5419921875
2022-12-26,1343.672119140625,7514.26611328125
2022-12-27,1325.9921875,7536.17333984375
2022-12-28,1325.9921875,7579.98681640625
2022-12-29,1343.672119140625,7514.26611328125
2022-12-30,1361.3519287109375,7492.35791015625
2023-01-02,1358.053466796875,7492.35791015625
2023-01-03,1331.5732421875,7492.35791015625
2023-01-04,1248.3499755859375,7317.09765625
2023-01-05,1172.6923828125,7229.46728515625
2023-01-06,1187.82373046875,7273.283203125
2023-01-09,1146.212158203125,7404.728515625
2023-01-10,1187.82373046875,7163.7451171875
2023-01-11,1202.955322265625,7119.93017578125
2023-01-12,1168.9093017578125,7163.7451171875
2023-01-13,1187.82373046875,7054.2080078125
2023-01-16,1172.6923828125,7141.837890625
2023-01-17,1187.82373046875,7295.18994140625
2023-01-18,1199.17236328125,7273.283203125
2023-01-19,1221.8695068359375,7295.18994140625
2023-01-20,1225.6524658203125,7273.283203125
2023-01-24,1210.52099609375,7207.560546875
2023-01-25,1184.0408935546875,7185.6533203125
2023-01-26,1138.646240234375,7426.6357421875
2023-01-27,1157.5606689453125,7623.802734375
2023-01-30,1138.646240234375,7623.802734375
2023-01-31,1119.73193359375,7426.6357421875
2023-02-01,1115.948974609375,7448.5419921875
2023-02-02,1085.6861572265625,7404.728515625
2023-02-03,1044.074462890625,7623.802734375
2023-02-06,1051.64013671875,7645.7099609375
2023-02-07,1093.251953125,7755.24755859375
2023-02-08,1104.6004638671875,7733.33984375
2023-02-09,1074.3375244140625,7799.06298828125
2023-02-10,1036.5086669921875,7733.33984375
2023-02-13,1051.64013671875,7777.15576171875
2023-02-14,1070.554443359375,7842.87744140625
2023-02-15,1115.948974609375,7777.15576171875
2023-02-16,1104.6004638671875,7623.802734375
2023-02-17,1089.468994140625,7645.7099609375
2023-02-20,1097.03466796875,7667.6171875
2023-02-21,1066.771728515625,7623.802734375
2023-02-22,1078.120361328125,7601.89453125
2023-02-23,1097.03466796875,7645.7099609375
2023-02-24,1093.251953125,7601.89453125
2023-02-27,1115.948974609375,7689.52392578125
2023-02-28,1131.080810546875,7667.6171875
2023-03-01,1131.080810546875,7536.17333984375
2023-03-02,1131.080810546875,7558.07958984375
2023-03-03,1142.4290771484375,7426.6357421875
2023-03-06,1100.8175048828125,7360.9130859375
2023-03-07,1081.9033203125,7382.81982421875
2023-03-08,1104.6004638671875,7514.26611328125
2023-03-09,1097.03466796875,7514.26611328125
2023-03-10,1081.9033203125,7404.728515625
2023-03-13,1097.03466796875,7492.35791015625
2023-03-14,1047.8572998046875,7295.18994140625
2023-03-15,1040.2913818359375,7295.18994140625
2023-03-16,998.6798706054688,7273.283203125
2023-03-17,1051.64013671875,7339.005859375
2023-03-20,1028.94287109375,7360.9130859375
2023-03-21,1032.7257080078125,7448.5419921875
2023-03-24,1013.8114013671875,7733.33984375
2023-03-27,1013.8114013671875,7623.802734375
2023-03-28,1047.8572998046875,7601.89453125
2023-03-29,1089.468994140625,7865.56982421875
2023-03-30,1085.6861572265625,7887.9150390625
2023-03-31,1097.03466796875,7820.87890625
2023-04-03,1112.1661376953125,7865.56982421875
2023-04-04,1153.7779541015625,7843.224609375
2023-04-05,1157.5606689453125,7798.53369140625
2023-04-06,1142.4290771484375,7820.87890625
2023-04-10,1131.080810546875,7865.56982421875
2023-04-11,1153.7779541015625,7887.9150390625
2023-04-12,1119.73193359375,7954.951171875
2023-04-13,1119.73193359375,7977.296875
2023-04-14,1104.6004638671875,8044.3330078125
2023-04-17,1081.9033203125,8066.6787109375
2023-04-18,1134.8636474609375,8156.06005859375
2023-04-26,1172.6923828125,8223.0947265625
2023-04-27,1165.12646484375,8178.40478515625
2023-04-28,1184.0408935546875,8089.02392578125
2023-05-02,1127.297607421875,8089.02392578125
2023-05-03,1112.1661376953125,7977.296875
2023-05-04,1104.6004638671875,8044.3330078125
2023-05-05,1055.423095703125,8044.3330078125
2023-05-08,1085.6861572265625,8044.3330078125
2023-05-09,1093.251953125,7977.296875
2023-05-10,1112.1661376953125,7977.296875
2023-05-11,1059.2059326171875,7887.9150390625
2023-05-12,1044.074462890625,7865.56982421875
2023-05-15,1006.2456665039062,7843.224609375
2023-05-16,1010.0286254882812,7776.1884765625
2023-05-17,960.8509521484375,7843.224609375
2023-05-19,911.6737670898438,8044.3330078125
2023-05-22,930.588134765625,8044.3330078125
2023-05-23,960.2681884765625,8156.06005859375
2023-05-24,943.4950561523438,8066.6787109375
2023-05-25,888.9820556640625,8089.02392578125
2023-05-26,876.402099609375,8178.40478515625
2023-05-29,868.0154418945312,8178.40478515625
2023-05-30,884.7886962890625,8267.7861328125
2023-05-31,855.4354858398438,8089.02392578125
2023-06-05,880.5953369140625,8223.0947265625
2023-06-06,930.9151611328125,8178.40478515625
2023-06-07,909.9486083984375,8133.71533203125
2023-06-08,922.5284423828125,8156.06005859375
2023-06-09,918.3351440429688,8133.71533203125
2023-06-12,926.7217407226562,8178.40478515625
2023-06-13,926.7217407226562,8178.40478515625
2023-06-14,943.4950561523438,8111.36962890625
2023-06-15,964.4616088867188,8089.02392578125
2023-06-16,972.8483276367188,8089.02392578125
2023-06-19,947.6884155273438,8044.3330078125
2023-06-20,951.881591796875,8089.02392578125
2023-06-21,947.6884155273438,8156.06005859375
2023-06-22,947.6884155273438,8089.02392578125
2023-06-23,935.1084594726562,8089.02392578125
2023-06-26,926.7217407226562,8111.36962890625
2023-06-27,935.1084594726562,8178.40478515625
2023-07-03,977.0415649414062,8111.36962890625
2023-07-04,981.2349853515625,8089.02392578125
2023-07-05,1014.7813110351562,8089.02392578125
2023-07-06,1027.3612060546875,8111.36962890625
2023-07-07,998.008056640625,8066.6787109375
2023-07-10,1014.7813110351562,8089.02392578125
2023-07-11,1018.9747314453125,8066.6787109375
2023-07-12,993.8148193359375,8200.75
2023-07-13,972.8483276367188,8156.06005859375
2023-07-14,989.6214599609375,8223.0947265625
2023-07-17,998.008056640625,8200.75
2023-07-18,977.0415649414062,8178.40478515625
2023-07-20,993.8148193359375,8178.40478515625
2023-07-21,1014.7813110351562,8178.40478515625
2023-07-24,1035.7479248046875,8133.71533203125
2023-07-25,1018.9747314453125,8178.40478515625
2023-07-26,1048.3277587890625,8357.16796875
2023-07-27,1027.3612060546875,8245.4404296875
2023-07-28,1035.7479248046875,8156.06005859375
2023-07-31,1010.588134765625,8156.06005859375
2023-08-01,1002.201416015625,8156.06005859375
2023-08-02,993.8148193359375,8223.0947265625
2023-08-03,989.6214599609375,8267.7861328125
2023-08-04,1006.3947143554688,8178.40478515625
2023-08-07,998.008056640625,8290.130859375
2023-08-08,993.8148193359375,8223.0947265625
2023-08-09,1006.3947143554688,8401.859375
2023-08-10,1010.588134765625,8401.859375
2023-08-11,985.4281616210938,8401.859375
2023-08-14,1002.201416015625,8357.16796875
2023-08-15,1052.5211181640625,8312.4765625
2023-08-16,1056.7142333984375,8312.4765625
2023-08-18,1065.1009521484375,8267.7861328125
2023-08-21,1098.6474609375,8200.75
2023-08-22,1132.1939697265625,8312.4765625
2023-08-23,1132.1939697265625,8312.4765625
2023-08-24,1119.6142578125,8223.0947265625
2023-08-25,1086.067626953125,8290.130859375
2023-08-28,1123.8074951171875,8223.0947265625
2023-08-29,1123.8074951171875,8267.7861328125
2023-08-30,1128.0008544921875,8223.0947265625
2023-08-31,1119.6142578125,8200.75
2023-09-01,1123.8074951171875,8245.4404296875
2023-09-04,1148.96728515625,8245.4404296875
2023-09-05,1148.96728515625,8245.4404296875
2023-09-06,1203.48046875,8178.40478515625
2023-09-07,1207.6737060546875,8200.75
2023-09-08,1211.8670654296875,8156.06005859375
2023-09-11,1174.127197265625,8156.06005859375
2023-09-12,1178.3204345703125,8133.71533203125
2023-09-13,1199.2872314453125,8111.36962890625
2023-09-14,1220.2535400390625,8133.71533203125
2023-09-15,1190.9005126953125,8044.3330078125
2023-09-18,1190.9005126953125,8044.3330078125
2023-09-19,1216.060302734375,8111.36962890625
2023-09-20,1241.2200927734375,8178.40478515625
2023-09-21,1237.0267333984375,8156.06005859375
2023-09-22,1237.0267333984375,8111.36962890625
2023-09-25,1237.0267333984375,8044.3330078125
2023-09-26,1161.5472412109375,7999.642578125
2023-09-27,1203.48046875,7932.6064453125
2023-09-29,1195.09375,7887.9150390625
2023-10-02,1178.3204345703125,8111.36962890625
2023-10-03,1128.0008544921875,8223.0947265625
2023-10-04,1115.4208984375,8223.0947265625
2023-10-05,1094.4542236328125,8111.36962890625
2023-10-06,1111.2274169921875,8066.6787109375
2023-10-09,1161.5472412109375,8089.02392578125
2023-10-10,1165.7406005859375,7977.296875
2023-10-11,1157.35400390625,7977.296875
2023-10-12,1128.0008544921875,8089.02392578125
2023-10-13,1136.3873291015625,8111.36962890625
2023-10-16,1165.7406005859375,8133.71533203125
2023-10-17,1161.5472412109375,7999.642578125
2023-10-18,1190.9005126953125,7910.2607421875
2023-10-19,1182.513916015625,7820.87890625
2023-10-20,1174.127197265625,8021.9873046875
2023-10-23,1115.4208984375,7910.2607421875
2023-10-24,1115.4208984375,7843.224609375
2023-10-25,1119.6142578125,7932.6064453125
2023-10-26,1111.2274169921875,7798.53369140625
2023-10-27,1107.0341796875,7776.1884765625
2023-10-30,1065.1009521484375,7910.2607421875
2023-10-31,1073.4876708984375,7820.87890625
2023-11-01,1010.588134765625,7686.80810546875
2023-11-02,1002.201416015625,7910.2607421875
2023-11-03,1044.1343994140625,7954.951171875
2023-11-06,1060.9078369140625,8089.02392578125
2023-11-07,1035.7479248046875,8021.9873046875
2023-11-08,1023.1680297851562,8044.3330078125
2023-11-09,1027.3612060546875,8044.3330078125
2023-11-10,1039.9412841796875,7887.9150390625
2023-11-13,1039.9412841796875,7932.6064453125
2023-11-14,1039.9412841796875,7977.296875
2023-11-15,1052.5211181640625,8089.02392578125
2023-11-16,1060.9078369140625,8111.36962890625
2023-11-17,1065.1009521484375,8111.36962890625
2023-11-20,1069.2945556640625,7932.6064453125
2023-11-21,1094.4542236328125,7843.224609375
2023-11-22,1086.067626953125,7932.6064453125
2023-11-23,1069.2945556640625,7977.296875
2023-11-24,1065.1009521484375,7977.296875
2023-11-27,1069.2945556640625,7932.6064453125
2023-11-28,1081.8743896484375,7932.6064453125
2023-11-29,1081.8743896484375,7954.951171875
2023-11-30,1098.6474609375,8021.9873046875
2023-12-01,1073.4876708984375,7999.642578125
2023-12-04,1073.4876708984375,8015.35888671875
2023-12-05,1052.5211181640625,7992.90625
2023-12-06,1060.9078369140625,7903.0986328125
2023-12-07,1060.9078369140625,7925.55029296875
2023-12-08,1073.4876708984375,7858.1943359375
2023-12-11,1073.4876708984375,7858.1943359375
2023-12-12,1069.2945556640625,7813.2900390625
2023-12-13,1027.3612060546875,7790.83837890625
2023-12-14,1044.1343994140625,8127.61767578125
2023-12-15,1056.7142333984375,8284.7822265625
2023-12-18,1052.5211181640625,8262.330078125
2023-12-19,1090.2608642578125,8307.2333984375
2023-12-20,1081.8743896484375,8352.138671875
2023-12-21,1090.2608642578125,8374.58984375
2023-12-22,1086.067626953125,8374.58984375
2023-12-27,1086.067626953125,8419.494140625
2023-12-28,1081.8743896484375,8441.9462890625
2023-12-29,1081.8651123046875,8441.9462890625
