Depth,Theta_Index,Theta_Value
1,0,3.141885844124424
1,1,-0.0010779787910537564
1,2,0.0007962761994203892
1,3,0.001029167889324506
1,4,3.139438558067603
1,5,-0.0015159880127129646
1,6,0.00014717651690916708
1,7,-0.0003837399640230689
1,8,-2.184079142186378e-05
1,9,-0.0011014052512826158
1,10,0.0011408547087925476
1,11,0.0010521231512083044
1,12,8.365337372803987e-05
1,13,0.001616792093002689
1,14,0.0006786769511228848
1,15,-0.0012886060787406833
2,0,3.1419245700966996
2,1,-0.0010516381531850477
2,2,0.000792929882473595
2,3,0.0010662394934693737
2,4,3.139470311889575
2,5,-0.0015157256498261355
2,6,7.821676156620638e-05
2,7,-0.00019466487691115645
2,8,-0.00018899380620389218
2,9,0.00022563351940492295
2,10,4.5133622546344075e-05
2,11,0.00015190918162266446
2,12,-6.234432282001558e-05
2,13,-7.347008592403786e-05
2,14,-0.00017638371537487423
2,15,0.00010752640981872782
2,16,-0.0001890012327126619
2,17,-0.0011696532916022884
2,18,0.0008554833544812469
2,19,0.0010768140830030885
2,20,7.334020534791109e-06
2,21,0.0014011845575175774
2,22,0.0008620817227313509
2,23,-0.0014824543417411619
3,0,3.1419361247059254
3,1,-0.0011612510829965806
3,2,0.0007253555842728098
3,3,0.0010296637931427174
3,4,3.1396901591251876
3,5,-0.0016575628280746527
3,6,2.974800791646591e-05
3,7,-0.0001887534563888694
3,8,-0.00021885114584607615
3,9,0.0003496966601789271
3,10,9.442653868130115e-06
3,11,0.00011345900892044828
3,12,3.092440884348239e-05
3,13,0.00014387091549880506
3,14,-4.685496489292332e-06
3,15,8.645824260248581e-05
3,16,4.96199940441915e-05
3,17,-2.9268192831029012e-05
3,18,-3.741935267918486e-05
3,19,-0.00018294976149128665
3,20,0.00014904067309903676
3,21,4.043860180500849e-05
3,22,1.6234023617214986e-05
3,23,-0.0001592556083790544
3,24,-0.00017545042715661445
3,25,-0.001437609320117557
3,26,0.0007780184063288155
3,27,0.0009909844709265904
3,28,4.709472027643014e-05
3,29,0.0016738077694028396
3,30,0.000966291928141173
3,31,-0.0012693523985183711
4,0,3.1418701375665252
4,1,-0.0012276272621002564
4,2,0.0007414609248977513
4,3,0.001081404027850088
4,4,3.139527872864342
4,5,-0.0017036804828635958
4,6,4.2839321689959705e-05
4,7,-0.00011516998445619139
4,8,-0.00020884343467689412
4,9,0.0003845021524153495
4,10,-0.00013233856381300013
4,11,1.3355342162923024e-05
4,12,2.6236908029386136e-05
4,13,0.00020031574928482883
4,14,2.825628026994554e-05
4,15,-1.419860716684652e-05
4,16,2.6536813045096165e-05
4,17,0.00015473748660164703
4,18,2.7096222152802013e-05
4,19,-0.00019986782647746134
4,20,2.1887391912930578e-05
4,21,-4.3886750595637544e-05
4,22,8.808378657499564e-06
4,23,-0.00012636121206526768
4,24,6.237829286692326e-05
4,25,0.0001910873803936224
4,26,0.00012918494987589033
4,27,2.7003623075770102e-05
4,28,0.0003134181186251242
4,29,0.0001077955743234015
4,30,-0.0001561723165053135
4,31,-0.00029608938094278673
4,32,-0.00024199095097294701
4,33,-0.0013055490948038434
4,34,0.0006835998459286952
4,35,0.0011983996666434511
4,36,4.682383271046751e-05
4,37,0.0018394188250198727
4,38,0.0008665607501155858
4,39,-0.0013918869891248037
5,0,3.1417562216321593
5,1,-0.001194171975083958
5,2,0.0008451906757217113
5,3,0.0009307599543262665
5,4,3.139334404010475
5,5,-0.0017864510800868541
5,6,0.0001162473059067772
5,7,-0.00010493100442648033
5,8,-0.0002939731971091965
5,9,0.0004625975775160635
5,10,-0.0001217370671637716
5,11,9.526138525698956e-06
5,12,-0.00015427728748171134
5,13,0.00011118091912273524
5,14,0.0002643956043805422
5,15,-4.514814938475208e-05
5,16,-0.00010551684021705729
5,17,0.00010541433847069153
5,18,4.294165060011231e-05
5,19,-9.301589833049426e-05
5,20,0.00010457489262162839
5,21,-0.00012531909523057273
5,22,0.00016970209567856382
5,23,-2.9531179730768695e-05
5,24,3.587952037763432e-06
5,25,0.00017170483200111843
5,26,0.00020279258550558613
5,27,0.00016575751407071418
5,28,0.000114244218922399
5,29,0.00011556443816930139
5,30,-0.00015323649424221316
5,31,-0.00036644345854368744
5,32,-8.699419952562454e-05
5,33,0.0003108398866785712
5,34,1.158436362503681e-05
5,35,0.00012603107505607035
5,36,-0.0001948900782810258
5,37,-4.224826169025088e-05
5,38,0.00014815538561585662
5,39,3.4535702887645934e-06
5,40,-4.548504214604939e-05
5,41,-0.0012932579787478286
5,42,0.0005222045113726605
5,43,0.0010945034079321945
5,44,8.219661767842289e-05
5,45,0.0020000258395427763
5,46,0.0006443030618801131
5,47,-0.0015660870222598856
7,0,3.141439279903447
7,1,-0.001271686299573224
7,2,0.0006370996942684457
7,3,0.0008093286573082796
7,4,3.1391929826035234
7,5,-0.0017895962619332477
7,6,0.00019647214665637408
7,7,-0.0002888518701723454
7,8,-0.00040873213042798246
7,9,0.0004782805862489421
7,10,7.033726807734464e-06
7,11,-0.00015039312202208823
7,12,4.763592876993854e-05
7,13,2.5162184321128914e-06
7,14,0.00020475852830707632
7,15,-7.88378062922519e-05
7,16,-6.1018350957101106e-05
7,17,-3.0693921934082854e-05
7,18,-9.424784923629081e-05
7,19,9.443726450754503e-05
7,20,0.00035589247175326337
7,21,-0.00017932704615608003
7,22,0.00020781313839960978
7,23,-0.00018081720386252276
7,24,0.00013414870303934677
7,25,-6.546920228405784e-06
7,26,0.0004741833414240758
7,27,0.0002995314534552871
7,28,-0.00013527262559256148
7,29,-0.00017525859508562937
7,30,-0.00016934024516373757
7,31,-0.00015134907547146678
7,32,-3.180983577932217e-05
7,33,0.00019601596179064679
7,34,7.544829713108607e-05
7,35,0.000327212798449306
7,36,-0.0002100512312972687
7,37,-5.9908296830910874e-05
7,38,0.00016349770204617347
7,39,0.00013693252387615644
7,40,-0.00022842776625110465
7,41,-0.00013585496096958782
7,42,-0.0004316559384765662
7,43,-0.0002731218608662271
7,44,-8.570834083050157e-05
7,45,0.000257566786371934
7,46,0.00017023534320318196
7,47,-0.00022678091327464544
7,48,-0.0002014444078526165
7,49,0.0001475909335534387
7,50,0.00029314221528071
7,51,9.56953607303287e-05
7,52,0.00011612463504239309
7,53,-0.00024662265161255433
7,54,0.00011376256456720067
7,55,0.000135541071338382
7,56,-7.717374920039834e-05
7,57,-0.0010220579690732238
7,58,0.00043168830886727134
7,59,0.001007523784130374
7,60,0.00013370048132222955
7,61,0.0023616211380507704
7,62,0.0005744350329377282
7,63,-0.0014267328928698605
8,0,3.1416173021204337
8,1,-0.0011338435373853875
8,2,0.0007080485072797561
8,3,0.0007663859404817485
8,4,3.1392539948489024
8,5,-0.0019745261232532625
8,6,2.2011029817684996e-05
8,7,-3.204079313589431e-05
8,8,-0.0005406971228588805
8,9,0.0004454212348178514
8,10,2.196039537755708e-05
8,11,-0.00011655204446249939
8,12,6.0716000373436206e-05
8,13,-3.720213015709035e-05
8,14,0.00019753444153862657
8,15,4.1122317464303804e-05
8,16,1.0441869640461518e-05
8,17,4.193276225438395e-05
8,18,-0.0003145528562614194
8,19,0.0001532457053869005
8,20,0.00036428683336187296
8,21,-0.00025866204137583684
8,22,0.0004239656920872008
8,23,-0.0003495792667329365
8,24,0.00012817170993345672
8,25,0.000136440577663341
8,26,0.0004815900347920908
8,27,6.858514657867102e-05
8,28,3.806517526979772e-05
8,29,-0.00038162677863602245
8,30,-0.00030524488338960786
8,31,-3.279946013152726e-05
8,32,-0.00015247381615734006
8,33,0.0001668199535231864
8,34,-3.22415167262336e-05
8,35,0.00033652938879424215
8,36,-6.567833896152672e-05
8,37,-0.00025622458289213223
8,38,0.00019283092484842737
8,39,-8.654442714126556e-05
8,40,4.5216767445882785e-05
8,41,-0.00025808346786153
8,42,-0.0003497539800504659
8,43,-0.00023397992788433546
8,44,-7.372405724970492e-05
8,45,0.00019425119140298804
8,46,-7.3870888717515706e-06
8,47,-3.344315509363047e-05
8,48,-0.00032422260993463414
8,49,0.000126527873734935
8,50,0.0002457707587276611
8,51,0.00022066794893053218
8,52,0.00042932050825293563
8,53,-0.00034851110814102974
8,54,0.00012980813644436855
8,55,0.00028173623606425326
8,56,0.00023060562147622765
8,57,-4.347070902450866e-05
8,58,7.414694400834033e-05
8,59,0.00018743323041498414
8,60,-0.00023331750825393
8,61,0.00019346006062673902
8,62,-0.0001195261949086118
8,63,-0.00014737655964045586
8,64,-8.713073401191088e-05
8,65,-0.0011117205565789308
8,66,0.0004715438036174227
8,67,0.0009463783042162978
8,68,0.0002778842614112454
8,69,0.0022467516132429776
8,70,0.00041518600817164896
8,71,-0.0014056706284174894
6,0,3.141530662569517
6,1,-0.0012021617857621988
6,2,0.0007534731330148291
6,3,0.0009420551392398549
6,4,3.1393293056114633
6,5,-0.001888381297011871
6,6,0.0003301023735674693
6,7,-0.00010169226614726264
6,8,-0.0003629123002946094
6,9,0.0004697885860825703
6,10,-7.111968714751889e-05
6,11,-5.712409099625611e-05
6,12,0.00010647877726021785
6,13,-5.314368000373537e-05
6,14,9.107131816961771e-05
6,15,-0.00022440216855320843
6,16,-0.00010480523354064504
6,17,0.00016008825959631394
6,18,4.648005815211107e-06
6,19,-3.466723491189701e-05
6,20,0.0001575173077476146
6,21,-0.00016313059421674045
6,22,0.00021175704894373757
6,23,-5.4063146826404226e-05
6,24,-3.333877893863358e-05
6,25,0.00011080795501187054
6,26,0.00021913688363475799
6,27,0.00032263657567192675
6,28,-3.2589745757278626e-05
6,29,5.705869057550957e-05
6,30,-0.00013564849328080576
6,31,-0.0001452315726830367
6,32,-2.0692595350283955e-05
6,33,0.00019906429981027043
6,34,-0.00010576028416232558
6,35,0.00025113789147837443
6,36,-0.00023596778177529
6,37,-0.00020483535590402492
6,38,0.00028015302098881594
6,39,4.594051243471021e-05
6,40,-0.0003091005865888195
6,41,-0.00031975069188657293
6,42,-0.00023719502635659298
6,43,-0.00013353143821415173
6,44,1.8966616391666503e-05
6,45,0.00019187610437345273
6,46,0.0001434672777745751
6,47,-0.00031104496039101304
6,48,-8.366673008346293e-05
6,49,-0.0010798237599758146
6,50,0.0004472955636697753
6,51,0.0012023129536843469
6,52,0.0001705484939293751
6,53,0.0021236666110205473
6,54,0.0006964858077170132
6,55,-0.0014581186273647823
